2025-03-25T00:11:17.269+05:30  INFO 48331 --- [Address Book] [org.springframework.amqp.rabbit.RabbitListenerEndpointContainer#0-2] o.s.a.r.l.SimpleMessageListenerContainer : Waiting for workers to finish.
2025-03-25T00:11:18.068+05:30  INFO 48331 --- [Address Book] [org.springframework.amqp.rabbit.RabbitListenerEndpointContainer#0-2] o.s.a.r.l.SimpleMessageListenerContainer : Successfully waited for workers to finish.
2025-03-25T00:11:18.073+05:30  INFO 48331 --- [Address Book] [SpringApplicationShutdownHook] o.s.b.w.e.tomcat.GracefulShutdown        : Commencing graceful shutdown. Waiting for active requests to complete
2025-03-25T00:11:18.080+05:30  INFO 48331 --- [Address Book] [tomcat-shutdown] o.s.b.w.e.tomcat.GracefulShutdown        : Graceful shutdown complete
2025-03-25T00:11:18.226+05:30  INFO 48331 --- [Address Book] [SpringApplicationShutdownHook] j.LocalContainerEntityManagerFactoryBean : Closing JPA EntityManagerFactory for persistence unit 'default'
2025-03-25T00:11:18.231+05:30  INFO 48331 --- [Address Book] [SpringApplicationShutdownHook] com.zaxxer.hikari.HikariDataSource       : HikariPool-1 - Shutdown initiated...
2025-03-25T00:11:18.238+05:30  INFO 48331 --- [Address Book] [SpringApplicationShutdownHook] com.zaxxer.hikari.HikariDataSource       : HikariPool-1 - Shutdown completed.
2025-03-25T10:45:14.714+05:30  INFO 8055 --- [Address Book] [restartedMain] c.e.addressbook.AddressBookApplication   : Starting AddressBookApplication using Java 17.0.9 with PID 8055 (/Users/samikshathakur/Documents/Capgemini/BL_SpringAddressBookApp/target/classes started by samikshathakur in /Users/samikshathakur/Documents/Capgemini/BL_SpringAddressBookApp)
2025-03-25T10:45:14.715+05:30 DEBUG 8055 --- [Address Book] [restartedMain] c.e.addressbook.AddressBookApplication   : Running with Spring Boot v3.5.0-SNAPSHOT, Spring v6.2.5
2025-03-25T10:45:14.716+05:30  INFO 8055 --- [Address Book] [restartedMain] c.e.addressbook.AddressBookApplication   : No active profile set, falling back to 1 default profile: "default"
2025-03-25T10:45:14.752+05:30  INFO 8055 --- [Address Book] [restartedMain] .e.DevToolsPropertyDefaultsPostProcessor : Devtools property defaults active! Set 'spring.devtools.add-properties' to 'false' to disable
2025-03-25T10:45:14.752+05:30  INFO 8055 --- [Address Book] [restartedMain] .e.DevToolsPropertyDefaultsPostProcessor : For additional web related logging consider setting the 'logging.level.web' property to 'DEBUG'
2025-03-25T10:45:15.208+05:30  INFO 8055 --- [Address Book] [restartedMain] .s.d.r.c.RepositoryConfigurationDelegate : Bootstrapping Spring Data JPA repositories in DEFAULT mode.
2025-03-25T10:45:15.271+05:30  INFO 8055 --- [Address Book] [restartedMain] .s.d.r.c.RepositoryConfigurationDelegate : Finished Spring Data repository scanning in 54 ms. Found 2 JPA repository interfaces.
2025-03-25T10:45:16.265+05:30  INFO 8055 --- [Address Book] [restartedMain] o.s.b.w.embedded.tomcat.TomcatWebServer  : Tomcat initialized with port 8080 (http)
2025-03-25T10:45:16.274+05:30  INFO 8055 --- [Address Book] [restartedMain] o.apache.catalina.core.StandardService   : Starting service [Tomcat]
2025-03-25T10:45:16.274+05:30  INFO 8055 --- [Address Book] [restartedMain] o.apache.catalina.core.StandardEngine    : Starting Servlet engine: [Apache Tomcat/10.1.39]
2025-03-25T10:45:16.294+05:30  INFO 8055 --- [Address Book] [restartedMain] o.a.c.c.C.[Tomcat].[localhost].[/]       : Initializing Spring embedded WebApplicationContext
2025-03-25T10:45:16.295+05:30  INFO 8055 --- [Address Book] [restartedMain] w.s.c.ServletWebServerApplicationContext : Root WebApplicationContext: initialization completed in 1542 ms
2025-03-25T10:45:16.472+05:30  INFO 8055 --- [Address Book] [restartedMain] o.hibernate.jpa.internal.util.LogHelper  : HHH000204: Processing PersistenceUnitInfo [name: default]
2025-03-25T10:45:16.526+05:30  INFO 8055 --- [Address Book] [restartedMain] org.hibernate.Version                    : HHH000412: Hibernate ORM core version 6.6.11.Final
2025-03-25T10:45:16.545+05:30  INFO 8055 --- [Address Book] [restartedMain] o.h.c.internal.RegionFactoryInitiator    : HHH000026: Second-level cache disabled
2025-03-25T10:45:16.700+05:30  INFO 8055 --- [Address Book] [restartedMain] o.s.o.j.p.SpringPersistenceUnitInfo      : No LoadTimeWeaver setup: ignoring JPA class transformer
2025-03-25T10:45:16.720+05:30  INFO 8055 --- [Address Book] [restartedMain] com.zaxxer.hikari.HikariDataSource       : HikariPool-1 - Starting...
2025-03-25T10:45:17.016+05:30  INFO 8055 --- [Address Book] [restartedMain] com.zaxxer.hikari.pool.HikariPool        : HikariPool-1 - Added connection com.mysql.cj.jdbc.ConnectionImpl@51840921
2025-03-25T10:45:17.017+05:30  INFO 8055 --- [Address Book] [restartedMain] com.zaxxer.hikari.HikariDataSource       : HikariPool-1 - Start completed.
2025-03-25T10:45:17.082+05:30  WARN 8055 --- [Address Book] [restartedMain] org.hibernate.orm.deprecation            : HHH90000025: MySQL8Dialect does not need to be specified explicitly using 'hibernate.dialect' (remove the property setting and it will be selected by default)
2025-03-25T10:45:17.082+05:30  WARN 8055 --- [Address Book] [restartedMain] org.hibernate.orm.deprecation            : HHH90000026: MySQL8Dialect has been deprecated; use org.hibernate.dialect.MySQLDialect instead
2025-03-25T10:45:17.090+05:30  INFO 8055 --- [Address Book] [restartedMain] org.hibernate.orm.connections.pooling    : HHH10001005: Database info:
	Database JDBC URL [Connecting through datasource 'HikariDataSource (HikariPool-1)']
	Database driver: undefined/unknown
	Database version: 8.0
	Autocommit mode: undefined/unknown
	Isolation level: undefined/unknown
	Minimum pool size: undefined/unknown
	Maximum pool size: undefined/unknown
2025-03-25T10:45:17.586+05:30  INFO 8055 --- [Address Book] [restartedMain] o.h.e.t.j.p.i.JtaPlatformInitiator       : HHH000489: No JTA platform available (set 'hibernate.transaction.jta.platform' to enable JTA platform integration)
2025-03-25T10:45:17.720+05:30  INFO 8055 --- [Address Book] [restartedMain] j.LocalContainerEntityManagerFactoryBean : Initialized JPA EntityManagerFactory for persistence unit 'default'
2025-03-25T10:45:17.922+05:30 DEBUG 8055 --- [Address Book] [restartedMain] c.e.a.security.JwtAuthenticationFilter   : Filter 'jwtAuthenticationFilter' configured for use
2025-03-25T10:45:17.948+05:30  WARN 8055 --- [Address Book] [restartedMain] r$InitializeUserDetailsManagerConfigurer : Found 2 UserDetailsService beans, with names [customUserDetailsService, userDetailsService]. Global Authentication Manager will not use a UserDetailsService for username/password login. Consider publishing a single UserDetailsService bean.
2025-03-25T10:45:17.948+05:30 DEBUG 8055 --- [Address Book] [restartedMain] swordEncoderAuthenticationManagerBuilder : No authenticationProviders and no parentAuthenticationManager defined. Returning null.
2025-03-25T10:45:17.983+05:30  WARN 8055 --- [Address Book] [restartedMain] JpaBaseConfiguration$JpaWebConfiguration : spring.jpa.open-in-view is enabled by default. Therefore, database queries may be performed during view rendering. Explicitly configure spring.jpa.open-in-view to disable this warning
2025-03-25T10:45:18.235+05:30  INFO 8055 --- [Address Book] [restartedMain] o.s.b.a.e.web.EndpointLinksResolver      : Exposing 1 endpoint beneath base path '/actuator'
2025-03-25T10:45:18.268+05:30 DEBUG 8055 --- [Address Book] [restartedMain] o.s.s.web.DefaultSecurityFilterChain     : Will secure any request with filters: DisableEncodeUrlFilter, WebAsyncManagerIntegrationFilter, SecurityContextHolderFilter, HeaderWriterFilter, CorsFilter, LogoutFilter, JwtAuthenticationFilter, RequestCacheAwareFilter, SecurityContextHolderAwareRequestFilter, AnonymousAuthenticationFilter, SessionManagementFilter, ExceptionTranslationFilter, AuthorizationFilter
2025-03-25T10:45:18.460+05:30  INFO 8055 --- [Address Book] [restartedMain] o.s.b.d.a.OptionalLiveReloadServer       : LiveReload server is running on port 35729
2025-03-25T10:45:18.504+05:30  INFO 8055 --- [Address Book] [restartedMain] o.s.b.w.embedded.tomcat.TomcatWebServer  : Tomcat started on port 8080 (http) with context path '/'
2025-03-25T10:45:18.518+05:30  INFO 8055 --- [Address Book] [restartedMain] c.e.addressbook.AddressBookApplication   : Started AddressBookApplication in 4.121 seconds (process running for 4.561)
2025-03-25T10:46:06.870+05:30  INFO 8055 --- [Address Book] [http-nio-8080-exec-1] o.a.c.c.C.[Tomcat].[localhost].[/]       : Initializing Spring DispatcherServlet 'dispatcherServlet'
2025-03-25T10:46:06.871+05:30  INFO 8055 --- [Address Book] [http-nio-8080-exec-1] o.s.web.servlet.DispatcherServlet        : Initializing Servlet 'dispatcherServlet'
2025-03-25T10:46:06.873+05:30  INFO 8055 --- [Address Book] [http-nio-8080-exec-1] o.s.web.servlet.DispatcherServlet        : Completed initialization in 2 ms
2025-03-25T10:46:06.892+05:30 DEBUG 8055 --- [Address Book] [http-nio-8080-exec-1] o.s.security.web.FilterChainProxy        : Securing GET /api/addressbook
2025-03-25T10:46:06.909+05:30 ERROR 8055 --- [Address Book] [http-nio-8080-exec-1] o.a.c.c.C.[.[.[/].[dispatcherServlet]    : Servlet.service() for servlet [dispatcherServlet] in context with path [] threw exception

java.lang.IllegalArgumentException: When allowCredentials is true, allowedOrigins cannot contain the special value "*" since that cannot be set on the "Access-Control-Allow-Origin" response header. To allow credentials to a set of origins, list them explicitly or consider using "allowedOriginPatterns" instead.
	at org.springframework.web.cors.CorsConfiguration.validateAllowCredentials(CorsConfiguration.java:568) ~[spring-web-6.2.5.jar:6.2.5]
	at org.springframework.web.cors.CorsConfiguration.checkOrigin(CorsConfiguration.java:695) ~[spring-web-6.2.5.jar:6.2.5]
	at org.springframework.web.cors.DefaultCorsProcessor.checkOrigin(DefaultCorsProcessor.java:197) ~[spring-web-6.2.5.jar:6.2.5]
	at org.springframework.web.cors.DefaultCorsProcessor.handleInternal(DefaultCorsProcessor.java:134) ~[spring-web-6.2.5.jar:6.2.5]
	at org.springframework.web.cors.DefaultCorsProcessor.processRequest(DefaultCorsProcessor.java:113) ~[spring-web-6.2.5.jar:6.2.5]
	at org.springframework.web.filter.CorsFilter.doFilterInternal(CorsFilter.java:87) ~[spring-web-6.2.5.jar:6.2.5]
	at org.springframework.web.filter.OncePerRequestFilter.doFilter(OncePerRequestFilter.java:116) ~[spring-web-6.2.5.jar:6.2.5]
	at org.springframework.security.web.ObservationFilterChainDecorator$ObservationFilter.wrapFilter(ObservationFilterChainDecorator.java:240) ~[spring-security-web-6.5.0-M3.jar:6.5.0-M3]
	at org.springframework.security.web.ObservationFilterChainDecorator$ObservationFilter.doFilter(ObservationFilterChainDecorator.java:227) ~[spring-security-web-6.5.0-M3.jar:6.5.0-M3]
	at org.springframework.security.web.ObservationFilterChainDecorator$VirtualFilterChain.doFilter(ObservationFilterChainDecorator.java:137) ~[spring-security-web-6.5.0-M3.jar:6.5.0-M3]
	at org.springframework.security.web.header.HeaderWriterFilter.doHeadersAfter(HeaderWriterFilter.java:90) ~[spring-security-web-6.5.0-M3.jar:6.5.0-M3]
	at org.springframework.security.web.header.HeaderWriterFilter.doFilterInternal(HeaderWriterFilter.java:75) ~[spring-security-web-6.5.0-M3.jar:6.5.0-M3]
	at org.springframework.web.filter.OncePerRequestFilter.doFilter(OncePerRequestFilter.java:116) ~[spring-web-6.2.5.jar:6.2.5]
	at org.springframework.security.web.ObservationFilterChainDecorator$ObservationFilter.wrapFilter(ObservationFilterChainDecorator.java:240) ~[spring-security-web-6.5.0-M3.jar:6.5.0-M3]
	at org.springframework.security.web.ObservationFilterChainDecorator$ObservationFilter.doFilter(ObservationFilterChainDecorator.java:227) ~[spring-security-web-6.5.0-M3.jar:6.5.0-M3]
	at org.springframework.security.web.ObservationFilterChainDecorator$VirtualFilterChain.doFilter(ObservationFilterChainDecorator.java:137) ~[spring-security-web-6.5.0-M3.jar:6.5.0-M3]
	at org.springframework.security.web.context.SecurityContextHolderFilter.doFilter(SecurityContextHolderFilter.java:82) ~[spring-security-web-6.5.0-M3.jar:6.5.0-M3]
	at org.springframework.security.web.context.SecurityContextHolderFilter.doFilter(SecurityContextHolderFilter.java:69) ~[spring-security-web-6.5.0-M3.jar:6.5.0-M3]
	at org.springframework.security.web.ObservationFilterChainDecorator$ObservationFilter.wrapFilter(ObservationFilterChainDecorator.java:240) ~[spring-security-web-6.5.0-M3.jar:6.5.0-M3]
	at org.springframework.security.web.ObservationFilterChainDecorator$ObservationFilter.doFilter(ObservationFilterChainDecorator.java:227) ~[spring-security-web-6.5.0-M3.jar:6.5.0-M3]
	at org.springframework.security.web.ObservationFilterChainDecorator$VirtualFilterChain.doFilter(ObservationFilterChainDecorator.java:137) ~[spring-security-web-6.5.0-M3.jar:6.5.0-M3]
	at org.springframework.security.web.context.request.async.WebAsyncManagerIntegrationFilter.doFilterInternal(WebAsyncManagerIntegrationFilter.java:62) ~[spring-security-web-6.5.0-M3.jar:6.5.0-M3]
	at org.springframework.web.filter.OncePerRequestFilter.doFilter(OncePerRequestFilter.java:116) ~[spring-web-6.2.5.jar:6.2.5]
	at org.springframework.security.web.ObservationFilterChainDecorator$ObservationFilter.wrapFilter(ObservationFilterChainDecorator.java:240) ~[spring-security-web-6.5.0-M3.jar:6.5.0-M3]
	at org.springframework.security.web.ObservationFilterChainDecorator$ObservationFilter.doFilter(ObservationFilterChainDecorator.java:227) ~[spring-security-web-6.5.0-M3.jar:6.5.0-M3]
	at org.springframework.security.web.ObservationFilterChainDecorator$VirtualFilterChain.doFilter(ObservationFilterChainDecorator.java:137) ~[spring-security-web-6.5.0-M3.jar:6.5.0-M3]
	at org.springframework.security.web.session.DisableEncodeUrlFilter.doFilterInternal(DisableEncodeUrlFilter.java:42) ~[spring-security-web-6.5.0-M3.jar:6.5.0-M3]
	at org.springframework.web.filter.OncePerRequestFilter.doFilter(OncePerRequestFilter.java:116) ~[spring-web-6.2.5.jar:6.2.5]
	at org.springframework.security.web.ObservationFilterChainDecorator$ObservationFilter.wrapFilter(ObservationFilterChainDecorator.java:240) ~[spring-security-web-6.5.0-M3.jar:6.5.0-M3]
	at org.springframework.security.web.ObservationFilterChainDecorator$AroundFilterObservation$SimpleAroundFilterObservation.lambda$wrap$0(ObservationFilterChainDecorator.java:323) ~[spring-security-web-6.5.0-M3.jar:6.5.0-M3]
	at org.springframework.security.web.ObservationFilterChainDecorator$ObservationFilter.doFilter(ObservationFilterChainDecorator.java:224) ~[spring-security-web-6.5.0-M3.jar:6.5.0-M3]
	at org.springframework.security.web.ObservationFilterChainDecorator$VirtualFilterChain.doFilter(ObservationFilterChainDecorator.java:137) ~[spring-security-web-6.5.0-M3.jar:6.5.0-M3]
	at org.springframework.security.web.FilterChainProxy.lambda$doFilterInternal$4(FilterChainProxy.java:237) ~[spring-security-web-6.5.0-M3.jar:6.5.0-M3]
	at org.springframework.web.filter.ServletRequestPathFilter.doFilter(ServletRequestPathFilter.java:52) ~[spring-web-6.2.5.jar:6.2.5]
	at org.springframework.security.web.FilterChainProxy.doFilterInternal(FilterChainProxy.java:216) ~[spring-security-web-6.5.0-M3.jar:6.5.0-M3]
	at org.springframework.security.web.FilterChainProxy.doFilter(FilterChainProxy.java:194) ~[spring-security-web-6.5.0-M3.jar:6.5.0-M3]
	at org.springframework.web.filter.CompositeFilter$VirtualFilterChain.doFilter(CompositeFilter.java:113) ~[spring-web-6.2.5.jar:6.2.5]
	at org.springframework.web.servlet.handler.HandlerMappingIntrospector.lambda$createCacheFilter$3(HandlerMappingIntrospector.java:243) ~[spring-webmvc-6.2.5.jar:6.2.5]
	at org.springframework.web.filter.CompositeFilter$VirtualFilterChain.doFilter(CompositeFilter.java:113) ~[spring-web-6.2.5.jar:6.2.5]
	at org.springframework.web.filter.CompositeFilter.doFilter(CompositeFilter.java:74) ~[spring-web-6.2.5.jar:6.2.5]
	at org.springframework.security.config.annotation.web.configuration.WebMvcSecurityConfiguration$CompositeFilterChainProxy.doFilter(WebMvcSecurityConfiguration.java:238) ~[spring-security-config-6.5.0-M3.jar:6.5.0-M3]
	at org.springframework.web.filter.DelegatingFilterProxy.invokeDelegate(DelegatingFilterProxy.java:362) ~[spring-web-6.2.5.jar:6.2.5]
	at org.springframework.web.filter.DelegatingFilterProxy.doFilter(DelegatingFilterProxy.java:278) ~[spring-web-6.2.5.jar:6.2.5]
	at org.apache.catalina.core.ApplicationFilterChain.internalDoFilter(ApplicationFilterChain.java:164) ~[tomcat-embed-core-10.1.39.jar:10.1.39]
	at org.apache.catalina.core.ApplicationFilterChain.doFilter(ApplicationFilterChain.java:140) ~[tomcat-embed-core-10.1.39.jar:10.1.39]
	at org.springframework.web.filter.RequestContextFilter.doFilterInternal(RequestContextFilter.java:100) ~[spring-web-6.2.5.jar:6.2.5]
	at org.springframework.web.filter.OncePerRequestFilter.doFilter(OncePerRequestFilter.java:116) ~[spring-web-6.2.5.jar:6.2.5]
	at org.apache.catalina.core.ApplicationFilterChain.internalDoFilter(ApplicationFilterChain.java:164) ~[tomcat-embed-core-10.1.39.jar:10.1.39]
	at org.apache.catalina.core.ApplicationFilterChain.doFilter(ApplicationFilterChain.java:140) ~[tomcat-embed-core-10.1.39.jar:10.1.39]
	at org.springframework.web.filter.FormContentFilter.doFilterInternal(FormContentFilter.java:93) ~[spring-web-6.2.5.jar:6.2.5]
	at org.springframework.web.filter.OncePerRequestFilter.doFilter(OncePerRequestFilter.java:116) ~[spring-web-6.2.5.jar:6.2.5]
	at org.apache.catalina.core.ApplicationFilterChain.internalDoFilter(ApplicationFilterChain.java:164) ~[tomcat-embed-core-10.1.39.jar:10.1.39]
	at org.apache.catalina.core.ApplicationFilterChain.doFilter(ApplicationFilterChain.java:140) ~[tomcat-embed-core-10.1.39.jar:10.1.39]
	at org.springframework.web.filter.ServerHttpObservationFilter.doFilterInternal(ServerHttpObservationFilter.java:114) ~[spring-web-6.2.5.jar:6.2.5]
	at org.springframework.web.filter.OncePerRequestFilter.doFilter(OncePerRequestFilter.java:116) ~[spring-web-6.2.5.jar:6.2.5]
	at org.apache.catalina.core.ApplicationFilterChain.internalDoFilter(ApplicationFilterChain.java:164) ~[tomcat-embed-core-10.1.39.jar:10.1.39]
	at org.apache.catalina.core.ApplicationFilterChain.doFilter(ApplicationFilterChain.java:140) ~[tomcat-embed-core-10.1.39.jar:10.1.39]
	at org.springframework.web.filter.CharacterEncodingFilter.doFilterInternal(CharacterEncodingFilter.java:201) ~[spring-web-6.2.5.jar:6.2.5]
	at org.springframework.web.filter.OncePerRequestFilter.doFilter(OncePerRequestFilter.java:116) ~[spring-web-6.2.5.jar:6.2.5]
	at org.apache.catalina.core.ApplicationFilterChain.internalDoFilter(ApplicationFilterChain.java:164) ~[tomcat-embed-core-10.1.39.jar:10.1.39]
	at org.apache.catalina.core.ApplicationFilterChain.doFilter(ApplicationFilterChain.java:140) ~[tomcat-embed-core-10.1.39.jar:10.1.39]
	at org.apache.catalina.core.StandardWrapperValve.invoke(StandardWrapperValve.java:167) ~[tomcat-embed-core-10.1.39.jar:10.1.39]
	at org.apache.catalina.core.StandardContextValve.invoke(StandardContextValve.java:90) ~[tomcat-embed-core-10.1.39.jar:10.1.39]
	at org.apache.catalina.authenticator.AuthenticatorBase.invoke(AuthenticatorBase.java:483) ~[tomcat-embed-core-10.1.39.jar:10.1.39]
	at org.apache.catalina.core.StandardHostValve.invoke(StandardHostValve.java:115) ~[tomcat-embed-core-10.1.39.jar:10.1.39]
	at org.apache.catalina.valves.ErrorReportValve.invoke(ErrorReportValve.java:93) ~[tomcat-embed-core-10.1.39.jar:10.1.39]
	at org.apache.catalina.core.StandardEngineValve.invoke(StandardEngineValve.java:74) ~[tomcat-embed-core-10.1.39.jar:10.1.39]
	at org.apache.catalina.connector.CoyoteAdapter.service(CoyoteAdapter.java:344) ~[tomcat-embed-core-10.1.39.jar:10.1.39]
	at org.apache.coyote.http11.Http11Processor.service(Http11Processor.java:397) ~[tomcat-embed-core-10.1.39.jar:10.1.39]
	at org.apache.coyote.AbstractProcessorLight.process(AbstractProcessorLight.java:63) ~[tomcat-embed-core-10.1.39.jar:10.1.39]
	at org.apache.coyote.AbstractProtocol$ConnectionHandler.process(AbstractProtocol.java:905) ~[tomcat-embed-core-10.1.39.jar:10.1.39]
	at org.apache.tomcat.util.net.NioEndpoint$SocketProcessor.doRun(NioEndpoint.java:1743) ~[tomcat-embed-core-10.1.39.jar:10.1.39]
	at org.apache.tomcat.util.net.SocketProcessorBase.run(SocketProcessorBase.java:52) ~[tomcat-embed-core-10.1.39.jar:10.1.39]
	at org.apache.tomcat.util.threads.ThreadPoolExecutor.runWorker(ThreadPoolExecutor.java:1190) ~[tomcat-embed-core-10.1.39.jar:10.1.39]
	at org.apache.tomcat.util.threads.ThreadPoolExecutor$Worker.run(ThreadPoolExecutor.java:659) ~[tomcat-embed-core-10.1.39.jar:10.1.39]
	at org.apache.tomcat.util.threads.TaskThread$WrappingRunnable.run(TaskThread.java:63) ~[tomcat-embed-core-10.1.39.jar:10.1.39]
	at java.base/java.lang.Thread.run(Thread.java:842) ~[na:na]

2025-03-25T10:46:06.917+05:30 DEBUG 8055 --- [Address Book] [http-nio-8080-exec-1] o.s.security.web.FilterChainProxy        : Securing GET /error
2025-03-25T10:46:06.919+05:30 DEBUG 8055 --- [Address Book] [http-nio-8080-exec-1] o.s.s.w.a.AnonymousAuthenticationFilter  : Set SecurityContextHolder to anonymous SecurityContext
2025-03-25T10:46:06.924+05:30 DEBUG 8055 --- [Address Book] [http-nio-8080-exec-1] o.s.s.w.a.Http403ForbiddenEntryPoint     : Pre-authenticated entry point called. Rejecting access
2025-03-25T10:46:28.385+05:30 DEBUG 8055 --- [Address Book] [http-nio-8080-exec-3] o.s.security.web.FilterChainProxy        : Securing OPTIONS /api/addressbook
2025-03-25T10:46:28.390+05:30 ERROR 8055 --- [Address Book] [http-nio-8080-exec-3] o.a.c.c.C.[.[.[/].[dispatcherServlet]    : Servlet.service() for servlet [dispatcherServlet] in context with path [] threw exception

java.lang.IllegalArgumentException: When allowCredentials is true, allowedOrigins cannot contain the special value "*" since that cannot be set on the "Access-Control-Allow-Origin" response header. To allow credentials to a set of origins, list them explicitly or consider using "allowedOriginPatterns" instead.
	at org.springframework.web.cors.CorsConfiguration.validateAllowCredentials(CorsConfiguration.java:568) ~[spring-web-6.2.5.jar:6.2.5]
	at org.springframework.web.cors.CorsConfiguration.checkOrigin(CorsConfiguration.java:695) ~[spring-web-6.2.5.jar:6.2.5]
	at org.springframework.web.cors.DefaultCorsProcessor.checkOrigin(DefaultCorsProcessor.java:197) ~[spring-web-6.2.5.jar:6.2.5]
	at org.springframework.web.cors.DefaultCorsProcessor.handleInternal(DefaultCorsProcessor.java:134) ~[spring-web-6.2.5.jar:6.2.5]
	at org.springframework.web.cors.DefaultCorsProcessor.processRequest(DefaultCorsProcessor.java:113) ~[spring-web-6.2.5.jar:6.2.5]
	at org.springframework.web.filter.CorsFilter.doFilterInternal(CorsFilter.java:87) ~[spring-web-6.2.5.jar:6.2.5]
	at org.springframework.web.filter.OncePerRequestFilter.doFilter(OncePerRequestFilter.java:116) ~[spring-web-6.2.5.jar:6.2.5]
	at org.springframework.security.web.ObservationFilterChainDecorator$ObservationFilter.wrapFilter(ObservationFilterChainDecorator.java:240) ~[spring-security-web-6.5.0-M3.jar:6.5.0-M3]
	at org.springframework.security.web.ObservationFilterChainDecorator$ObservationFilter.doFilter(ObservationFilterChainDecorator.java:227) ~[spring-security-web-6.5.0-M3.jar:6.5.0-M3]
	at org.springframework.security.web.ObservationFilterChainDecorator$VirtualFilterChain.doFilter(ObservationFilterChainDecorator.java:137) ~[spring-security-web-6.5.0-M3.jar:6.5.0-M3]
	at org.springframework.security.web.header.HeaderWriterFilter.doHeadersAfter(HeaderWriterFilter.java:90) ~[spring-security-web-6.5.0-M3.jar:6.5.0-M3]
	at org.springframework.security.web.header.HeaderWriterFilter.doFilterInternal(HeaderWriterFilter.java:75) ~[spring-security-web-6.5.0-M3.jar:6.5.0-M3]
	at org.springframework.web.filter.OncePerRequestFilter.doFilter(OncePerRequestFilter.java:116) ~[spring-web-6.2.5.jar:6.2.5]
	at org.springframework.security.web.ObservationFilterChainDecorator$ObservationFilter.wrapFilter(ObservationFilterChainDecorator.java:240) ~[spring-security-web-6.5.0-M3.jar:6.5.0-M3]
	at org.springframework.security.web.ObservationFilterChainDecorator$ObservationFilter.doFilter(ObservationFilterChainDecorator.java:227) ~[spring-security-web-6.5.0-M3.jar:6.5.0-M3]
	at org.springframework.security.web.ObservationFilterChainDecorator$VirtualFilterChain.doFilter(ObservationFilterChainDecorator.java:137) ~[spring-security-web-6.5.0-M3.jar:6.5.0-M3]
	at org.springframework.security.web.context.SecurityContextHolderFilter.doFilter(SecurityContextHolderFilter.java:82) ~[spring-security-web-6.5.0-M3.jar:6.5.0-M3]
	at org.springframework.security.web.context.SecurityContextHolderFilter.doFilter(SecurityContextHolderFilter.java:69) ~[spring-security-web-6.5.0-M3.jar:6.5.0-M3]
	at org.springframework.security.web.ObservationFilterChainDecorator$ObservationFilter.wrapFilter(ObservationFilterChainDecorator.java:240) ~[spring-security-web-6.5.0-M3.jar:6.5.0-M3]
	at org.springframework.security.web.ObservationFilterChainDecorator$ObservationFilter.doFilter(ObservationFilterChainDecorator.java:227) ~[spring-security-web-6.5.0-M3.jar:6.5.0-M3]
	at org.springframework.security.web.ObservationFilterChainDecorator$VirtualFilterChain.doFilter(ObservationFilterChainDecorator.java:137) ~[spring-security-web-6.5.0-M3.jar:6.5.0-M3]
	at org.springframework.security.web.context.request.async.WebAsyncManagerIntegrationFilter.doFilterInternal(WebAsyncManagerIntegrationFilter.java:62) ~[spring-security-web-6.5.0-M3.jar:6.5.0-M3]
	at org.springframework.web.filter.OncePerRequestFilter.doFilter(OncePerRequestFilter.java:116) ~[spring-web-6.2.5.jar:6.2.5]
	at org.springframework.security.web.ObservationFilterChainDecorator$ObservationFilter.wrapFilter(ObservationFilterChainDecorator.java:240) ~[spring-security-web-6.5.0-M3.jar:6.5.0-M3]
	at org.springframework.security.web.ObservationFilterChainDecorator$ObservationFilter.doFilter(ObservationFilterChainDecorator.java:227) ~[spring-security-web-6.5.0-M3.jar:6.5.0-M3]
	at org.springframework.security.web.ObservationFilterChainDecorator$VirtualFilterChain.doFilter(ObservationFilterChainDecorator.java:137) ~[spring-security-web-6.5.0-M3.jar:6.5.0-M3]
	at org.springframework.security.web.session.DisableEncodeUrlFilter.doFilterInternal(DisableEncodeUrlFilter.java:42) ~[spring-security-web-6.5.0-M3.jar:6.5.0-M3]
	at org.springframework.web.filter.OncePerRequestFilter.doFilter(OncePerRequestFilter.java:116) ~[spring-web-6.2.5.jar:6.2.5]
	at org.springframework.security.web.ObservationFilterChainDecorator$ObservationFilter.wrapFilter(ObservationFilterChainDecorator.java:240) ~[spring-security-web-6.5.0-M3.jar:6.5.0-M3]
	at org.springframework.security.web.ObservationFilterChainDecorator$AroundFilterObservation$SimpleAroundFilterObservation.lambda$wrap$0(ObservationFilterChainDecorator.java:323) ~[spring-security-web-6.5.0-M3.jar:6.5.0-M3]
	at org.springframework.security.web.ObservationFilterChainDecorator$ObservationFilter.doFilter(ObservationFilterChainDecorator.java:224) ~[spring-security-web-6.5.0-M3.jar:6.5.0-M3]
	at org.springframework.security.web.ObservationFilterChainDecorator$VirtualFilterChain.doFilter(ObservationFilterChainDecorator.java:137) ~[spring-security-web-6.5.0-M3.jar:6.5.0-M3]
	at org.springframework.security.web.FilterChainProxy.lambda$doFilterInternal$4(FilterChainProxy.java:237) ~[spring-security-web-6.5.0-M3.jar:6.5.0-M3]
	at org.springframework.web.filter.ServletRequestPathFilter.doFilter(ServletRequestPathFilter.java:52) ~[spring-web-6.2.5.jar:6.2.5]
	at org.springframework.security.web.FilterChainProxy.doFilterInternal(FilterChainProxy.java:216) ~[spring-security-web-6.5.0-M3.jar:6.5.0-M3]
	at org.springframework.security.web.FilterChainProxy.doFilter(FilterChainProxy.java:194) ~[spring-security-web-6.5.0-M3.jar:6.5.0-M3]
	at org.springframework.web.filter.CompositeFilter$VirtualFilterChain.doFilter(CompositeFilter.java:113) ~[spring-web-6.2.5.jar:6.2.5]
	at org.springframework.web.servlet.handler.HandlerMappingIntrospector.lambda$createCacheFilter$3(HandlerMappingIntrospector.java:243) ~[spring-webmvc-6.2.5.jar:6.2.5]
	at org.springframework.web.filter.CompositeFilter$VirtualFilterChain.doFilter(CompositeFilter.java:113) ~[spring-web-6.2.5.jar:6.2.5]
	at org.springframework.web.filter.CompositeFilter.doFilter(CompositeFilter.java:74) ~[spring-web-6.2.5.jar:6.2.5]
	at org.springframework.security.config.annotation.web.configuration.WebMvcSecurityConfiguration$CompositeFilterChainProxy.doFilter(WebMvcSecurityConfiguration.java:238) ~[spring-security-config-6.5.0-M3.jar:6.5.0-M3]
	at org.springframework.web.filter.DelegatingFilterProxy.invokeDelegate(DelegatingFilterProxy.java:362) ~[spring-web-6.2.5.jar:6.2.5]
	at org.springframework.web.filter.DelegatingFilterProxy.doFilter(DelegatingFilterProxy.java:278) ~[spring-web-6.2.5.jar:6.2.5]
	at org.apache.catalina.core.ApplicationFilterChain.internalDoFilter(ApplicationFilterChain.java:164) ~[tomcat-embed-core-10.1.39.jar:10.1.39]
	at org.apache.catalina.core.ApplicationFilterChain.doFilter(ApplicationFilterChain.java:140) ~[tomcat-embed-core-10.1.39.jar:10.1.39]
	at org.springframework.web.filter.RequestContextFilter.doFilterInternal(RequestContextFilter.java:100) ~[spring-web-6.2.5.jar:6.2.5]
	at org.springframework.web.filter.OncePerRequestFilter.doFilter(OncePerRequestFilter.java:116) ~[spring-web-6.2.5.jar:6.2.5]
	at org.apache.catalina.core.ApplicationFilterChain.internalDoFilter(ApplicationFilterChain.java:164) ~[tomcat-embed-core-10.1.39.jar:10.1.39]
	at org.apache.catalina.core.ApplicationFilterChain.doFilter(ApplicationFilterChain.java:140) ~[tomcat-embed-core-10.1.39.jar:10.1.39]
	at org.springframework.web.filter.FormContentFilter.doFilterInternal(FormContentFilter.java:93) ~[spring-web-6.2.5.jar:6.2.5]
	at org.springframework.web.filter.OncePerRequestFilter.doFilter(OncePerRequestFilter.java:116) ~[spring-web-6.2.5.jar:6.2.5]
	at org.apache.catalina.core.ApplicationFilterChain.internalDoFilter(ApplicationFilterChain.java:164) ~[tomcat-embed-core-10.1.39.jar:10.1.39]
	at org.apache.catalina.core.ApplicationFilterChain.doFilter(ApplicationFilterChain.java:140) ~[tomcat-embed-core-10.1.39.jar:10.1.39]
	at org.springframework.web.filter.ServerHttpObservationFilter.doFilterInternal(ServerHttpObservationFilter.java:114) ~[spring-web-6.2.5.jar:6.2.5]
	at org.springframework.web.filter.OncePerRequestFilter.doFilter(OncePerRequestFilter.java:116) ~[spring-web-6.2.5.jar:6.2.5]
	at org.apache.catalina.core.ApplicationFilterChain.internalDoFilter(ApplicationFilterChain.java:164) ~[tomcat-embed-core-10.1.39.jar:10.1.39]
	at org.apache.catalina.core.ApplicationFilterChain.doFilter(ApplicationFilterChain.java:140) ~[tomcat-embed-core-10.1.39.jar:10.1.39]
	at org.springframework.web.filter.CharacterEncodingFilter.doFilterInternal(CharacterEncodingFilter.java:201) ~[spring-web-6.2.5.jar:6.2.5]
	at org.springframework.web.filter.OncePerRequestFilter.doFilter(OncePerRequestFilter.java:116) ~[spring-web-6.2.5.jar:6.2.5]
	at org.apache.catalina.core.ApplicationFilterChain.internalDoFilter(ApplicationFilterChain.java:164) ~[tomcat-embed-core-10.1.39.jar:10.1.39]
	at org.apache.catalina.core.ApplicationFilterChain.doFilter(ApplicationFilterChain.java:140) ~[tomcat-embed-core-10.1.39.jar:10.1.39]
	at org.apache.catalina.core.StandardWrapperValve.invoke(StandardWrapperValve.java:167) ~[tomcat-embed-core-10.1.39.jar:10.1.39]
	at org.apache.catalina.core.StandardContextValve.invoke(StandardContextValve.java:90) ~[tomcat-embed-core-10.1.39.jar:10.1.39]
	at org.apache.catalina.authenticator.AuthenticatorBase.invoke(AuthenticatorBase.java:483) ~[tomcat-embed-core-10.1.39.jar:10.1.39]
	at org.apache.catalina.core.StandardHostValve.invoke(StandardHostValve.java:115) ~[tomcat-embed-core-10.1.39.jar:10.1.39]
	at org.apache.catalina.valves.ErrorReportValve.invoke(ErrorReportValve.java:93) ~[tomcat-embed-core-10.1.39.jar:10.1.39]
	at org.apache.catalina.core.StandardEngineValve.invoke(StandardEngineValve.java:74) ~[tomcat-embed-core-10.1.39.jar:10.1.39]
	at org.apache.catalina.connector.CoyoteAdapter.service(CoyoteAdapter.java:344) ~[tomcat-embed-core-10.1.39.jar:10.1.39]
	at org.apache.coyote.http11.Http11Processor.service(Http11Processor.java:397) ~[tomcat-embed-core-10.1.39.jar:10.1.39]
	at org.apache.coyote.AbstractProcessorLight.process(AbstractProcessorLight.java:63) ~[tomcat-embed-core-10.1.39.jar:10.1.39]
	at org.apache.coyote.AbstractProtocol$ConnectionHandler.process(AbstractProtocol.java:905) ~[tomcat-embed-core-10.1.39.jar:10.1.39]
	at org.apache.tomcat.util.net.NioEndpoint$SocketProcessor.doRun(NioEndpoint.java:1743) ~[tomcat-embed-core-10.1.39.jar:10.1.39]
	at org.apache.tomcat.util.net.SocketProcessorBase.run(SocketProcessorBase.java:52) ~[tomcat-embed-core-10.1.39.jar:10.1.39]
	at org.apache.tomcat.util.threads.ThreadPoolExecutor.runWorker(ThreadPoolExecutor.java:1190) ~[tomcat-embed-core-10.1.39.jar:10.1.39]
	at org.apache.tomcat.util.threads.ThreadPoolExecutor$Worker.run(ThreadPoolExecutor.java:659) ~[tomcat-embed-core-10.1.39.jar:10.1.39]
	at org.apache.tomcat.util.threads.TaskThread$WrappingRunnable.run(TaskThread.java:63) ~[tomcat-embed-core-10.1.39.jar:10.1.39]
	at java.base/java.lang.Thread.run(Thread.java:842) ~[na:na]

2025-03-25T10:46:28.393+05:30 DEBUG 8055 --- [Address Book] [http-nio-8080-exec-3] o.s.security.web.FilterChainProxy        : Securing OPTIONS /error
2025-03-25T10:46:28.393+05:30 DEBUG 8055 --- [Address Book] [http-nio-8080-exec-3] o.s.s.w.a.AnonymousAuthenticationFilter  : Set SecurityContextHolder to anonymous SecurityContext
2025-03-25T10:46:28.394+05:30 DEBUG 8055 --- [Address Book] [http-nio-8080-exec-3] o.s.s.w.a.Http403ForbiddenEntryPoint     : Pre-authenticated entry point called. Rejecting access
2025-03-25T10:46:29.816+05:30 DEBUG 8055 --- [Address Book] [http-nio-8080-exec-4] o.s.security.web.FilterChainProxy        : Securing OPTIONS /api/addressbook
2025-03-25T10:46:29.818+05:30 ERROR 8055 --- [Address Book] [http-nio-8080-exec-4] o.a.c.c.C.[.[.[/].[dispatcherServlet]    : Servlet.service() for servlet [dispatcherServlet] in context with path [] threw exception

java.lang.IllegalArgumentException: When allowCredentials is true, allowedOrigins cannot contain the special value "*" since that cannot be set on the "Access-Control-Allow-Origin" response header. To allow credentials to a set of origins, list them explicitly or consider using "allowedOriginPatterns" instead.
	at org.springframework.web.cors.CorsConfiguration.validateAllowCredentials(CorsConfiguration.java:568) ~[spring-web-6.2.5.jar:6.2.5]
	at org.springframework.web.cors.CorsConfiguration.checkOrigin(CorsConfiguration.java:695) ~[spring-web-6.2.5.jar:6.2.5]
	at org.springframework.web.cors.DefaultCorsProcessor.checkOrigin(DefaultCorsProcessor.java:197) ~[spring-web-6.2.5.jar:6.2.5]
	at org.springframework.web.cors.DefaultCorsProcessor.handleInternal(DefaultCorsProcessor.java:134) ~[spring-web-6.2.5.jar:6.2.5]
	at org.springframework.web.cors.DefaultCorsProcessor.processRequest(DefaultCorsProcessor.java:113) ~[spring-web-6.2.5.jar:6.2.5]
	at org.springframework.web.filter.CorsFilter.doFilterInternal(CorsFilter.java:87) ~[spring-web-6.2.5.jar:6.2.5]
	at org.springframework.web.filter.OncePerRequestFilter.doFilter(OncePerRequestFilter.java:116) ~[spring-web-6.2.5.jar:6.2.5]
	at org.springframework.security.web.ObservationFilterChainDecorator$ObservationFilter.wrapFilter(ObservationFilterChainDecorator.java:240) ~[spring-security-web-6.5.0-M3.jar:6.5.0-M3]
	at org.springframework.security.web.ObservationFilterChainDecorator$ObservationFilter.doFilter(ObservationFilterChainDecorator.java:227) ~[spring-security-web-6.5.0-M3.jar:6.5.0-M3]
	at org.springframework.security.web.ObservationFilterChainDecorator$VirtualFilterChain.doFilter(ObservationFilterChainDecorator.java:137) ~[spring-security-web-6.5.0-M3.jar:6.5.0-M3]
	at org.springframework.security.web.header.HeaderWriterFilter.doHeadersAfter(HeaderWriterFilter.java:90) ~[spring-security-web-6.5.0-M3.jar:6.5.0-M3]
	at org.springframework.security.web.header.HeaderWriterFilter.doFilterInternal(HeaderWriterFilter.java:75) ~[spring-security-web-6.5.0-M3.jar:6.5.0-M3]
	at org.springframework.web.filter.OncePerRequestFilter.doFilter(OncePerRequestFilter.java:116) ~[spring-web-6.2.5.jar:6.2.5]
	at org.springframework.security.web.ObservationFilterChainDecorator$ObservationFilter.wrapFilter(ObservationFilterChainDecorator.java:240) ~[spring-security-web-6.5.0-M3.jar:6.5.0-M3]
	at org.springframework.security.web.ObservationFilterChainDecorator$ObservationFilter.doFilter(ObservationFilterChainDecorator.java:227) ~[spring-security-web-6.5.0-M3.jar:6.5.0-M3]
	at org.springframework.security.web.ObservationFilterChainDecorator$VirtualFilterChain.doFilter(ObservationFilterChainDecorator.java:137) ~[spring-security-web-6.5.0-M3.jar:6.5.0-M3]
	at org.springframework.security.web.context.SecurityContextHolderFilter.doFilter(SecurityContextHolderFilter.java:82) ~[spring-security-web-6.5.0-M3.jar:6.5.0-M3]
	at org.springframework.security.web.context.SecurityContextHolderFilter.doFilter(SecurityContextHolderFilter.java:69) ~[spring-security-web-6.5.0-M3.jar:6.5.0-M3]
	at org.springframework.security.web.ObservationFilterChainDecorator$ObservationFilter.wrapFilter(ObservationFilterChainDecorator.java:240) ~[spring-security-web-6.5.0-M3.jar:6.5.0-M3]
	at org.springframework.security.web.ObservationFilterChainDecorator$ObservationFilter.doFilter(ObservationFilterChainDecorator.java:227) ~[spring-security-web-6.5.0-M3.jar:6.5.0-M3]
	at org.springframework.security.web.ObservationFilterChainDecorator$VirtualFilterChain.doFilter(ObservationFilterChainDecorator.java:137) ~[spring-security-web-6.5.0-M3.jar:6.5.0-M3]
	at org.springframework.security.web.context.request.async.WebAsyncManagerIntegrationFilter.doFilterInternal(WebAsyncManagerIntegrationFilter.java:62) ~[spring-security-web-6.5.0-M3.jar:6.5.0-M3]
	at org.springframework.web.filter.OncePerRequestFilter.doFilter(OncePerRequestFilter.java:116) ~[spring-web-6.2.5.jar:6.2.5]
	at org.springframework.security.web.ObservationFilterChainDecorator$ObservationFilter.wrapFilter(ObservationFilterChainDecorator.java:240) ~[spring-security-web-6.5.0-M3.jar:6.5.0-M3]
	at org.springframework.security.web.ObservationFilterChainDecorator$ObservationFilter.doFilter(ObservationFilterChainDecorator.java:227) ~[spring-security-web-6.5.0-M3.jar:6.5.0-M3]
	at org.springframework.security.web.ObservationFilterChainDecorator$VirtualFilterChain.doFilter(ObservationFilterChainDecorator.java:137) ~[spring-security-web-6.5.0-M3.jar:6.5.0-M3]
	at org.springframework.security.web.session.DisableEncodeUrlFilter.doFilterInternal(DisableEncodeUrlFilter.java:42) ~[spring-security-web-6.5.0-M3.jar:6.5.0-M3]
	at org.springframework.web.filter.OncePerRequestFilter.doFilter(OncePerRequestFilter.java:116) ~[spring-web-6.2.5.jar:6.2.5]
	at org.springframework.security.web.ObservationFilterChainDecorator$ObservationFilter.wrapFilter(ObservationFilterChainDecorator.java:240) ~[spring-security-web-6.5.0-M3.jar:6.5.0-M3]
	at org.springframework.security.web.ObservationFilterChainDecorator$AroundFilterObservation$SimpleAroundFilterObservation.lambda$wrap$0(ObservationFilterChainDecorator.java:323) ~[spring-security-web-6.5.0-M3.jar:6.5.0-M3]
	at org.springframework.security.web.ObservationFilterChainDecorator$ObservationFilter.doFilter(ObservationFilterChainDecorator.java:224) ~[spring-security-web-6.5.0-M3.jar:6.5.0-M3]
	at org.springframework.security.web.ObservationFilterChainDecorator$VirtualFilterChain.doFilter(ObservationFilterChainDecorator.java:137) ~[spring-security-web-6.5.0-M3.jar:6.5.0-M3]
	at org.springframework.security.web.FilterChainProxy.lambda$doFilterInternal$4(FilterChainProxy.java:237) ~[spring-security-web-6.5.0-M3.jar:6.5.0-M3]
	at org.springframework.web.filter.ServletRequestPathFilter.doFilter(ServletRequestPathFilter.java:52) ~[spring-web-6.2.5.jar:6.2.5]
	at org.springframework.security.web.FilterChainProxy.doFilterInternal(FilterChainProxy.java:216) ~[spring-security-web-6.5.0-M3.jar:6.5.0-M3]
	at org.springframework.security.web.FilterChainProxy.doFilter(FilterChainProxy.java:194) ~[spring-security-web-6.5.0-M3.jar:6.5.0-M3]
	at org.springframework.web.filter.CompositeFilter$VirtualFilterChain.doFilter(CompositeFilter.java:113) ~[spring-web-6.2.5.jar:6.2.5]
	at org.springframework.web.servlet.handler.HandlerMappingIntrospector.lambda$createCacheFilter$3(HandlerMappingIntrospector.java:243) ~[spring-webmvc-6.2.5.jar:6.2.5]
	at org.springframework.web.filter.CompositeFilter$VirtualFilterChain.doFilter(CompositeFilter.java:113) ~[spring-web-6.2.5.jar:6.2.5]
	at org.springframework.web.filter.CompositeFilter.doFilter(CompositeFilter.java:74) ~[spring-web-6.2.5.jar:6.2.5]
	at org.springframework.security.config.annotation.web.configuration.WebMvcSecurityConfiguration$CompositeFilterChainProxy.doFilter(WebMvcSecurityConfiguration.java:238) ~[spring-security-config-6.5.0-M3.jar:6.5.0-M3]
	at org.springframework.web.filter.DelegatingFilterProxy.invokeDelegate(DelegatingFilterProxy.java:362) ~[spring-web-6.2.5.jar:6.2.5]
	at org.springframework.web.filter.DelegatingFilterProxy.doFilter(DelegatingFilterProxy.java:278) ~[spring-web-6.2.5.jar:6.2.5]
	at org.apache.catalina.core.ApplicationFilterChain.internalDoFilter(ApplicationFilterChain.java:164) ~[tomcat-embed-core-10.1.39.jar:10.1.39]
	at org.apache.catalina.core.ApplicationFilterChain.doFilter(ApplicationFilterChain.java:140) ~[tomcat-embed-core-10.1.39.jar:10.1.39]
	at org.springframework.web.filter.RequestContextFilter.doFilterInternal(RequestContextFilter.java:100) ~[spring-web-6.2.5.jar:6.2.5]
	at org.springframework.web.filter.OncePerRequestFilter.doFilter(OncePerRequestFilter.java:116) ~[spring-web-6.2.5.jar:6.2.5]
	at org.apache.catalina.core.ApplicationFilterChain.internalDoFilter(ApplicationFilterChain.java:164) ~[tomcat-embed-core-10.1.39.jar:10.1.39]
	at org.apache.catalina.core.ApplicationFilterChain.doFilter(ApplicationFilterChain.java:140) ~[tomcat-embed-core-10.1.39.jar:10.1.39]
	at org.springframework.web.filter.FormContentFilter.doFilterInternal(FormContentFilter.java:93) ~[spring-web-6.2.5.jar:6.2.5]
	at org.springframework.web.filter.OncePerRequestFilter.doFilter(OncePerRequestFilter.java:116) ~[spring-web-6.2.5.jar:6.2.5]
	at org.apache.catalina.core.ApplicationFilterChain.internalDoFilter(ApplicationFilterChain.java:164) ~[tomcat-embed-core-10.1.39.jar:10.1.39]
	at org.apache.catalina.core.ApplicationFilterChain.doFilter(ApplicationFilterChain.java:140) ~[tomcat-embed-core-10.1.39.jar:10.1.39]
	at org.springframework.web.filter.ServerHttpObservationFilter.doFilterInternal(ServerHttpObservationFilter.java:114) ~[spring-web-6.2.5.jar:6.2.5]
	at org.springframework.web.filter.OncePerRequestFilter.doFilter(OncePerRequestFilter.java:116) ~[spring-web-6.2.5.jar:6.2.5]
	at org.apache.catalina.core.ApplicationFilterChain.internalDoFilter(ApplicationFilterChain.java:164) ~[tomcat-embed-core-10.1.39.jar:10.1.39]
	at org.apache.catalina.core.ApplicationFilterChain.doFilter(ApplicationFilterChain.java:140) ~[tomcat-embed-core-10.1.39.jar:10.1.39]
	at org.springframework.web.filter.CharacterEncodingFilter.doFilterInternal(CharacterEncodingFilter.java:201) ~[spring-web-6.2.5.jar:6.2.5]
	at org.springframework.web.filter.OncePerRequestFilter.doFilter(OncePerRequestFilter.java:116) ~[spring-web-6.2.5.jar:6.2.5]
	at org.apache.catalina.core.ApplicationFilterChain.internalDoFilter(ApplicationFilterChain.java:164) ~[tomcat-embed-core-10.1.39.jar:10.1.39]
	at org.apache.catalina.core.ApplicationFilterChain.doFilter(ApplicationFilterChain.java:140) ~[tomcat-embed-core-10.1.39.jar:10.1.39]
	at org.apache.catalina.core.StandardWrapperValve.invoke(StandardWrapperValve.java:167) ~[tomcat-embed-core-10.1.39.jar:10.1.39]
	at org.apache.catalina.core.StandardContextValve.invoke(StandardContextValve.java:90) ~[tomcat-embed-core-10.1.39.jar:10.1.39]
	at org.apache.catalina.authenticator.AuthenticatorBase.invoke(AuthenticatorBase.java:483) ~[tomcat-embed-core-10.1.39.jar:10.1.39]
	at org.apache.catalina.core.StandardHostValve.invoke(StandardHostValve.java:115) ~[tomcat-embed-core-10.1.39.jar:10.1.39]
	at org.apache.catalina.valves.ErrorReportValve.invoke(ErrorReportValve.java:93) ~[tomcat-embed-core-10.1.39.jar:10.1.39]
	at org.apache.catalina.core.StandardEngineValve.invoke(StandardEngineValve.java:74) ~[tomcat-embed-core-10.1.39.jar:10.1.39]
	at org.apache.catalina.connector.CoyoteAdapter.service(CoyoteAdapter.java:344) ~[tomcat-embed-core-10.1.39.jar:10.1.39]
	at org.apache.coyote.http11.Http11Processor.service(Http11Processor.java:397) ~[tomcat-embed-core-10.1.39.jar:10.1.39]
	at org.apache.coyote.AbstractProcessorLight.process(AbstractProcessorLight.java:63) ~[tomcat-embed-core-10.1.39.jar:10.1.39]
	at org.apache.coyote.AbstractProtocol$ConnectionHandler.process(AbstractProtocol.java:905) ~[tomcat-embed-core-10.1.39.jar:10.1.39]
	at org.apache.tomcat.util.net.NioEndpoint$SocketProcessor.doRun(NioEndpoint.java:1743) ~[tomcat-embed-core-10.1.39.jar:10.1.39]
	at org.apache.tomcat.util.net.SocketProcessorBase.run(SocketProcessorBase.java:52) ~[tomcat-embed-core-10.1.39.jar:10.1.39]
	at org.apache.tomcat.util.threads.ThreadPoolExecutor.runWorker(ThreadPoolExecutor.java:1190) ~[tomcat-embed-core-10.1.39.jar:10.1.39]
	at org.apache.tomcat.util.threads.ThreadPoolExecutor$Worker.run(ThreadPoolExecutor.java:659) ~[tomcat-embed-core-10.1.39.jar:10.1.39]
	at org.apache.tomcat.util.threads.TaskThread$WrappingRunnable.run(TaskThread.java:63) ~[tomcat-embed-core-10.1.39.jar:10.1.39]
	at java.base/java.lang.Thread.run(Thread.java:842) ~[na:na]

2025-03-25T10:46:29.821+05:30 DEBUG 8055 --- [Address Book] [http-nio-8080-exec-4] o.s.security.web.FilterChainProxy        : Securing OPTIONS /error
2025-03-25T10:46:29.823+05:30 DEBUG 8055 --- [Address Book] [http-nio-8080-exec-4] o.s.s.w.a.AnonymousAuthenticationFilter  : Set SecurityContextHolder to anonymous SecurityContext
2025-03-25T10:46:29.824+05:30 DEBUG 8055 --- [Address Book] [http-nio-8080-exec-4] o.s.s.w.a.Http403ForbiddenEntryPoint     : Pre-authenticated entry point called. Rejecting access
2025-03-25T10:46:30.281+05:30 DEBUG 8055 --- [Address Book] [http-nio-8080-exec-5] o.s.security.web.FilterChainProxy        : Securing OPTIONS /api/addressbook
2025-03-25T10:46:30.284+05:30 ERROR 8055 --- [Address Book] [http-nio-8080-exec-5] o.a.c.c.C.[.[.[/].[dispatcherServlet]    : Servlet.service() for servlet [dispatcherServlet] in context with path [] threw exception

java.lang.IllegalArgumentException: When allowCredentials is true, allowedOrigins cannot contain the special value "*" since that cannot be set on the "Access-Control-Allow-Origin" response header. To allow credentials to a set of origins, list them explicitly or consider using "allowedOriginPatterns" instead.
	at org.springframework.web.cors.CorsConfiguration.validateAllowCredentials(CorsConfiguration.java:568) ~[spring-web-6.2.5.jar:6.2.5]
	at org.springframework.web.cors.CorsConfiguration.checkOrigin(CorsConfiguration.java:695) ~[spring-web-6.2.5.jar:6.2.5]
	at org.springframework.web.cors.DefaultCorsProcessor.checkOrigin(DefaultCorsProcessor.java:197) ~[spring-web-6.2.5.jar:6.2.5]
	at org.springframework.web.cors.DefaultCorsProcessor.handleInternal(DefaultCorsProcessor.java:134) ~[spring-web-6.2.5.jar:6.2.5]
	at org.springframework.web.cors.DefaultCorsProcessor.processRequest(DefaultCorsProcessor.java:113) ~[spring-web-6.2.5.jar:6.2.5]
	at org.springframework.web.filter.CorsFilter.doFilterInternal(CorsFilter.java:87) ~[spring-web-6.2.5.jar:6.2.5]
	at org.springframework.web.filter.OncePerRequestFilter.doFilter(OncePerRequestFilter.java:116) ~[spring-web-6.2.5.jar:6.2.5]
	at org.springframework.security.web.ObservationFilterChainDecorator$ObservationFilter.wrapFilter(ObservationFilterChainDecorator.java:240) ~[spring-security-web-6.5.0-M3.jar:6.5.0-M3]
	at org.springframework.security.web.ObservationFilterChainDecorator$ObservationFilter.doFilter(ObservationFilterChainDecorator.java:227) ~[spring-security-web-6.5.0-M3.jar:6.5.0-M3]
	at org.springframework.security.web.ObservationFilterChainDecorator$VirtualFilterChain.doFilter(ObservationFilterChainDecorator.java:137) ~[spring-security-web-6.5.0-M3.jar:6.5.0-M3]
	at org.springframework.security.web.header.HeaderWriterFilter.doHeadersAfter(HeaderWriterFilter.java:90) ~[spring-security-web-6.5.0-M3.jar:6.5.0-M3]
	at org.springframework.security.web.header.HeaderWriterFilter.doFilterInternal(HeaderWriterFilter.java:75) ~[spring-security-web-6.5.0-M3.jar:6.5.0-M3]
	at org.springframework.web.filter.OncePerRequestFilter.doFilter(OncePerRequestFilter.java:116) ~[spring-web-6.2.5.jar:6.2.5]
	at org.springframework.security.web.ObservationFilterChainDecorator$ObservationFilter.wrapFilter(ObservationFilterChainDecorator.java:240) ~[spring-security-web-6.5.0-M3.jar:6.5.0-M3]
	at org.springframework.security.web.ObservationFilterChainDecorator$ObservationFilter.doFilter(ObservationFilterChainDecorator.java:227) ~[spring-security-web-6.5.0-M3.jar:6.5.0-M3]
	at org.springframework.security.web.ObservationFilterChainDecorator$VirtualFilterChain.doFilter(ObservationFilterChainDecorator.java:137) ~[spring-security-web-6.5.0-M3.jar:6.5.0-M3]
	at org.springframework.security.web.context.SecurityContextHolderFilter.doFilter(SecurityContextHolderFilter.java:82) ~[spring-security-web-6.5.0-M3.jar:6.5.0-M3]
	at org.springframework.security.web.context.SecurityContextHolderFilter.doFilter(SecurityContextHolderFilter.java:69) ~[spring-security-web-6.5.0-M3.jar:6.5.0-M3]
	at org.springframework.security.web.ObservationFilterChainDecorator$ObservationFilter.wrapFilter(ObservationFilterChainDecorator.java:240) ~[spring-security-web-6.5.0-M3.jar:6.5.0-M3]
	at org.springframework.security.web.ObservationFilterChainDecorator$ObservationFilter.doFilter(ObservationFilterChainDecorator.java:227) ~[spring-security-web-6.5.0-M3.jar:6.5.0-M3]
	at org.springframework.security.web.ObservationFilterChainDecorator$VirtualFilterChain.doFilter(ObservationFilterChainDecorator.java:137) ~[spring-security-web-6.5.0-M3.jar:6.5.0-M3]
	at org.springframework.security.web.context.request.async.WebAsyncManagerIntegrationFilter.doFilterInternal(WebAsyncManagerIntegrationFilter.java:62) ~[spring-security-web-6.5.0-M3.jar:6.5.0-M3]
	at org.springframework.web.filter.OncePerRequestFilter.doFilter(OncePerRequestFilter.java:116) ~[spring-web-6.2.5.jar:6.2.5]
	at org.springframework.security.web.ObservationFilterChainDecorator$ObservationFilter.wrapFilter(ObservationFilterChainDecorator.java:240) ~[spring-security-web-6.5.0-M3.jar:6.5.0-M3]
	at org.springframework.security.web.ObservationFilterChainDecorator$ObservationFilter.doFilter(ObservationFilterChainDecorator.java:227) ~[spring-security-web-6.5.0-M3.jar:6.5.0-M3]
	at org.springframework.security.web.ObservationFilterChainDecorator$VirtualFilterChain.doFilter(ObservationFilterChainDecorator.java:137) ~[spring-security-web-6.5.0-M3.jar:6.5.0-M3]
	at org.springframework.security.web.session.DisableEncodeUrlFilter.doFilterInternal(DisableEncodeUrlFilter.java:42) ~[spring-security-web-6.5.0-M3.jar:6.5.0-M3]
	at org.springframework.web.filter.OncePerRequestFilter.doFilter(OncePerRequestFilter.java:116) ~[spring-web-6.2.5.jar:6.2.5]
	at org.springframework.security.web.ObservationFilterChainDecorator$ObservationFilter.wrapFilter(ObservationFilterChainDecorator.java:240) ~[spring-security-web-6.5.0-M3.jar:6.5.0-M3]
	at org.springframework.security.web.ObservationFilterChainDecorator$AroundFilterObservation$SimpleAroundFilterObservation.lambda$wrap$0(ObservationFilterChainDecorator.java:323) ~[spring-security-web-6.5.0-M3.jar:6.5.0-M3]
	at org.springframework.security.web.ObservationFilterChainDecorator$ObservationFilter.doFilter(ObservationFilterChainDecorator.java:224) ~[spring-security-web-6.5.0-M3.jar:6.5.0-M3]
	at org.springframework.security.web.ObservationFilterChainDecorator$VirtualFilterChain.doFilter(ObservationFilterChainDecorator.java:137) ~[spring-security-web-6.5.0-M3.jar:6.5.0-M3]
	at org.springframework.security.web.FilterChainProxy.lambda$doFilterInternal$4(FilterChainProxy.java:237) ~[spring-security-web-6.5.0-M3.jar:6.5.0-M3]
	at org.springframework.web.filter.ServletRequestPathFilter.doFilter(ServletRequestPathFilter.java:52) ~[spring-web-6.2.5.jar:6.2.5]
	at org.springframework.security.web.FilterChainProxy.doFilterInternal(FilterChainProxy.java:216) ~[spring-security-web-6.5.0-M3.jar:6.5.0-M3]
	at org.springframework.security.web.FilterChainProxy.doFilter(FilterChainProxy.java:194) ~[spring-security-web-6.5.0-M3.jar:6.5.0-M3]
	at org.springframework.web.filter.CompositeFilter$VirtualFilterChain.doFilter(CompositeFilter.java:113) ~[spring-web-6.2.5.jar:6.2.5]
	at org.springframework.web.servlet.handler.HandlerMappingIntrospector.lambda$createCacheFilter$3(HandlerMappingIntrospector.java:243) ~[spring-webmvc-6.2.5.jar:6.2.5]
	at org.springframework.web.filter.CompositeFilter$VirtualFilterChain.doFilter(CompositeFilter.java:113) ~[spring-web-6.2.5.jar:6.2.5]
	at org.springframework.web.filter.CompositeFilter.doFilter(CompositeFilter.java:74) ~[spring-web-6.2.5.jar:6.2.5]
	at org.springframework.security.config.annotation.web.configuration.WebMvcSecurityConfiguration$CompositeFilterChainProxy.doFilter(WebMvcSecurityConfiguration.java:238) ~[spring-security-config-6.5.0-M3.jar:6.5.0-M3]
	at org.springframework.web.filter.DelegatingFilterProxy.invokeDelegate(DelegatingFilterProxy.java:362) ~[spring-web-6.2.5.jar:6.2.5]
	at org.springframework.web.filter.DelegatingFilterProxy.doFilter(DelegatingFilterProxy.java:278) ~[spring-web-6.2.5.jar:6.2.5]
	at org.apache.catalina.core.ApplicationFilterChain.internalDoFilter(ApplicationFilterChain.java:164) ~[tomcat-embed-core-10.1.39.jar:10.1.39]
	at org.apache.catalina.core.ApplicationFilterChain.doFilter(ApplicationFilterChain.java:140) ~[tomcat-embed-core-10.1.39.jar:10.1.39]
	at org.springframework.web.filter.RequestContextFilter.doFilterInternal(RequestContextFilter.java:100) ~[spring-web-6.2.5.jar:6.2.5]
	at org.springframework.web.filter.OncePerRequestFilter.doFilter(OncePerRequestFilter.java:116) ~[spring-web-6.2.5.jar:6.2.5]
	at org.apache.catalina.core.ApplicationFilterChain.internalDoFilter(ApplicationFilterChain.java:164) ~[tomcat-embed-core-10.1.39.jar:10.1.39]
	at org.apache.catalina.core.ApplicationFilterChain.doFilter(ApplicationFilterChain.java:140) ~[tomcat-embed-core-10.1.39.jar:10.1.39]
	at org.springframework.web.filter.FormContentFilter.doFilterInternal(FormContentFilter.java:93) ~[spring-web-6.2.5.jar:6.2.5]
	at org.springframework.web.filter.OncePerRequestFilter.doFilter(OncePerRequestFilter.java:116) ~[spring-web-6.2.5.jar:6.2.5]
	at org.apache.catalina.core.ApplicationFilterChain.internalDoFilter(ApplicationFilterChain.java:164) ~[tomcat-embed-core-10.1.39.jar:10.1.39]
	at org.apache.catalina.core.ApplicationFilterChain.doFilter(ApplicationFilterChain.java:140) ~[tomcat-embed-core-10.1.39.jar:10.1.39]
	at org.springframework.web.filter.ServerHttpObservationFilter.doFilterInternal(ServerHttpObservationFilter.java:114) ~[spring-web-6.2.5.jar:6.2.5]
	at org.springframework.web.filter.OncePerRequestFilter.doFilter(OncePerRequestFilter.java:116) ~[spring-web-6.2.5.jar:6.2.5]
	at org.apache.catalina.core.ApplicationFilterChain.internalDoFilter(ApplicationFilterChain.java:164) ~[tomcat-embed-core-10.1.39.jar:10.1.39]
	at org.apache.catalina.core.ApplicationFilterChain.doFilter(ApplicationFilterChain.java:140) ~[tomcat-embed-core-10.1.39.jar:10.1.39]
	at org.springframework.web.filter.CharacterEncodingFilter.doFilterInternal(CharacterEncodingFilter.java:201) ~[spring-web-6.2.5.jar:6.2.5]
	at org.springframework.web.filter.OncePerRequestFilter.doFilter(OncePerRequestFilter.java:116) ~[spring-web-6.2.5.jar:6.2.5]
	at org.apache.catalina.core.ApplicationFilterChain.internalDoFilter(ApplicationFilterChain.java:164) ~[tomcat-embed-core-10.1.39.jar:10.1.39]
	at org.apache.catalina.core.ApplicationFilterChain.doFilter(ApplicationFilterChain.java:140) ~[tomcat-embed-core-10.1.39.jar:10.1.39]
	at org.apache.catalina.core.StandardWrapperValve.invoke(StandardWrapperValve.java:167) ~[tomcat-embed-core-10.1.39.jar:10.1.39]
	at org.apache.catalina.core.StandardContextValve.invoke(StandardContextValve.java:90) ~[tomcat-embed-core-10.1.39.jar:10.1.39]
	at org.apache.catalina.authenticator.AuthenticatorBase.invoke(AuthenticatorBase.java:483) ~[tomcat-embed-core-10.1.39.jar:10.1.39]
	at org.apache.catalina.core.StandardHostValve.invoke(StandardHostValve.java:115) ~[tomcat-embed-core-10.1.39.jar:10.1.39]
	at org.apache.catalina.valves.ErrorReportValve.invoke(ErrorReportValve.java:93) ~[tomcat-embed-core-10.1.39.jar:10.1.39]
	at org.apache.catalina.core.StandardEngineValve.invoke(StandardEngineValve.java:74) ~[tomcat-embed-core-10.1.39.jar:10.1.39]
	at org.apache.catalina.connector.CoyoteAdapter.service(CoyoteAdapter.java:344) ~[tomcat-embed-core-10.1.39.jar:10.1.39]
	at org.apache.coyote.http11.Http11Processor.service(Http11Processor.java:397) ~[tomcat-embed-core-10.1.39.jar:10.1.39]
	at org.apache.coyote.AbstractProcessorLight.process(AbstractProcessorLight.java:63) ~[tomcat-embed-core-10.1.39.jar:10.1.39]
	at org.apache.coyote.AbstractProtocol$ConnectionHandler.process(AbstractProtocol.java:905) ~[tomcat-embed-core-10.1.39.jar:10.1.39]
	at org.apache.tomcat.util.net.NioEndpoint$SocketProcessor.doRun(NioEndpoint.java:1743) ~[tomcat-embed-core-10.1.39.jar:10.1.39]
	at org.apache.tomcat.util.net.SocketProcessorBase.run(SocketProcessorBase.java:52) ~[tomcat-embed-core-10.1.39.jar:10.1.39]
	at org.apache.tomcat.util.threads.ThreadPoolExecutor.runWorker(ThreadPoolExecutor.java:1190) ~[tomcat-embed-core-10.1.39.jar:10.1.39]
	at org.apache.tomcat.util.threads.ThreadPoolExecutor$Worker.run(ThreadPoolExecutor.java:659) ~[tomcat-embed-core-10.1.39.jar:10.1.39]
	at org.apache.tomcat.util.threads.TaskThread$WrappingRunnable.run(TaskThread.java:63) ~[tomcat-embed-core-10.1.39.jar:10.1.39]
	at java.base/java.lang.Thread.run(Thread.java:842) ~[na:na]

2025-03-25T10:46:30.287+05:30 DEBUG 8055 --- [Address Book] [http-nio-8080-exec-5] o.s.security.web.FilterChainProxy        : Securing OPTIONS /error
2025-03-25T10:46:30.289+05:30 DEBUG 8055 --- [Address Book] [http-nio-8080-exec-5] o.s.s.w.a.AnonymousAuthenticationFilter  : Set SecurityContextHolder to anonymous SecurityContext
2025-03-25T10:46:30.290+05:30 DEBUG 8055 --- [Address Book] [http-nio-8080-exec-5] o.s.s.w.a.Http403ForbiddenEntryPoint     : Pre-authenticated entry point called. Rejecting access
2025-03-25T10:46:30.465+05:30 DEBUG 8055 --- [Address Book] [http-nio-8080-exec-6] o.s.security.web.FilterChainProxy        : Securing OPTIONS /api/addressbook
2025-03-25T10:46:30.468+05:30 ERROR 8055 --- [Address Book] [http-nio-8080-exec-6] o.a.c.c.C.[.[.[/].[dispatcherServlet]    : Servlet.service() for servlet [dispatcherServlet] in context with path [] threw exception

java.lang.IllegalArgumentException: When allowCredentials is true, allowedOrigins cannot contain the special value "*" since that cannot be set on the "Access-Control-Allow-Origin" response header. To allow credentials to a set of origins, list them explicitly or consider using "allowedOriginPatterns" instead.
	at org.springframework.web.cors.CorsConfiguration.validateAllowCredentials(CorsConfiguration.java:568) ~[spring-web-6.2.5.jar:6.2.5]
	at org.springframework.web.cors.CorsConfiguration.checkOrigin(CorsConfiguration.java:695) ~[spring-web-6.2.5.jar:6.2.5]
	at org.springframework.web.cors.DefaultCorsProcessor.checkOrigin(DefaultCorsProcessor.java:197) ~[spring-web-6.2.5.jar:6.2.5]
	at org.springframework.web.cors.DefaultCorsProcessor.handleInternal(DefaultCorsProcessor.java:134) ~[spring-web-6.2.5.jar:6.2.5]
	at org.springframework.web.cors.DefaultCorsProcessor.processRequest(DefaultCorsProcessor.java:113) ~[spring-web-6.2.5.jar:6.2.5]
	at org.springframework.web.filter.CorsFilter.doFilterInternal(CorsFilter.java:87) ~[spring-web-6.2.5.jar:6.2.5]
	at org.springframework.web.filter.OncePerRequestFilter.doFilter(OncePerRequestFilter.java:116) ~[spring-web-6.2.5.jar:6.2.5]
	at org.springframework.security.web.ObservationFilterChainDecorator$ObservationFilter.wrapFilter(ObservationFilterChainDecorator.java:240) ~[spring-security-web-6.5.0-M3.jar:6.5.0-M3]
	at org.springframework.security.web.ObservationFilterChainDecorator$ObservationFilter.doFilter(ObservationFilterChainDecorator.java:227) ~[spring-security-web-6.5.0-M3.jar:6.5.0-M3]
	at org.springframework.security.web.ObservationFilterChainDecorator$VirtualFilterChain.doFilter(ObservationFilterChainDecorator.java:137) ~[spring-security-web-6.5.0-M3.jar:6.5.0-M3]
	at org.springframework.security.web.header.HeaderWriterFilter.doHeadersAfter(HeaderWriterFilter.java:90) ~[spring-security-web-6.5.0-M3.jar:6.5.0-M3]
	at org.springframework.security.web.header.HeaderWriterFilter.doFilterInternal(HeaderWriterFilter.java:75) ~[spring-security-web-6.5.0-M3.jar:6.5.0-M3]
	at org.springframework.web.filter.OncePerRequestFilter.doFilter(OncePerRequestFilter.java:116) ~[spring-web-6.2.5.jar:6.2.5]
	at org.springframework.security.web.ObservationFilterChainDecorator$ObservationFilter.wrapFilter(ObservationFilterChainDecorator.java:240) ~[spring-security-web-6.5.0-M3.jar:6.5.0-M3]
	at org.springframework.security.web.ObservationFilterChainDecorator$ObservationFilter.doFilter(ObservationFilterChainDecorator.java:227) ~[spring-security-web-6.5.0-M3.jar:6.5.0-M3]
	at org.springframework.security.web.ObservationFilterChainDecorator$VirtualFilterChain.doFilter(ObservationFilterChainDecorator.java:137) ~[spring-security-web-6.5.0-M3.jar:6.5.0-M3]
	at org.springframework.security.web.context.SecurityContextHolderFilter.doFilter(SecurityContextHolderFilter.java:82) ~[spring-security-web-6.5.0-M3.jar:6.5.0-M3]
	at org.springframework.security.web.context.SecurityContextHolderFilter.doFilter(SecurityContextHolderFilter.java:69) ~[spring-security-web-6.5.0-M3.jar:6.5.0-M3]
	at org.springframework.security.web.ObservationFilterChainDecorator$ObservationFilter.wrapFilter(ObservationFilterChainDecorator.java:240) ~[spring-security-web-6.5.0-M3.jar:6.5.0-M3]
	at org.springframework.security.web.ObservationFilterChainDecorator$ObservationFilter.doFilter(ObservationFilterChainDecorator.java:227) ~[spring-security-web-6.5.0-M3.jar:6.5.0-M3]
	at org.springframework.security.web.ObservationFilterChainDecorator$VirtualFilterChain.doFilter(ObservationFilterChainDecorator.java:137) ~[spring-security-web-6.5.0-M3.jar:6.5.0-M3]
	at org.springframework.security.web.context.request.async.WebAsyncManagerIntegrationFilter.doFilterInternal(WebAsyncManagerIntegrationFilter.java:62) ~[spring-security-web-6.5.0-M3.jar:6.5.0-M3]
	at org.springframework.web.filter.OncePerRequestFilter.doFilter(OncePerRequestFilter.java:116) ~[spring-web-6.2.5.jar:6.2.5]
	at org.springframework.security.web.ObservationFilterChainDecorator$ObservationFilter.wrapFilter(ObservationFilterChainDecorator.java:240) ~[spring-security-web-6.5.0-M3.jar:6.5.0-M3]
	at org.springframework.security.web.ObservationFilterChainDecorator$ObservationFilter.doFilter(ObservationFilterChainDecorator.java:227) ~[spring-security-web-6.5.0-M3.jar:6.5.0-M3]
	at org.springframework.security.web.ObservationFilterChainDecorator$VirtualFilterChain.doFilter(ObservationFilterChainDecorator.java:137) ~[spring-security-web-6.5.0-M3.jar:6.5.0-M3]
	at org.springframework.security.web.session.DisableEncodeUrlFilter.doFilterInternal(DisableEncodeUrlFilter.java:42) ~[spring-security-web-6.5.0-M3.jar:6.5.0-M3]
	at org.springframework.web.filter.OncePerRequestFilter.doFilter(OncePerRequestFilter.java:116) ~[spring-web-6.2.5.jar:6.2.5]
	at org.springframework.security.web.ObservationFilterChainDecorator$ObservationFilter.wrapFilter(ObservationFilterChainDecorator.java:240) ~[spring-security-web-6.5.0-M3.jar:6.5.0-M3]
	at org.springframework.security.web.ObservationFilterChainDecorator$AroundFilterObservation$SimpleAroundFilterObservation.lambda$wrap$0(ObservationFilterChainDecorator.java:323) ~[spring-security-web-6.5.0-M3.jar:6.5.0-M3]
	at org.springframework.security.web.ObservationFilterChainDecorator$ObservationFilter.doFilter(ObservationFilterChainDecorator.java:224) ~[spring-security-web-6.5.0-M3.jar:6.5.0-M3]
	at org.springframework.security.web.ObservationFilterChainDecorator$VirtualFilterChain.doFilter(ObservationFilterChainDecorator.java:137) ~[spring-security-web-6.5.0-M3.jar:6.5.0-M3]
	at org.springframework.security.web.FilterChainProxy.lambda$doFilterInternal$4(FilterChainProxy.java:237) ~[spring-security-web-6.5.0-M3.jar:6.5.0-M3]
	at org.springframework.web.filter.ServletRequestPathFilter.doFilter(ServletRequestPathFilter.java:52) ~[spring-web-6.2.5.jar:6.2.5]
	at org.springframework.security.web.FilterChainProxy.doFilterInternal(FilterChainProxy.java:216) ~[spring-security-web-6.5.0-M3.jar:6.5.0-M3]
	at org.springframework.security.web.FilterChainProxy.doFilter(FilterChainProxy.java:194) ~[spring-security-web-6.5.0-M3.jar:6.5.0-M3]
	at org.springframework.web.filter.CompositeFilter$VirtualFilterChain.doFilter(CompositeFilter.java:113) ~[spring-web-6.2.5.jar:6.2.5]
	at org.springframework.web.servlet.handler.HandlerMappingIntrospector.lambda$createCacheFilter$3(HandlerMappingIntrospector.java:243) ~[spring-webmvc-6.2.5.jar:6.2.5]
	at org.springframework.web.filter.CompositeFilter$VirtualFilterChain.doFilter(CompositeFilter.java:113) ~[spring-web-6.2.5.jar:6.2.5]
	at org.springframework.web.filter.CompositeFilter.doFilter(CompositeFilter.java:74) ~[spring-web-6.2.5.jar:6.2.5]
	at org.springframework.security.config.annotation.web.configuration.WebMvcSecurityConfiguration$CompositeFilterChainProxy.doFilter(WebMvcSecurityConfiguration.java:238) ~[spring-security-config-6.5.0-M3.jar:6.5.0-M3]
	at org.springframework.web.filter.DelegatingFilterProxy.invokeDelegate(DelegatingFilterProxy.java:362) ~[spring-web-6.2.5.jar:6.2.5]
	at org.springframework.web.filter.DelegatingFilterProxy.doFilter(DelegatingFilterProxy.java:278) ~[spring-web-6.2.5.jar:6.2.5]
	at org.apache.catalina.core.ApplicationFilterChain.internalDoFilter(ApplicationFilterChain.java:164) ~[tomcat-embed-core-10.1.39.jar:10.1.39]
	at org.apache.catalina.core.ApplicationFilterChain.doFilter(ApplicationFilterChain.java:140) ~[tomcat-embed-core-10.1.39.jar:10.1.39]
	at org.springframework.web.filter.RequestContextFilter.doFilterInternal(RequestContextFilter.java:100) ~[spring-web-6.2.5.jar:6.2.5]
	at org.springframework.web.filter.OncePerRequestFilter.doFilter(OncePerRequestFilter.java:116) ~[spring-web-6.2.5.jar:6.2.5]
	at org.apache.catalina.core.ApplicationFilterChain.internalDoFilter(ApplicationFilterChain.java:164) ~[tomcat-embed-core-10.1.39.jar:10.1.39]
	at org.apache.catalina.core.ApplicationFilterChain.doFilter(ApplicationFilterChain.java:140) ~[tomcat-embed-core-10.1.39.jar:10.1.39]
	at org.springframework.web.filter.FormContentFilter.doFilterInternal(FormContentFilter.java:93) ~[spring-web-6.2.5.jar:6.2.5]
	at org.springframework.web.filter.OncePerRequestFilter.doFilter(OncePerRequestFilter.java:116) ~[spring-web-6.2.5.jar:6.2.5]
	at org.apache.catalina.core.ApplicationFilterChain.internalDoFilter(ApplicationFilterChain.java:164) ~[tomcat-embed-core-10.1.39.jar:10.1.39]
	at org.apache.catalina.core.ApplicationFilterChain.doFilter(ApplicationFilterChain.java:140) ~[tomcat-embed-core-10.1.39.jar:10.1.39]
	at org.springframework.web.filter.ServerHttpObservationFilter.doFilterInternal(ServerHttpObservationFilter.java:114) ~[spring-web-6.2.5.jar:6.2.5]
	at org.springframework.web.filter.OncePerRequestFilter.doFilter(OncePerRequestFilter.java:116) ~[spring-web-6.2.5.jar:6.2.5]
	at org.apache.catalina.core.ApplicationFilterChain.internalDoFilter(ApplicationFilterChain.java:164) ~[tomcat-embed-core-10.1.39.jar:10.1.39]
	at org.apache.catalina.core.ApplicationFilterChain.doFilter(ApplicationFilterChain.java:140) ~[tomcat-embed-core-10.1.39.jar:10.1.39]
	at org.springframework.web.filter.CharacterEncodingFilter.doFilterInternal(CharacterEncodingFilter.java:201) ~[spring-web-6.2.5.jar:6.2.5]
	at org.springframework.web.filter.OncePerRequestFilter.doFilter(OncePerRequestFilter.java:116) ~[spring-web-6.2.5.jar:6.2.5]
	at org.apache.catalina.core.ApplicationFilterChain.internalDoFilter(ApplicationFilterChain.java:164) ~[tomcat-embed-core-10.1.39.jar:10.1.39]
	at org.apache.catalina.core.ApplicationFilterChain.doFilter(ApplicationFilterChain.java:140) ~[tomcat-embed-core-10.1.39.jar:10.1.39]
	at org.apache.catalina.core.StandardWrapperValve.invoke(StandardWrapperValve.java:167) ~[tomcat-embed-core-10.1.39.jar:10.1.39]
	at org.apache.catalina.core.StandardContextValve.invoke(StandardContextValve.java:90) ~[tomcat-embed-core-10.1.39.jar:10.1.39]
	at org.apache.catalina.authenticator.AuthenticatorBase.invoke(AuthenticatorBase.java:483) ~[tomcat-embed-core-10.1.39.jar:10.1.39]
	at org.apache.catalina.core.StandardHostValve.invoke(StandardHostValve.java:115) ~[tomcat-embed-core-10.1.39.jar:10.1.39]
	at org.apache.catalina.valves.ErrorReportValve.invoke(ErrorReportValve.java:93) ~[tomcat-embed-core-10.1.39.jar:10.1.39]
	at org.apache.catalina.core.StandardEngineValve.invoke(StandardEngineValve.java:74) ~[tomcat-embed-core-10.1.39.jar:10.1.39]
	at org.apache.catalina.connector.CoyoteAdapter.service(CoyoteAdapter.java:344) ~[tomcat-embed-core-10.1.39.jar:10.1.39]
	at org.apache.coyote.http11.Http11Processor.service(Http11Processor.java:397) ~[tomcat-embed-core-10.1.39.jar:10.1.39]
	at org.apache.coyote.AbstractProcessorLight.process(AbstractProcessorLight.java:63) ~[tomcat-embed-core-10.1.39.jar:10.1.39]
	at org.apache.coyote.AbstractProtocol$ConnectionHandler.process(AbstractProtocol.java:905) ~[tomcat-embed-core-10.1.39.jar:10.1.39]
	at org.apache.tomcat.util.net.NioEndpoint$SocketProcessor.doRun(NioEndpoint.java:1743) ~[tomcat-embed-core-10.1.39.jar:10.1.39]
	at org.apache.tomcat.util.net.SocketProcessorBase.run(SocketProcessorBase.java:52) ~[tomcat-embed-core-10.1.39.jar:10.1.39]
	at org.apache.tomcat.util.threads.ThreadPoolExecutor.runWorker(ThreadPoolExecutor.java:1190) ~[tomcat-embed-core-10.1.39.jar:10.1.39]
	at org.apache.tomcat.util.threads.ThreadPoolExecutor$Worker.run(ThreadPoolExecutor.java:659) ~[tomcat-embed-core-10.1.39.jar:10.1.39]
	at org.apache.tomcat.util.threads.TaskThread$WrappingRunnable.run(TaskThread.java:63) ~[tomcat-embed-core-10.1.39.jar:10.1.39]
	at java.base/java.lang.Thread.run(Thread.java:842) ~[na:na]

2025-03-25T10:46:30.471+05:30 DEBUG 8055 --- [Address Book] [http-nio-8080-exec-6] o.s.security.web.FilterChainProxy        : Securing OPTIONS /error
2025-03-25T10:46:30.472+05:30 DEBUG 8055 --- [Address Book] [http-nio-8080-exec-6] o.s.s.w.a.AnonymousAuthenticationFilter  : Set SecurityContextHolder to anonymous SecurityContext
2025-03-25T10:46:30.474+05:30 DEBUG 8055 --- [Address Book] [http-nio-8080-exec-6] o.s.s.w.a.Http403ForbiddenEntryPoint     : Pre-authenticated entry point called. Rejecting access
2025-03-25T10:46:30.751+05:30 DEBUG 8055 --- [Address Book] [http-nio-8080-exec-7] o.s.security.web.FilterChainProxy        : Securing OPTIONS /api/addressbook
2025-03-25T10:46:30.754+05:30 ERROR 8055 --- [Address Book] [http-nio-8080-exec-7] o.a.c.c.C.[.[.[/].[dispatcherServlet]    : Servlet.service() for servlet [dispatcherServlet] in context with path [] threw exception

java.lang.IllegalArgumentException: When allowCredentials is true, allowedOrigins cannot contain the special value "*" since that cannot be set on the "Access-Control-Allow-Origin" response header. To allow credentials to a set of origins, list them explicitly or consider using "allowedOriginPatterns" instead.
	at org.springframework.web.cors.CorsConfiguration.validateAllowCredentials(CorsConfiguration.java:568) ~[spring-web-6.2.5.jar:6.2.5]
	at org.springframework.web.cors.CorsConfiguration.checkOrigin(CorsConfiguration.java:695) ~[spring-web-6.2.5.jar:6.2.5]
	at org.springframework.web.cors.DefaultCorsProcessor.checkOrigin(DefaultCorsProcessor.java:197) ~[spring-web-6.2.5.jar:6.2.5]
	at org.springframework.web.cors.DefaultCorsProcessor.handleInternal(DefaultCorsProcessor.java:134) ~[spring-web-6.2.5.jar:6.2.5]
	at org.springframework.web.cors.DefaultCorsProcessor.processRequest(DefaultCorsProcessor.java:113) ~[spring-web-6.2.5.jar:6.2.5]
	at org.springframework.web.filter.CorsFilter.doFilterInternal(CorsFilter.java:87) ~[spring-web-6.2.5.jar:6.2.5]
	at org.springframework.web.filter.OncePerRequestFilter.doFilter(OncePerRequestFilter.java:116) ~[spring-web-6.2.5.jar:6.2.5]
	at org.springframework.security.web.ObservationFilterChainDecorator$ObservationFilter.wrapFilter(ObservationFilterChainDecorator.java:240) ~[spring-security-web-6.5.0-M3.jar:6.5.0-M3]
	at org.springframework.security.web.ObservationFilterChainDecorator$ObservationFilter.doFilter(ObservationFilterChainDecorator.java:227) ~[spring-security-web-6.5.0-M3.jar:6.5.0-M3]
	at org.springframework.security.web.ObservationFilterChainDecorator$VirtualFilterChain.doFilter(ObservationFilterChainDecorator.java:137) ~[spring-security-web-6.5.0-M3.jar:6.5.0-M3]
	at org.springframework.security.web.header.HeaderWriterFilter.doHeadersAfter(HeaderWriterFilter.java:90) ~[spring-security-web-6.5.0-M3.jar:6.5.0-M3]
	at org.springframework.security.web.header.HeaderWriterFilter.doFilterInternal(HeaderWriterFilter.java:75) ~[spring-security-web-6.5.0-M3.jar:6.5.0-M3]
	at org.springframework.web.filter.OncePerRequestFilter.doFilter(OncePerRequestFilter.java:116) ~[spring-web-6.2.5.jar:6.2.5]
	at org.springframework.security.web.ObservationFilterChainDecorator$ObservationFilter.wrapFilter(ObservationFilterChainDecorator.java:240) ~[spring-security-web-6.5.0-M3.jar:6.5.0-M3]
	at org.springframework.security.web.ObservationFilterChainDecorator$ObservationFilter.doFilter(ObservationFilterChainDecorator.java:227) ~[spring-security-web-6.5.0-M3.jar:6.5.0-M3]
	at org.springframework.security.web.ObservationFilterChainDecorator$VirtualFilterChain.doFilter(ObservationFilterChainDecorator.java:137) ~[spring-security-web-6.5.0-M3.jar:6.5.0-M3]
	at org.springframework.security.web.context.SecurityContextHolderFilter.doFilter(SecurityContextHolderFilter.java:82) ~[spring-security-web-6.5.0-M3.jar:6.5.0-M3]
	at org.springframework.security.web.context.SecurityContextHolderFilter.doFilter(SecurityContextHolderFilter.java:69) ~[spring-security-web-6.5.0-M3.jar:6.5.0-M3]
	at org.springframework.security.web.ObservationFilterChainDecorator$ObservationFilter.wrapFilter(ObservationFilterChainDecorator.java:240) ~[spring-security-web-6.5.0-M3.jar:6.5.0-M3]
	at org.springframework.security.web.ObservationFilterChainDecorator$ObservationFilter.doFilter(ObservationFilterChainDecorator.java:227) ~[spring-security-web-6.5.0-M3.jar:6.5.0-M3]
	at org.springframework.security.web.ObservationFilterChainDecorator$VirtualFilterChain.doFilter(ObservationFilterChainDecorator.java:137) ~[spring-security-web-6.5.0-M3.jar:6.5.0-M3]
	at org.springframework.security.web.context.request.async.WebAsyncManagerIntegrationFilter.doFilterInternal(WebAsyncManagerIntegrationFilter.java:62) ~[spring-security-web-6.5.0-M3.jar:6.5.0-M3]
	at org.springframework.web.filter.OncePerRequestFilter.doFilter(OncePerRequestFilter.java:116) ~[spring-web-6.2.5.jar:6.2.5]
	at org.springframework.security.web.ObservationFilterChainDecorator$ObservationFilter.wrapFilter(ObservationFilterChainDecorator.java:240) ~[spring-security-web-6.5.0-M3.jar:6.5.0-M3]
	at org.springframework.security.web.ObservationFilterChainDecorator$ObservationFilter.doFilter(ObservationFilterChainDecorator.java:227) ~[spring-security-web-6.5.0-M3.jar:6.5.0-M3]
	at org.springframework.security.web.ObservationFilterChainDecorator$VirtualFilterChain.doFilter(ObservationFilterChainDecorator.java:137) ~[spring-security-web-6.5.0-M3.jar:6.5.0-M3]
	at org.springframework.security.web.session.DisableEncodeUrlFilter.doFilterInternal(DisableEncodeUrlFilter.java:42) ~[spring-security-web-6.5.0-M3.jar:6.5.0-M3]
	at org.springframework.web.filter.OncePerRequestFilter.doFilter(OncePerRequestFilter.java:116) ~[spring-web-6.2.5.jar:6.2.5]
	at org.springframework.security.web.ObservationFilterChainDecorator$ObservationFilter.wrapFilter(ObservationFilterChainDecorator.java:240) ~[spring-security-web-6.5.0-M3.jar:6.5.0-M3]
	at org.springframework.security.web.ObservationFilterChainDecorator$AroundFilterObservation$SimpleAroundFilterObservation.lambda$wrap$0(ObservationFilterChainDecorator.java:323) ~[spring-security-web-6.5.0-M3.jar:6.5.0-M3]
	at org.springframework.security.web.ObservationFilterChainDecorator$ObservationFilter.doFilter(ObservationFilterChainDecorator.java:224) ~[spring-security-web-6.5.0-M3.jar:6.5.0-M3]
	at org.springframework.security.web.ObservationFilterChainDecorator$VirtualFilterChain.doFilter(ObservationFilterChainDecorator.java:137) ~[spring-security-web-6.5.0-M3.jar:6.5.0-M3]
	at org.springframework.security.web.FilterChainProxy.lambda$doFilterInternal$4(FilterChainProxy.java:237) ~[spring-security-web-6.5.0-M3.jar:6.5.0-M3]
	at org.springframework.web.filter.ServletRequestPathFilter.doFilter(ServletRequestPathFilter.java:52) ~[spring-web-6.2.5.jar:6.2.5]
	at org.springframework.security.web.FilterChainProxy.doFilterInternal(FilterChainProxy.java:216) ~[spring-security-web-6.5.0-M3.jar:6.5.0-M3]
	at org.springframework.security.web.FilterChainProxy.doFilter(FilterChainProxy.java:194) ~[spring-security-web-6.5.0-M3.jar:6.5.0-M3]
	at org.springframework.web.filter.CompositeFilter$VirtualFilterChain.doFilter(CompositeFilter.java:113) ~[spring-web-6.2.5.jar:6.2.5]
	at org.springframework.web.servlet.handler.HandlerMappingIntrospector.lambda$createCacheFilter$3(HandlerMappingIntrospector.java:243) ~[spring-webmvc-6.2.5.jar:6.2.5]
	at org.springframework.web.filter.CompositeFilter$VirtualFilterChain.doFilter(CompositeFilter.java:113) ~[spring-web-6.2.5.jar:6.2.5]
	at org.springframework.web.filter.CompositeFilter.doFilter(CompositeFilter.java:74) ~[spring-web-6.2.5.jar:6.2.5]
	at org.springframework.security.config.annotation.web.configuration.WebMvcSecurityConfiguration$CompositeFilterChainProxy.doFilter(WebMvcSecurityConfiguration.java:238) ~[spring-security-config-6.5.0-M3.jar:6.5.0-M3]
	at org.springframework.web.filter.DelegatingFilterProxy.invokeDelegate(DelegatingFilterProxy.java:362) ~[spring-web-6.2.5.jar:6.2.5]
	at org.springframework.web.filter.DelegatingFilterProxy.doFilter(DelegatingFilterProxy.java:278) ~[spring-web-6.2.5.jar:6.2.5]
	at org.apache.catalina.core.ApplicationFilterChain.internalDoFilter(ApplicationFilterChain.java:164) ~[tomcat-embed-core-10.1.39.jar:10.1.39]
	at org.apache.catalina.core.ApplicationFilterChain.doFilter(ApplicationFilterChain.java:140) ~[tomcat-embed-core-10.1.39.jar:10.1.39]
	at org.springframework.web.filter.RequestContextFilter.doFilterInternal(RequestContextFilter.java:100) ~[spring-web-6.2.5.jar:6.2.5]
	at org.springframework.web.filter.OncePerRequestFilter.doFilter(OncePerRequestFilter.java:116) ~[spring-web-6.2.5.jar:6.2.5]
	at org.apache.catalina.core.ApplicationFilterChain.internalDoFilter(ApplicationFilterChain.java:164) ~[tomcat-embed-core-10.1.39.jar:10.1.39]
	at org.apache.catalina.core.ApplicationFilterChain.doFilter(ApplicationFilterChain.java:140) ~[tomcat-embed-core-10.1.39.jar:10.1.39]
	at org.springframework.web.filter.FormContentFilter.doFilterInternal(FormContentFilter.java:93) ~[spring-web-6.2.5.jar:6.2.5]
	at org.springframework.web.filter.OncePerRequestFilter.doFilter(OncePerRequestFilter.java:116) ~[spring-web-6.2.5.jar:6.2.5]
	at org.apache.catalina.core.ApplicationFilterChain.internalDoFilter(ApplicationFilterChain.java:164) ~[tomcat-embed-core-10.1.39.jar:10.1.39]
	at org.apache.catalina.core.ApplicationFilterChain.doFilter(ApplicationFilterChain.java:140) ~[tomcat-embed-core-10.1.39.jar:10.1.39]
	at org.springframework.web.filter.ServerHttpObservationFilter.doFilterInternal(ServerHttpObservationFilter.java:114) ~[spring-web-6.2.5.jar:6.2.5]
	at org.springframework.web.filter.OncePerRequestFilter.doFilter(OncePerRequestFilter.java:116) ~[spring-web-6.2.5.jar:6.2.5]
	at org.apache.catalina.core.ApplicationFilterChain.internalDoFilter(ApplicationFilterChain.java:164) ~[tomcat-embed-core-10.1.39.jar:10.1.39]
	at org.apache.catalina.core.ApplicationFilterChain.doFilter(ApplicationFilterChain.java:140) ~[tomcat-embed-core-10.1.39.jar:10.1.39]
	at org.springframework.web.filter.CharacterEncodingFilter.doFilterInternal(CharacterEncodingFilter.java:201) ~[spring-web-6.2.5.jar:6.2.5]
	at org.springframework.web.filter.OncePerRequestFilter.doFilter(OncePerRequestFilter.java:116) ~[spring-web-6.2.5.jar:6.2.5]
	at org.apache.catalina.core.ApplicationFilterChain.internalDoFilter(ApplicationFilterChain.java:164) ~[tomcat-embed-core-10.1.39.jar:10.1.39]
	at org.apache.catalina.core.ApplicationFilterChain.doFilter(ApplicationFilterChain.java:140) ~[tomcat-embed-core-10.1.39.jar:10.1.39]
	at org.apache.catalina.core.StandardWrapperValve.invoke(StandardWrapperValve.java:167) ~[tomcat-embed-core-10.1.39.jar:10.1.39]
	at org.apache.catalina.core.StandardContextValve.invoke(StandardContextValve.java:90) ~[tomcat-embed-core-10.1.39.jar:10.1.39]
	at org.apache.catalina.authenticator.AuthenticatorBase.invoke(AuthenticatorBase.java:483) ~[tomcat-embed-core-10.1.39.jar:10.1.39]
	at org.apache.catalina.core.StandardHostValve.invoke(StandardHostValve.java:115) ~[tomcat-embed-core-10.1.39.jar:10.1.39]
	at org.apache.catalina.valves.ErrorReportValve.invoke(ErrorReportValve.java:93) ~[tomcat-embed-core-10.1.39.jar:10.1.39]
	at org.apache.catalina.core.StandardEngineValve.invoke(StandardEngineValve.java:74) ~[tomcat-embed-core-10.1.39.jar:10.1.39]
	at org.apache.catalina.connector.CoyoteAdapter.service(CoyoteAdapter.java:344) ~[tomcat-embed-core-10.1.39.jar:10.1.39]
	at org.apache.coyote.http11.Http11Processor.service(Http11Processor.java:397) ~[tomcat-embed-core-10.1.39.jar:10.1.39]
	at org.apache.coyote.AbstractProcessorLight.process(AbstractProcessorLight.java:63) ~[tomcat-embed-core-10.1.39.jar:10.1.39]
	at org.apache.coyote.AbstractProtocol$ConnectionHandler.process(AbstractProtocol.java:905) ~[tomcat-embed-core-10.1.39.jar:10.1.39]
	at org.apache.tomcat.util.net.NioEndpoint$SocketProcessor.doRun(NioEndpoint.java:1743) ~[tomcat-embed-core-10.1.39.jar:10.1.39]
	at org.apache.tomcat.util.net.SocketProcessorBase.run(SocketProcessorBase.java:52) ~[tomcat-embed-core-10.1.39.jar:10.1.39]
	at org.apache.tomcat.util.threads.ThreadPoolExecutor.runWorker(ThreadPoolExecutor.java:1190) ~[tomcat-embed-core-10.1.39.jar:10.1.39]
	at org.apache.tomcat.util.threads.ThreadPoolExecutor$Worker.run(ThreadPoolExecutor.java:659) ~[tomcat-embed-core-10.1.39.jar:10.1.39]
	at org.apache.tomcat.util.threads.TaskThread$WrappingRunnable.run(TaskThread.java:63) ~[tomcat-embed-core-10.1.39.jar:10.1.39]
	at java.base/java.lang.Thread.run(Thread.java:842) ~[na:na]

2025-03-25T10:46:30.757+05:30 DEBUG 8055 --- [Address Book] [http-nio-8080-exec-7] o.s.security.web.FilterChainProxy        : Securing OPTIONS /error
2025-03-25T10:46:30.758+05:30 DEBUG 8055 --- [Address Book] [http-nio-8080-exec-7] o.s.s.w.a.AnonymousAuthenticationFilter  : Set SecurityContextHolder to anonymous SecurityContext
2025-03-25T10:46:30.760+05:30 DEBUG 8055 --- [Address Book] [http-nio-8080-exec-7] o.s.s.w.a.Http403ForbiddenEntryPoint     : Pre-authenticated entry point called. Rejecting access
2025-03-25T10:46:30.983+05:30 DEBUG 8055 --- [Address Book] [http-nio-8080-exec-8] o.s.security.web.FilterChainProxy        : Securing OPTIONS /api/addressbook
2025-03-25T10:46:30.986+05:30 ERROR 8055 --- [Address Book] [http-nio-8080-exec-8] o.a.c.c.C.[.[.[/].[dispatcherServlet]    : Servlet.service() for servlet [dispatcherServlet] in context with path [] threw exception

java.lang.IllegalArgumentException: When allowCredentials is true, allowedOrigins cannot contain the special value "*" since that cannot be set on the "Access-Control-Allow-Origin" response header. To allow credentials to a set of origins, list them explicitly or consider using "allowedOriginPatterns" instead.
	at org.springframework.web.cors.CorsConfiguration.validateAllowCredentials(CorsConfiguration.java:568) ~[spring-web-6.2.5.jar:6.2.5]
	at org.springframework.web.cors.CorsConfiguration.checkOrigin(CorsConfiguration.java:695) ~[spring-web-6.2.5.jar:6.2.5]
	at org.springframework.web.cors.DefaultCorsProcessor.checkOrigin(DefaultCorsProcessor.java:197) ~[spring-web-6.2.5.jar:6.2.5]
	at org.springframework.web.cors.DefaultCorsProcessor.handleInternal(DefaultCorsProcessor.java:134) ~[spring-web-6.2.5.jar:6.2.5]
	at org.springframework.web.cors.DefaultCorsProcessor.processRequest(DefaultCorsProcessor.java:113) ~[spring-web-6.2.5.jar:6.2.5]
	at org.springframework.web.filter.CorsFilter.doFilterInternal(CorsFilter.java:87) ~[spring-web-6.2.5.jar:6.2.5]
	at org.springframework.web.filter.OncePerRequestFilter.doFilter(OncePerRequestFilter.java:116) ~[spring-web-6.2.5.jar:6.2.5]
	at org.springframework.security.web.ObservationFilterChainDecorator$ObservationFilter.wrapFilter(ObservationFilterChainDecorator.java:240) ~[spring-security-web-6.5.0-M3.jar:6.5.0-M3]
	at org.springframework.security.web.ObservationFilterChainDecorator$ObservationFilter.doFilter(ObservationFilterChainDecorator.java:227) ~[spring-security-web-6.5.0-M3.jar:6.5.0-M3]
	at org.springframework.security.web.ObservationFilterChainDecorator$VirtualFilterChain.doFilter(ObservationFilterChainDecorator.java:137) ~[spring-security-web-6.5.0-M3.jar:6.5.0-M3]
	at org.springframework.security.web.header.HeaderWriterFilter.doHeadersAfter(HeaderWriterFilter.java:90) ~[spring-security-web-6.5.0-M3.jar:6.5.0-M3]
	at org.springframework.security.web.header.HeaderWriterFilter.doFilterInternal(HeaderWriterFilter.java:75) ~[spring-security-web-6.5.0-M3.jar:6.5.0-M3]
	at org.springframework.web.filter.OncePerRequestFilter.doFilter(OncePerRequestFilter.java:116) ~[spring-web-6.2.5.jar:6.2.5]
	at org.springframework.security.web.ObservationFilterChainDecorator$ObservationFilter.wrapFilter(ObservationFilterChainDecorator.java:240) ~[spring-security-web-6.5.0-M3.jar:6.5.0-M3]
	at org.springframework.security.web.ObservationFilterChainDecorator$ObservationFilter.doFilter(ObservationFilterChainDecorator.java:227) ~[spring-security-web-6.5.0-M3.jar:6.5.0-M3]
	at org.springframework.security.web.ObservationFilterChainDecorator$VirtualFilterChain.doFilter(ObservationFilterChainDecorator.java:137) ~[spring-security-web-6.5.0-M3.jar:6.5.0-M3]
	at org.springframework.security.web.context.SecurityContextHolderFilter.doFilter(SecurityContextHolderFilter.java:82) ~[spring-security-web-6.5.0-M3.jar:6.5.0-M3]
	at org.springframework.security.web.context.SecurityContextHolderFilter.doFilter(SecurityContextHolderFilter.java:69) ~[spring-security-web-6.5.0-M3.jar:6.5.0-M3]
	at org.springframework.security.web.ObservationFilterChainDecorator$ObservationFilter.wrapFilter(ObservationFilterChainDecorator.java:240) ~[spring-security-web-6.5.0-M3.jar:6.5.0-M3]
	at org.springframework.security.web.ObservationFilterChainDecorator$ObservationFilter.doFilter(ObservationFilterChainDecorator.java:227) ~[spring-security-web-6.5.0-M3.jar:6.5.0-M3]
	at org.springframework.security.web.ObservationFilterChainDecorator$VirtualFilterChain.doFilter(ObservationFilterChainDecorator.java:137) ~[spring-security-web-6.5.0-M3.jar:6.5.0-M3]
	at org.springframework.security.web.context.request.async.WebAsyncManagerIntegrationFilter.doFilterInternal(WebAsyncManagerIntegrationFilter.java:62) ~[spring-security-web-6.5.0-M3.jar:6.5.0-M3]
	at org.springframework.web.filter.OncePerRequestFilter.doFilter(OncePerRequestFilter.java:116) ~[spring-web-6.2.5.jar:6.2.5]
	at org.springframework.security.web.ObservationFilterChainDecorator$ObservationFilter.wrapFilter(ObservationFilterChainDecorator.java:240) ~[spring-security-web-6.5.0-M3.jar:6.5.0-M3]
	at org.springframework.security.web.ObservationFilterChainDecorator$ObservationFilter.doFilter(ObservationFilterChainDecorator.java:227) ~[spring-security-web-6.5.0-M3.jar:6.5.0-M3]
	at org.springframework.security.web.ObservationFilterChainDecorator$VirtualFilterChain.doFilter(ObservationFilterChainDecorator.java:137) ~[spring-security-web-6.5.0-M3.jar:6.5.0-M3]
	at org.springframework.security.web.session.DisableEncodeUrlFilter.doFilterInternal(DisableEncodeUrlFilter.java:42) ~[spring-security-web-6.5.0-M3.jar:6.5.0-M3]
	at org.springframework.web.filter.OncePerRequestFilter.doFilter(OncePerRequestFilter.java:116) ~[spring-web-6.2.5.jar:6.2.5]
	at org.springframework.security.web.ObservationFilterChainDecorator$ObservationFilter.wrapFilter(ObservationFilterChainDecorator.java:240) ~[spring-security-web-6.5.0-M3.jar:6.5.0-M3]
	at org.springframework.security.web.ObservationFilterChainDecorator$AroundFilterObservation$SimpleAroundFilterObservation.lambda$wrap$0(ObservationFilterChainDecorator.java:323) ~[spring-security-web-6.5.0-M3.jar:6.5.0-M3]
	at org.springframework.security.web.ObservationFilterChainDecorator$ObservationFilter.doFilter(ObservationFilterChainDecorator.java:224) ~[spring-security-web-6.5.0-M3.jar:6.5.0-M3]
	at org.springframework.security.web.ObservationFilterChainDecorator$VirtualFilterChain.doFilter(ObservationFilterChainDecorator.java:137) ~[spring-security-web-6.5.0-M3.jar:6.5.0-M3]
	at org.springframework.security.web.FilterChainProxy.lambda$doFilterInternal$4(FilterChainProxy.java:237) ~[spring-security-web-6.5.0-M3.jar:6.5.0-M3]
	at org.springframework.web.filter.ServletRequestPathFilter.doFilter(ServletRequestPathFilter.java:52) ~[spring-web-6.2.5.jar:6.2.5]
	at org.springframework.security.web.FilterChainProxy.doFilterInternal(FilterChainProxy.java:216) ~[spring-security-web-6.5.0-M3.jar:6.5.0-M3]
	at org.springframework.security.web.FilterChainProxy.doFilter(FilterChainProxy.java:194) ~[spring-security-web-6.5.0-M3.jar:6.5.0-M3]
	at org.springframework.web.filter.CompositeFilter$VirtualFilterChain.doFilter(CompositeFilter.java:113) ~[spring-web-6.2.5.jar:6.2.5]
	at org.springframework.web.servlet.handler.HandlerMappingIntrospector.lambda$createCacheFilter$3(HandlerMappingIntrospector.java:243) ~[spring-webmvc-6.2.5.jar:6.2.5]
	at org.springframework.web.filter.CompositeFilter$VirtualFilterChain.doFilter(CompositeFilter.java:113) ~[spring-web-6.2.5.jar:6.2.5]
	at org.springframework.web.filter.CompositeFilter.doFilter(CompositeFilter.java:74) ~[spring-web-6.2.5.jar:6.2.5]
	at org.springframework.security.config.annotation.web.configuration.WebMvcSecurityConfiguration$CompositeFilterChainProxy.doFilter(WebMvcSecurityConfiguration.java:238) ~[spring-security-config-6.5.0-M3.jar:6.5.0-M3]
	at org.springframework.web.filter.DelegatingFilterProxy.invokeDelegate(DelegatingFilterProxy.java:362) ~[spring-web-6.2.5.jar:6.2.5]
	at org.springframework.web.filter.DelegatingFilterProxy.doFilter(DelegatingFilterProxy.java:278) ~[spring-web-6.2.5.jar:6.2.5]
	at org.apache.catalina.core.ApplicationFilterChain.internalDoFilter(ApplicationFilterChain.java:164) ~[tomcat-embed-core-10.1.39.jar:10.1.39]
	at org.apache.catalina.core.ApplicationFilterChain.doFilter(ApplicationFilterChain.java:140) ~[tomcat-embed-core-10.1.39.jar:10.1.39]
	at org.springframework.web.filter.RequestContextFilter.doFilterInternal(RequestContextFilter.java:100) ~[spring-web-6.2.5.jar:6.2.5]
	at org.springframework.web.filter.OncePerRequestFilter.doFilter(OncePerRequestFilter.java:116) ~[spring-web-6.2.5.jar:6.2.5]
	at org.apache.catalina.core.ApplicationFilterChain.internalDoFilter(ApplicationFilterChain.java:164) ~[tomcat-embed-core-10.1.39.jar:10.1.39]
	at org.apache.catalina.core.ApplicationFilterChain.doFilter(ApplicationFilterChain.java:140) ~[tomcat-embed-core-10.1.39.jar:10.1.39]
	at org.springframework.web.filter.FormContentFilter.doFilterInternal(FormContentFilter.java:93) ~[spring-web-6.2.5.jar:6.2.5]
	at org.springframework.web.filter.OncePerRequestFilter.doFilter(OncePerRequestFilter.java:116) ~[spring-web-6.2.5.jar:6.2.5]
	at org.apache.catalina.core.ApplicationFilterChain.internalDoFilter(ApplicationFilterChain.java:164) ~[tomcat-embed-core-10.1.39.jar:10.1.39]
	at org.apache.catalina.core.ApplicationFilterChain.doFilter(ApplicationFilterChain.java:140) ~[tomcat-embed-core-10.1.39.jar:10.1.39]
	at org.springframework.web.filter.ServerHttpObservationFilter.doFilterInternal(ServerHttpObservationFilter.java:114) ~[spring-web-6.2.5.jar:6.2.5]
	at org.springframework.web.filter.OncePerRequestFilter.doFilter(OncePerRequestFilter.java:116) ~[spring-web-6.2.5.jar:6.2.5]
	at org.apache.catalina.core.ApplicationFilterChain.internalDoFilter(ApplicationFilterChain.java:164) ~[tomcat-embed-core-10.1.39.jar:10.1.39]
	at org.apache.catalina.core.ApplicationFilterChain.doFilter(ApplicationFilterChain.java:140) ~[tomcat-embed-core-10.1.39.jar:10.1.39]
	at org.springframework.web.filter.CharacterEncodingFilter.doFilterInternal(CharacterEncodingFilter.java:201) ~[spring-web-6.2.5.jar:6.2.5]
	at org.springframework.web.filter.OncePerRequestFilter.doFilter(OncePerRequestFilter.java:116) ~[spring-web-6.2.5.jar:6.2.5]
	at org.apache.catalina.core.ApplicationFilterChain.internalDoFilter(ApplicationFilterChain.java:164) ~[tomcat-embed-core-10.1.39.jar:10.1.39]
	at org.apache.catalina.core.ApplicationFilterChain.doFilter(ApplicationFilterChain.java:140) ~[tomcat-embed-core-10.1.39.jar:10.1.39]
	at org.apache.catalina.core.StandardWrapperValve.invoke(StandardWrapperValve.java:167) ~[tomcat-embed-core-10.1.39.jar:10.1.39]
	at org.apache.catalina.core.StandardContextValve.invoke(StandardContextValve.java:90) ~[tomcat-embed-core-10.1.39.jar:10.1.39]
	at org.apache.catalina.authenticator.AuthenticatorBase.invoke(AuthenticatorBase.java:483) ~[tomcat-embed-core-10.1.39.jar:10.1.39]
	at org.apache.catalina.core.StandardHostValve.invoke(StandardHostValve.java:115) ~[tomcat-embed-core-10.1.39.jar:10.1.39]
	at org.apache.catalina.valves.ErrorReportValve.invoke(ErrorReportValve.java:93) ~[tomcat-embed-core-10.1.39.jar:10.1.39]
	at org.apache.catalina.core.StandardEngineValve.invoke(StandardEngineValve.java:74) ~[tomcat-embed-core-10.1.39.jar:10.1.39]
	at org.apache.catalina.connector.CoyoteAdapter.service(CoyoteAdapter.java:344) ~[tomcat-embed-core-10.1.39.jar:10.1.39]
	at org.apache.coyote.http11.Http11Processor.service(Http11Processor.java:397) ~[tomcat-embed-core-10.1.39.jar:10.1.39]
	at org.apache.coyote.AbstractProcessorLight.process(AbstractProcessorLight.java:63) ~[tomcat-embed-core-10.1.39.jar:10.1.39]
	at org.apache.coyote.AbstractProtocol$ConnectionHandler.process(AbstractProtocol.java:905) ~[tomcat-embed-core-10.1.39.jar:10.1.39]
	at org.apache.tomcat.util.net.NioEndpoint$SocketProcessor.doRun(NioEndpoint.java:1743) ~[tomcat-embed-core-10.1.39.jar:10.1.39]
	at org.apache.tomcat.util.net.SocketProcessorBase.run(SocketProcessorBase.java:52) ~[tomcat-embed-core-10.1.39.jar:10.1.39]
	at org.apache.tomcat.util.threads.ThreadPoolExecutor.runWorker(ThreadPoolExecutor.java:1190) ~[tomcat-embed-core-10.1.39.jar:10.1.39]
	at org.apache.tomcat.util.threads.ThreadPoolExecutor$Worker.run(ThreadPoolExecutor.java:659) ~[tomcat-embed-core-10.1.39.jar:10.1.39]
	at org.apache.tomcat.util.threads.TaskThread$WrappingRunnable.run(TaskThread.java:63) ~[tomcat-embed-core-10.1.39.jar:10.1.39]
	at java.base/java.lang.Thread.run(Thread.java:842) ~[na:na]

2025-03-25T10:46:30.990+05:30 DEBUG 8055 --- [Address Book] [http-nio-8080-exec-8] o.s.security.web.FilterChainProxy        : Securing OPTIONS /error
2025-03-25T10:46:30.992+05:30 DEBUG 8055 --- [Address Book] [http-nio-8080-exec-8] o.s.s.w.a.AnonymousAuthenticationFilter  : Set SecurityContextHolder to anonymous SecurityContext
2025-03-25T10:46:30.994+05:30 DEBUG 8055 --- [Address Book] [http-nio-8080-exec-8] o.s.s.w.a.Http403ForbiddenEntryPoint     : Pre-authenticated entry point called. Rejecting access
2025-03-25T10:46:31.184+05:30 DEBUG 8055 --- [Address Book] [http-nio-8080-exec-9] o.s.security.web.FilterChainProxy        : Securing OPTIONS /api/addressbook
2025-03-25T10:46:31.186+05:30 ERROR 8055 --- [Address Book] [http-nio-8080-exec-9] o.a.c.c.C.[.[.[/].[dispatcherServlet]    : Servlet.service() for servlet [dispatcherServlet] in context with path [] threw exception

java.lang.IllegalArgumentException: When allowCredentials is true, allowedOrigins cannot contain the special value "*" since that cannot be set on the "Access-Control-Allow-Origin" response header. To allow credentials to a set of origins, list them explicitly or consider using "allowedOriginPatterns" instead.
	at org.springframework.web.cors.CorsConfiguration.validateAllowCredentials(CorsConfiguration.java:568) ~[spring-web-6.2.5.jar:6.2.5]
	at org.springframework.web.cors.CorsConfiguration.checkOrigin(CorsConfiguration.java:695) ~[spring-web-6.2.5.jar:6.2.5]
	at org.springframework.web.cors.DefaultCorsProcessor.checkOrigin(DefaultCorsProcessor.java:197) ~[spring-web-6.2.5.jar:6.2.5]
	at org.springframework.web.cors.DefaultCorsProcessor.handleInternal(DefaultCorsProcessor.java:134) ~[spring-web-6.2.5.jar:6.2.5]
	at org.springframework.web.cors.DefaultCorsProcessor.processRequest(DefaultCorsProcessor.java:113) ~[spring-web-6.2.5.jar:6.2.5]
	at org.springframework.web.filter.CorsFilter.doFilterInternal(CorsFilter.java:87) ~[spring-web-6.2.5.jar:6.2.5]
	at org.springframework.web.filter.OncePerRequestFilter.doFilter(OncePerRequestFilter.java:116) ~[spring-web-6.2.5.jar:6.2.5]
	at org.springframework.security.web.ObservationFilterChainDecorator$ObservationFilter.wrapFilter(ObservationFilterChainDecorator.java:240) ~[spring-security-web-6.5.0-M3.jar:6.5.0-M3]
	at org.springframework.security.web.ObservationFilterChainDecorator$ObservationFilter.doFilter(ObservationFilterChainDecorator.java:227) ~[spring-security-web-6.5.0-M3.jar:6.5.0-M3]
	at org.springframework.security.web.ObservationFilterChainDecorator$VirtualFilterChain.doFilter(ObservationFilterChainDecorator.java:137) ~[spring-security-web-6.5.0-M3.jar:6.5.0-M3]
	at org.springframework.security.web.header.HeaderWriterFilter.doHeadersAfter(HeaderWriterFilter.java:90) ~[spring-security-web-6.5.0-M3.jar:6.5.0-M3]
	at org.springframework.security.web.header.HeaderWriterFilter.doFilterInternal(HeaderWriterFilter.java:75) ~[spring-security-web-6.5.0-M3.jar:6.5.0-M3]
	at org.springframework.web.filter.OncePerRequestFilter.doFilter(OncePerRequestFilter.java:116) ~[spring-web-6.2.5.jar:6.2.5]
	at org.springframework.security.web.ObservationFilterChainDecorator$ObservationFilter.wrapFilter(ObservationFilterChainDecorator.java:240) ~[spring-security-web-6.5.0-M3.jar:6.5.0-M3]
	at org.springframework.security.web.ObservationFilterChainDecorator$ObservationFilter.doFilter(ObservationFilterChainDecorator.java:227) ~[spring-security-web-6.5.0-M3.jar:6.5.0-M3]
	at org.springframework.security.web.ObservationFilterChainDecorator$VirtualFilterChain.doFilter(ObservationFilterChainDecorator.java:137) ~[spring-security-web-6.5.0-M3.jar:6.5.0-M3]
	at org.springframework.security.web.context.SecurityContextHolderFilter.doFilter(SecurityContextHolderFilter.java:82) ~[spring-security-web-6.5.0-M3.jar:6.5.0-M3]
	at org.springframework.security.web.context.SecurityContextHolderFilter.doFilter(SecurityContextHolderFilter.java:69) ~[spring-security-web-6.5.0-M3.jar:6.5.0-M3]
	at org.springframework.security.web.ObservationFilterChainDecorator$ObservationFilter.wrapFilter(ObservationFilterChainDecorator.java:240) ~[spring-security-web-6.5.0-M3.jar:6.5.0-M3]
	at org.springframework.security.web.ObservationFilterChainDecorator$ObservationFilter.doFilter(ObservationFilterChainDecorator.java:227) ~[spring-security-web-6.5.0-M3.jar:6.5.0-M3]
	at org.springframework.security.web.ObservationFilterChainDecorator$VirtualFilterChain.doFilter(ObservationFilterChainDecorator.java:137) ~[spring-security-web-6.5.0-M3.jar:6.5.0-M3]
	at org.springframework.security.web.context.request.async.WebAsyncManagerIntegrationFilter.doFilterInternal(WebAsyncManagerIntegrationFilter.java:62) ~[spring-security-web-6.5.0-M3.jar:6.5.0-M3]
	at org.springframework.web.filter.OncePerRequestFilter.doFilter(OncePerRequestFilter.java:116) ~[spring-web-6.2.5.jar:6.2.5]
	at org.springframework.security.web.ObservationFilterChainDecorator$ObservationFilter.wrapFilter(ObservationFilterChainDecorator.java:240) ~[spring-security-web-6.5.0-M3.jar:6.5.0-M3]
	at org.springframework.security.web.ObservationFilterChainDecorator$ObservationFilter.doFilter(ObservationFilterChainDecorator.java:227) ~[spring-security-web-6.5.0-M3.jar:6.5.0-M3]
	at org.springframework.security.web.ObservationFilterChainDecorator$VirtualFilterChain.doFilter(ObservationFilterChainDecorator.java:137) ~[spring-security-web-6.5.0-M3.jar:6.5.0-M3]
	at org.springframework.security.web.session.DisableEncodeUrlFilter.doFilterInternal(DisableEncodeUrlFilter.java:42) ~[spring-security-web-6.5.0-M3.jar:6.5.0-M3]
	at org.springframework.web.filter.OncePerRequestFilter.doFilter(OncePerRequestFilter.java:116) ~[spring-web-6.2.5.jar:6.2.5]
	at org.springframework.security.web.ObservationFilterChainDecorator$ObservationFilter.wrapFilter(ObservationFilterChainDecorator.java:240) ~[spring-security-web-6.5.0-M3.jar:6.5.0-M3]
	at org.springframework.security.web.ObservationFilterChainDecorator$AroundFilterObservation$SimpleAroundFilterObservation.lambda$wrap$0(ObservationFilterChainDecorator.java:323) ~[spring-security-web-6.5.0-M3.jar:6.5.0-M3]
	at org.springframework.security.web.ObservationFilterChainDecorator$ObservationFilter.doFilter(ObservationFilterChainDecorator.java:224) ~[spring-security-web-6.5.0-M3.jar:6.5.0-M3]
	at org.springframework.security.web.ObservationFilterChainDecorator$VirtualFilterChain.doFilter(ObservationFilterChainDecorator.java:137) ~[spring-security-web-6.5.0-M3.jar:6.5.0-M3]
	at org.springframework.security.web.FilterChainProxy.lambda$doFilterInternal$4(FilterChainProxy.java:237) ~[spring-security-web-6.5.0-M3.jar:6.5.0-M3]
	at org.springframework.web.filter.ServletRequestPathFilter.doFilter(ServletRequestPathFilter.java:52) ~[spring-web-6.2.5.jar:6.2.5]
	at org.springframework.security.web.FilterChainProxy.doFilterInternal(FilterChainProxy.java:216) ~[spring-security-web-6.5.0-M3.jar:6.5.0-M3]
	at org.springframework.security.web.FilterChainProxy.doFilter(FilterChainProxy.java:194) ~[spring-security-web-6.5.0-M3.jar:6.5.0-M3]
	at org.springframework.web.filter.CompositeFilter$VirtualFilterChain.doFilter(CompositeFilter.java:113) ~[spring-web-6.2.5.jar:6.2.5]
	at org.springframework.web.servlet.handler.HandlerMappingIntrospector.lambda$createCacheFilter$3(HandlerMappingIntrospector.java:243) ~[spring-webmvc-6.2.5.jar:6.2.5]
	at org.springframework.web.filter.CompositeFilter$VirtualFilterChain.doFilter(CompositeFilter.java:113) ~[spring-web-6.2.5.jar:6.2.5]
	at org.springframework.web.filter.CompositeFilter.doFilter(CompositeFilter.java:74) ~[spring-web-6.2.5.jar:6.2.5]
	at org.springframework.security.config.annotation.web.configuration.WebMvcSecurityConfiguration$CompositeFilterChainProxy.doFilter(WebMvcSecurityConfiguration.java:238) ~[spring-security-config-6.5.0-M3.jar:6.5.0-M3]
	at org.springframework.web.filter.DelegatingFilterProxy.invokeDelegate(DelegatingFilterProxy.java:362) ~[spring-web-6.2.5.jar:6.2.5]
	at org.springframework.web.filter.DelegatingFilterProxy.doFilter(DelegatingFilterProxy.java:278) ~[spring-web-6.2.5.jar:6.2.5]
	at org.apache.catalina.core.ApplicationFilterChain.internalDoFilter(ApplicationFilterChain.java:164) ~[tomcat-embed-core-10.1.39.jar:10.1.39]
	at org.apache.catalina.core.ApplicationFilterChain.doFilter(ApplicationFilterChain.java:140) ~[tomcat-embed-core-10.1.39.jar:10.1.39]
	at org.springframework.web.filter.RequestContextFilter.doFilterInternal(RequestContextFilter.java:100) ~[spring-web-6.2.5.jar:6.2.5]
	at org.springframework.web.filter.OncePerRequestFilter.doFilter(OncePerRequestFilter.java:116) ~[spring-web-6.2.5.jar:6.2.5]
	at org.apache.catalina.core.ApplicationFilterChain.internalDoFilter(ApplicationFilterChain.java:164) ~[tomcat-embed-core-10.1.39.jar:10.1.39]
	at org.apache.catalina.core.ApplicationFilterChain.doFilter(ApplicationFilterChain.java:140) ~[tomcat-embed-core-10.1.39.jar:10.1.39]
	at org.springframework.web.filter.FormContentFilter.doFilterInternal(FormContentFilter.java:93) ~[spring-web-6.2.5.jar:6.2.5]
	at org.springframework.web.filter.OncePerRequestFilter.doFilter(OncePerRequestFilter.java:116) ~[spring-web-6.2.5.jar:6.2.5]
	at org.apache.catalina.core.ApplicationFilterChain.internalDoFilter(ApplicationFilterChain.java:164) ~[tomcat-embed-core-10.1.39.jar:10.1.39]
	at org.apache.catalina.core.ApplicationFilterChain.doFilter(ApplicationFilterChain.java:140) ~[tomcat-embed-core-10.1.39.jar:10.1.39]
	at org.springframework.web.filter.ServerHttpObservationFilter.doFilterInternal(ServerHttpObservationFilter.java:114) ~[spring-web-6.2.5.jar:6.2.5]
	at org.springframework.web.filter.OncePerRequestFilter.doFilter(OncePerRequestFilter.java:116) ~[spring-web-6.2.5.jar:6.2.5]
	at org.apache.catalina.core.ApplicationFilterChain.internalDoFilter(ApplicationFilterChain.java:164) ~[tomcat-embed-core-10.1.39.jar:10.1.39]
	at org.apache.catalina.core.ApplicationFilterChain.doFilter(ApplicationFilterChain.java:140) ~[tomcat-embed-core-10.1.39.jar:10.1.39]
	at org.springframework.web.filter.CharacterEncodingFilter.doFilterInternal(CharacterEncodingFilter.java:201) ~[spring-web-6.2.5.jar:6.2.5]
	at org.springframework.web.filter.OncePerRequestFilter.doFilter(OncePerRequestFilter.java:116) ~[spring-web-6.2.5.jar:6.2.5]
	at org.apache.catalina.core.ApplicationFilterChain.internalDoFilter(ApplicationFilterChain.java:164) ~[tomcat-embed-core-10.1.39.jar:10.1.39]
	at org.apache.catalina.core.ApplicationFilterChain.doFilter(ApplicationFilterChain.java:140) ~[tomcat-embed-core-10.1.39.jar:10.1.39]
	at org.apache.catalina.core.StandardWrapperValve.invoke(StandardWrapperValve.java:167) ~[tomcat-embed-core-10.1.39.jar:10.1.39]
	at org.apache.catalina.core.StandardContextValve.invoke(StandardContextValve.java:90) ~[tomcat-embed-core-10.1.39.jar:10.1.39]
	at org.apache.catalina.authenticator.AuthenticatorBase.invoke(AuthenticatorBase.java:483) ~[tomcat-embed-core-10.1.39.jar:10.1.39]
	at org.apache.catalina.core.StandardHostValve.invoke(StandardHostValve.java:115) ~[tomcat-embed-core-10.1.39.jar:10.1.39]
	at org.apache.catalina.valves.ErrorReportValve.invoke(ErrorReportValve.java:93) ~[tomcat-embed-core-10.1.39.jar:10.1.39]
	at org.apache.catalina.core.StandardEngineValve.invoke(StandardEngineValve.java:74) ~[tomcat-embed-core-10.1.39.jar:10.1.39]
	at org.apache.catalina.connector.CoyoteAdapter.service(CoyoteAdapter.java:344) ~[tomcat-embed-core-10.1.39.jar:10.1.39]
	at org.apache.coyote.http11.Http11Processor.service(Http11Processor.java:397) ~[tomcat-embed-core-10.1.39.jar:10.1.39]
	at org.apache.coyote.AbstractProcessorLight.process(AbstractProcessorLight.java:63) ~[tomcat-embed-core-10.1.39.jar:10.1.39]
	at org.apache.coyote.AbstractProtocol$ConnectionHandler.process(AbstractProtocol.java:905) ~[tomcat-embed-core-10.1.39.jar:10.1.39]
	at org.apache.tomcat.util.net.NioEndpoint$SocketProcessor.doRun(NioEndpoint.java:1743) ~[tomcat-embed-core-10.1.39.jar:10.1.39]
	at org.apache.tomcat.util.net.SocketProcessorBase.run(SocketProcessorBase.java:52) ~[tomcat-embed-core-10.1.39.jar:10.1.39]
	at org.apache.tomcat.util.threads.ThreadPoolExecutor.runWorker(ThreadPoolExecutor.java:1190) ~[tomcat-embed-core-10.1.39.jar:10.1.39]
	at org.apache.tomcat.util.threads.ThreadPoolExecutor$Worker.run(ThreadPoolExecutor.java:659) ~[tomcat-embed-core-10.1.39.jar:10.1.39]
	at org.apache.tomcat.util.threads.TaskThread$WrappingRunnable.run(TaskThread.java:63) ~[tomcat-embed-core-10.1.39.jar:10.1.39]
	at java.base/java.lang.Thread.run(Thread.java:842) ~[na:na]

2025-03-25T10:46:31.188+05:30 DEBUG 8055 --- [Address Book] [http-nio-8080-exec-9] o.s.security.web.FilterChainProxy        : Securing OPTIONS /error
2025-03-25T10:46:31.190+05:30 DEBUG 8055 --- [Address Book] [http-nio-8080-exec-9] o.s.s.w.a.AnonymousAuthenticationFilter  : Set SecurityContextHolder to anonymous SecurityContext
2025-03-25T10:46:31.192+05:30 DEBUG 8055 --- [Address Book] [http-nio-8080-exec-9] o.s.s.w.a.Http403ForbiddenEntryPoint     : Pre-authenticated entry point called. Rejecting access
2025-03-25T10:47:05.841+05:30  INFO 8055 --- [Address Book] [SpringApplicationShutdownHook] o.s.b.w.e.tomcat.GracefulShutdown        : Commencing graceful shutdown. Waiting for active requests to complete
2025-03-25T10:47:05.851+05:30  INFO 8055 --- [Address Book] [tomcat-shutdown] o.s.b.w.e.tomcat.GracefulShutdown        : Graceful shutdown complete
2025-03-25T10:47:05.861+05:30  INFO 8055 --- [Address Book] [SpringApplicationShutdownHook] j.LocalContainerEntityManagerFactoryBean : Closing JPA EntityManagerFactory for persistence unit 'default'
2025-03-25T10:47:05.869+05:30  INFO 8055 --- [Address Book] [SpringApplicationShutdownHook] com.zaxxer.hikari.HikariDataSource       : HikariPool-1 - Shutdown initiated...
2025-03-25T10:47:05.899+05:30  INFO 8055 --- [Address Book] [SpringApplicationShutdownHook] com.zaxxer.hikari.HikariDataSource       : HikariPool-1 - Shutdown completed.
2025-03-25T10:47:13.369+05:30  INFO 8866 --- [Address Book] [restartedMain] c.e.addressbook.AddressBookApplication   : Starting AddressBookApplication using Java 17.0.9 with PID 8866 (/Users/samikshathakur/Documents/Capgemini/BL_SpringAddressBookApp/target/classes started by samikshathakur in /Users/samikshathakur/Documents/Capgemini/BL_SpringAddressBookApp)
2025-03-25T10:47:13.371+05:30 DEBUG 8866 --- [Address Book] [restartedMain] c.e.addressbook.AddressBookApplication   : Running with Spring Boot v3.5.0-SNAPSHOT, Spring v6.2.5
2025-03-25T10:47:13.371+05:30  INFO 8866 --- [Address Book] [restartedMain] c.e.addressbook.AddressBookApplication   : No active profile set, falling back to 1 default profile: "default"
2025-03-25T10:47:13.417+05:30  INFO 8866 --- [Address Book] [restartedMain] .e.DevToolsPropertyDefaultsPostProcessor : Devtools property defaults active! Set 'spring.devtools.add-properties' to 'false' to disable
2025-03-25T10:47:13.418+05:30  INFO 8866 --- [Address Book] [restartedMain] .e.DevToolsPropertyDefaultsPostProcessor : For additional web related logging consider setting the 'logging.level.web' property to 'DEBUG'
2025-03-25T10:47:13.789+05:30  INFO 8866 --- [Address Book] [restartedMain] .s.d.r.c.RepositoryConfigurationDelegate : Bootstrapping Spring Data JPA repositories in DEFAULT mode.
2025-03-25T10:47:13.822+05:30  INFO 8866 --- [Address Book] [restartedMain] .s.d.r.c.RepositoryConfigurationDelegate : Finished Spring Data repository scanning in 23 ms. Found 2 JPA repository interfaces.
2025-03-25T10:47:14.403+05:30  INFO 8866 --- [Address Book] [restartedMain] o.s.b.w.embedded.tomcat.TomcatWebServer  : Tomcat initialized with port 8080 (http)
2025-03-25T10:47:14.410+05:30  INFO 8866 --- [Address Book] [restartedMain] o.apache.catalina.core.StandardService   : Starting service [Tomcat]
2025-03-25T10:47:14.410+05:30  INFO 8866 --- [Address Book] [restartedMain] o.apache.catalina.core.StandardEngine    : Starting Servlet engine: [Apache Tomcat/10.1.39]
2025-03-25T10:47:14.430+05:30  INFO 8866 --- [Address Book] [restartedMain] o.a.c.c.C.[Tomcat].[localhost].[/]       : Initializing Spring embedded WebApplicationContext
2025-03-25T10:47:14.430+05:30  INFO 8866 --- [Address Book] [restartedMain] w.s.c.ServletWebServerApplicationContext : Root WebApplicationContext: initialization completed in 1012 ms
2025-03-25T10:47:14.627+05:30  INFO 8866 --- [Address Book] [restartedMain] o.hibernate.jpa.internal.util.LogHelper  : HHH000204: Processing PersistenceUnitInfo [name: default]
2025-03-25T10:47:14.677+05:30  INFO 8866 --- [Address Book] [restartedMain] org.hibernate.Version                    : HHH000412: Hibernate ORM core version 6.6.11.Final
2025-03-25T10:47:14.699+05:30  INFO 8866 --- [Address Book] [restartedMain] o.h.c.internal.RegionFactoryInitiator    : HHH000026: Second-level cache disabled
2025-03-25T10:47:14.857+05:30  INFO 8866 --- [Address Book] [restartedMain] o.s.o.j.p.SpringPersistenceUnitInfo      : No LoadTimeWeaver setup: ignoring JPA class transformer
2025-03-25T10:47:14.873+05:30  INFO 8866 --- [Address Book] [restartedMain] com.zaxxer.hikari.HikariDataSource       : HikariPool-1 - Starting...
2025-03-25T10:47:15.126+05:30  INFO 8866 --- [Address Book] [restartedMain] com.zaxxer.hikari.pool.HikariPool        : HikariPool-1 - Added connection com.mysql.cj.jdbc.ConnectionImpl@2bf9c183
2025-03-25T10:47:15.127+05:30  INFO 8866 --- [Address Book] [restartedMain] com.zaxxer.hikari.HikariDataSource       : HikariPool-1 - Start completed.
2025-03-25T10:47:15.176+05:30  WARN 8866 --- [Address Book] [restartedMain] org.hibernate.orm.deprecation            : HHH90000025: MySQL8Dialect does not need to be specified explicitly using 'hibernate.dialect' (remove the property setting and it will be selected by default)
2025-03-25T10:47:15.176+05:30  WARN 8866 --- [Address Book] [restartedMain] org.hibernate.orm.deprecation            : HHH90000026: MySQL8Dialect has been deprecated; use org.hibernate.dialect.MySQLDialect instead
2025-03-25T10:47:15.185+05:30  INFO 8866 --- [Address Book] [restartedMain] org.hibernate.orm.connections.pooling    : HHH10001005: Database info:
	Database JDBC URL [Connecting through datasource 'HikariDataSource (HikariPool-1)']
	Database driver: undefined/unknown
	Database version: 8.0
	Autocommit mode: undefined/unknown
	Isolation level: undefined/unknown
	Minimum pool size: undefined/unknown
	Maximum pool size: undefined/unknown
2025-03-25T10:47:15.654+05:30  INFO 8866 --- [Address Book] [restartedMain] o.h.e.t.j.p.i.JtaPlatformInitiator       : HHH000489: No JTA platform available (set 'hibernate.transaction.jta.platform' to enable JTA platform integration)
2025-03-25T10:47:15.728+05:30  INFO 8866 --- [Address Book] [restartedMain] j.LocalContainerEntityManagerFactoryBean : Initialized JPA EntityManagerFactory for persistence unit 'default'
2025-03-25T10:47:15.914+05:30 DEBUG 8866 --- [Address Book] [restartedMain] c.e.a.security.JwtAuthenticationFilter   : Filter 'jwtAuthenticationFilter' configured for use
2025-03-25T10:47:15.939+05:30  WARN 8866 --- [Address Book] [restartedMain] r$InitializeUserDetailsManagerConfigurer : Found 2 UserDetailsService beans, with names [customUserDetailsService, userDetailsService]. Global Authentication Manager will not use a UserDetailsService for username/password login. Consider publishing a single UserDetailsService bean.
2025-03-25T10:47:15.939+05:30 DEBUG 8866 --- [Address Book] [restartedMain] swordEncoderAuthenticationManagerBuilder : No authenticationProviders and no parentAuthenticationManager defined. Returning null.
2025-03-25T10:47:15.970+05:30  WARN 8866 --- [Address Book] [restartedMain] JpaBaseConfiguration$JpaWebConfiguration : spring.jpa.open-in-view is enabled by default. Therefore, database queries may be performed during view rendering. Explicitly configure spring.jpa.open-in-view to disable this warning
2025-03-25T10:47:16.210+05:30  INFO 8866 --- [Address Book] [restartedMain] o.s.b.a.e.web.EndpointLinksResolver      : Exposing 1 endpoint beneath base path '/actuator'
2025-03-25T10:47:16.243+05:30 DEBUG 8866 --- [Address Book] [restartedMain] o.s.s.web.DefaultSecurityFilterChain     : Will secure any request with filters: DisableEncodeUrlFilter, WebAsyncManagerIntegrationFilter, SecurityContextHolderFilter, HeaderWriterFilter, CorsFilter, LogoutFilter, JwtAuthenticationFilter, RequestCacheAwareFilter, SecurityContextHolderAwareRequestFilter, AnonymousAuthenticationFilter, SessionManagementFilter, ExceptionTranslationFilter, AuthorizationFilter
2025-03-25T10:47:16.433+05:30  INFO 8866 --- [Address Book] [restartedMain] o.s.b.d.a.OptionalLiveReloadServer       : LiveReload server is running on port 35729
2025-03-25T10:47:16.472+05:30  INFO 8866 --- [Address Book] [restartedMain] o.s.b.w.embedded.tomcat.TomcatWebServer  : Tomcat started on port 8080 (http) with context path '/'
2025-03-25T10:47:16.486+05:30  INFO 8866 --- [Address Book] [restartedMain] c.e.addressbook.AddressBookApplication   : Started AddressBookApplication in 3.392 seconds (process running for 3.815)
2025-03-25T10:47:37.367+05:30  INFO 8866 --- [Address Book] [http-nio-8080-exec-1] o.a.c.c.C.[Tomcat].[localhost].[/]       : Initializing Spring DispatcherServlet 'dispatcherServlet'
2025-03-25T10:47:37.368+05:30  INFO 8866 --- [Address Book] [http-nio-8080-exec-1] o.s.web.servlet.DispatcherServlet        : Initializing Servlet 'dispatcherServlet'
2025-03-25T10:47:37.371+05:30  INFO 8866 --- [Address Book] [http-nio-8080-exec-1] o.s.web.servlet.DispatcherServlet        : Completed initialization in 3 ms
2025-03-25T10:47:37.386+05:30 DEBUG 8866 --- [Address Book] [http-nio-8080-exec-1] o.s.security.web.FilterChainProxy        : Securing OPTIONS /api/addressbook
2025-03-25T10:47:37.403+05:30 ERROR 8866 --- [Address Book] [http-nio-8080-exec-1] o.a.c.c.C.[.[.[/].[dispatcherServlet]    : Servlet.service() for servlet [dispatcherServlet] in context with path [] threw exception

java.lang.IllegalArgumentException: When allowCredentials is true, allowedOrigins cannot contain the special value "*" since that cannot be set on the "Access-Control-Allow-Origin" response header. To allow credentials to a set of origins, list them explicitly or consider using "allowedOriginPatterns" instead.
	at org.springframework.web.cors.CorsConfiguration.validateAllowCredentials(CorsConfiguration.java:568) ~[spring-web-6.2.5.jar:6.2.5]
	at org.springframework.web.cors.CorsConfiguration.checkOrigin(CorsConfiguration.java:695) ~[spring-web-6.2.5.jar:6.2.5]
	at org.springframework.web.cors.DefaultCorsProcessor.checkOrigin(DefaultCorsProcessor.java:197) ~[spring-web-6.2.5.jar:6.2.5]
	at org.springframework.web.cors.DefaultCorsProcessor.handleInternal(DefaultCorsProcessor.java:134) ~[spring-web-6.2.5.jar:6.2.5]
	at org.springframework.web.cors.DefaultCorsProcessor.processRequest(DefaultCorsProcessor.java:113) ~[spring-web-6.2.5.jar:6.2.5]
	at org.springframework.web.filter.CorsFilter.doFilterInternal(CorsFilter.java:87) ~[spring-web-6.2.5.jar:6.2.5]
	at org.springframework.web.filter.OncePerRequestFilter.doFilter(OncePerRequestFilter.java:116) ~[spring-web-6.2.5.jar:6.2.5]
	at org.springframework.security.web.ObservationFilterChainDecorator$ObservationFilter.wrapFilter(ObservationFilterChainDecorator.java:240) ~[spring-security-web-6.5.0-M3.jar:6.5.0-M3]
	at org.springframework.security.web.ObservationFilterChainDecorator$ObservationFilter.doFilter(ObservationFilterChainDecorator.java:227) ~[spring-security-web-6.5.0-M3.jar:6.5.0-M3]
	at org.springframework.security.web.ObservationFilterChainDecorator$VirtualFilterChain.doFilter(ObservationFilterChainDecorator.java:137) ~[spring-security-web-6.5.0-M3.jar:6.5.0-M3]
	at org.springframework.security.web.header.HeaderWriterFilter.doHeadersAfter(HeaderWriterFilter.java:90) ~[spring-security-web-6.5.0-M3.jar:6.5.0-M3]
	at org.springframework.security.web.header.HeaderWriterFilter.doFilterInternal(HeaderWriterFilter.java:75) ~[spring-security-web-6.5.0-M3.jar:6.5.0-M3]
	at org.springframework.web.filter.OncePerRequestFilter.doFilter(OncePerRequestFilter.java:116) ~[spring-web-6.2.5.jar:6.2.5]
	at org.springframework.security.web.ObservationFilterChainDecorator$ObservationFilter.wrapFilter(ObservationFilterChainDecorator.java:240) ~[spring-security-web-6.5.0-M3.jar:6.5.0-M3]
	at org.springframework.security.web.ObservationFilterChainDecorator$ObservationFilter.doFilter(ObservationFilterChainDecorator.java:227) ~[spring-security-web-6.5.0-M3.jar:6.5.0-M3]
	at org.springframework.security.web.ObservationFilterChainDecorator$VirtualFilterChain.doFilter(ObservationFilterChainDecorator.java:137) ~[spring-security-web-6.5.0-M3.jar:6.5.0-M3]
	at org.springframework.security.web.context.SecurityContextHolderFilter.doFilter(SecurityContextHolderFilter.java:82) ~[spring-security-web-6.5.0-M3.jar:6.5.0-M3]
	at org.springframework.security.web.context.SecurityContextHolderFilter.doFilter(SecurityContextHolderFilter.java:69) ~[spring-security-web-6.5.0-M3.jar:6.5.0-M3]
	at org.springframework.security.web.ObservationFilterChainDecorator$ObservationFilter.wrapFilter(ObservationFilterChainDecorator.java:240) ~[spring-security-web-6.5.0-M3.jar:6.5.0-M3]
	at org.springframework.security.web.ObservationFilterChainDecorator$ObservationFilter.doFilter(ObservationFilterChainDecorator.java:227) ~[spring-security-web-6.5.0-M3.jar:6.5.0-M3]
	at org.springframework.security.web.ObservationFilterChainDecorator$VirtualFilterChain.doFilter(ObservationFilterChainDecorator.java:137) ~[spring-security-web-6.5.0-M3.jar:6.5.0-M3]
	at org.springframework.security.web.context.request.async.WebAsyncManagerIntegrationFilter.doFilterInternal(WebAsyncManagerIntegrationFilter.java:62) ~[spring-security-web-6.5.0-M3.jar:6.5.0-M3]
	at org.springframework.web.filter.OncePerRequestFilter.doFilter(OncePerRequestFilter.java:116) ~[spring-web-6.2.5.jar:6.2.5]
	at org.springframework.security.web.ObservationFilterChainDecorator$ObservationFilter.wrapFilter(ObservationFilterChainDecorator.java:240) ~[spring-security-web-6.5.0-M3.jar:6.5.0-M3]
	at org.springframework.security.web.ObservationFilterChainDecorator$ObservationFilter.doFilter(ObservationFilterChainDecorator.java:227) ~[spring-security-web-6.5.0-M3.jar:6.5.0-M3]
	at org.springframework.security.web.ObservationFilterChainDecorator$VirtualFilterChain.doFilter(ObservationFilterChainDecorator.java:137) ~[spring-security-web-6.5.0-M3.jar:6.5.0-M3]
	at org.springframework.security.web.session.DisableEncodeUrlFilter.doFilterInternal(DisableEncodeUrlFilter.java:42) ~[spring-security-web-6.5.0-M3.jar:6.5.0-M3]
	at org.springframework.web.filter.OncePerRequestFilter.doFilter(OncePerRequestFilter.java:116) ~[spring-web-6.2.5.jar:6.2.5]
	at org.springframework.security.web.ObservationFilterChainDecorator$ObservationFilter.wrapFilter(ObservationFilterChainDecorator.java:240) ~[spring-security-web-6.5.0-M3.jar:6.5.0-M3]
	at org.springframework.security.web.ObservationFilterChainDecorator$AroundFilterObservation$SimpleAroundFilterObservation.lambda$wrap$0(ObservationFilterChainDecorator.java:323) ~[spring-security-web-6.5.0-M3.jar:6.5.0-M3]
	at org.springframework.security.web.ObservationFilterChainDecorator$ObservationFilter.doFilter(ObservationFilterChainDecorator.java:224) ~[spring-security-web-6.5.0-M3.jar:6.5.0-M3]
	at org.springframework.security.web.ObservationFilterChainDecorator$VirtualFilterChain.doFilter(ObservationFilterChainDecorator.java:137) ~[spring-security-web-6.5.0-M3.jar:6.5.0-M3]
	at org.springframework.security.web.FilterChainProxy.lambda$doFilterInternal$4(FilterChainProxy.java:237) ~[spring-security-web-6.5.0-M3.jar:6.5.0-M3]
	at org.springframework.web.filter.ServletRequestPathFilter.doFilter(ServletRequestPathFilter.java:52) ~[spring-web-6.2.5.jar:6.2.5]
	at org.springframework.security.web.FilterChainProxy.doFilterInternal(FilterChainProxy.java:216) ~[spring-security-web-6.5.0-M3.jar:6.5.0-M3]
	at org.springframework.security.web.FilterChainProxy.doFilter(FilterChainProxy.java:194) ~[spring-security-web-6.5.0-M3.jar:6.5.0-M3]
	at org.springframework.web.filter.CompositeFilter$VirtualFilterChain.doFilter(CompositeFilter.java:113) ~[spring-web-6.2.5.jar:6.2.5]
	at org.springframework.web.servlet.handler.HandlerMappingIntrospector.lambda$createCacheFilter$3(HandlerMappingIntrospector.java:243) ~[spring-webmvc-6.2.5.jar:6.2.5]
	at org.springframework.web.filter.CompositeFilter$VirtualFilterChain.doFilter(CompositeFilter.java:113) ~[spring-web-6.2.5.jar:6.2.5]
	at org.springframework.web.filter.CompositeFilter.doFilter(CompositeFilter.java:74) ~[spring-web-6.2.5.jar:6.2.5]
	at org.springframework.security.config.annotation.web.configuration.WebMvcSecurityConfiguration$CompositeFilterChainProxy.doFilter(WebMvcSecurityConfiguration.java:238) ~[spring-security-config-6.5.0-M3.jar:6.5.0-M3]
	at org.springframework.web.filter.DelegatingFilterProxy.invokeDelegate(DelegatingFilterProxy.java:362) ~[spring-web-6.2.5.jar:6.2.5]
	at org.springframework.web.filter.DelegatingFilterProxy.doFilter(DelegatingFilterProxy.java:278) ~[spring-web-6.2.5.jar:6.2.5]
	at org.apache.catalina.core.ApplicationFilterChain.internalDoFilter(ApplicationFilterChain.java:164) ~[tomcat-embed-core-10.1.39.jar:10.1.39]
	at org.apache.catalina.core.ApplicationFilterChain.doFilter(ApplicationFilterChain.java:140) ~[tomcat-embed-core-10.1.39.jar:10.1.39]
	at org.springframework.web.filter.RequestContextFilter.doFilterInternal(RequestContextFilter.java:100) ~[spring-web-6.2.5.jar:6.2.5]
	at org.springframework.web.filter.OncePerRequestFilter.doFilter(OncePerRequestFilter.java:116) ~[spring-web-6.2.5.jar:6.2.5]
	at org.apache.catalina.core.ApplicationFilterChain.internalDoFilter(ApplicationFilterChain.java:164) ~[tomcat-embed-core-10.1.39.jar:10.1.39]
	at org.apache.catalina.core.ApplicationFilterChain.doFilter(ApplicationFilterChain.java:140) ~[tomcat-embed-core-10.1.39.jar:10.1.39]
	at org.springframework.web.filter.FormContentFilter.doFilterInternal(FormContentFilter.java:93) ~[spring-web-6.2.5.jar:6.2.5]
	at org.springframework.web.filter.OncePerRequestFilter.doFilter(OncePerRequestFilter.java:116) ~[spring-web-6.2.5.jar:6.2.5]
	at org.apache.catalina.core.ApplicationFilterChain.internalDoFilter(ApplicationFilterChain.java:164) ~[tomcat-embed-core-10.1.39.jar:10.1.39]
	at org.apache.catalina.core.ApplicationFilterChain.doFilter(ApplicationFilterChain.java:140) ~[tomcat-embed-core-10.1.39.jar:10.1.39]
	at org.springframework.web.filter.ServerHttpObservationFilter.doFilterInternal(ServerHttpObservationFilter.java:114) ~[spring-web-6.2.5.jar:6.2.5]
	at org.springframework.web.filter.OncePerRequestFilter.doFilter(OncePerRequestFilter.java:116) ~[spring-web-6.2.5.jar:6.2.5]
	at org.apache.catalina.core.ApplicationFilterChain.internalDoFilter(ApplicationFilterChain.java:164) ~[tomcat-embed-core-10.1.39.jar:10.1.39]
	at org.apache.catalina.core.ApplicationFilterChain.doFilter(ApplicationFilterChain.java:140) ~[tomcat-embed-core-10.1.39.jar:10.1.39]
	at org.springframework.web.filter.CharacterEncodingFilter.doFilterInternal(CharacterEncodingFilter.java:201) ~[spring-web-6.2.5.jar:6.2.5]
	at org.springframework.web.filter.OncePerRequestFilter.doFilter(OncePerRequestFilter.java:116) ~[spring-web-6.2.5.jar:6.2.5]
	at org.apache.catalina.core.ApplicationFilterChain.internalDoFilter(ApplicationFilterChain.java:164) ~[tomcat-embed-core-10.1.39.jar:10.1.39]
	at org.apache.catalina.core.ApplicationFilterChain.doFilter(ApplicationFilterChain.java:140) ~[tomcat-embed-core-10.1.39.jar:10.1.39]
	at org.apache.catalina.core.StandardWrapperValve.invoke(StandardWrapperValve.java:167) ~[tomcat-embed-core-10.1.39.jar:10.1.39]
	at org.apache.catalina.core.StandardContextValve.invoke(StandardContextValve.java:90) ~[tomcat-embed-core-10.1.39.jar:10.1.39]
	at org.apache.catalina.authenticator.AuthenticatorBase.invoke(AuthenticatorBase.java:483) ~[tomcat-embed-core-10.1.39.jar:10.1.39]
	at org.apache.catalina.core.StandardHostValve.invoke(StandardHostValve.java:115) ~[tomcat-embed-core-10.1.39.jar:10.1.39]
	at org.apache.catalina.valves.ErrorReportValve.invoke(ErrorReportValve.java:93) ~[tomcat-embed-core-10.1.39.jar:10.1.39]
	at org.apache.catalina.core.StandardEngineValve.invoke(StandardEngineValve.java:74) ~[tomcat-embed-core-10.1.39.jar:10.1.39]
	at org.apache.catalina.connector.CoyoteAdapter.service(CoyoteAdapter.java:344) ~[tomcat-embed-core-10.1.39.jar:10.1.39]
	at org.apache.coyote.http11.Http11Processor.service(Http11Processor.java:397) ~[tomcat-embed-core-10.1.39.jar:10.1.39]
	at org.apache.coyote.AbstractProcessorLight.process(AbstractProcessorLight.java:63) ~[tomcat-embed-core-10.1.39.jar:10.1.39]
	at org.apache.coyote.AbstractProtocol$ConnectionHandler.process(AbstractProtocol.java:905) ~[tomcat-embed-core-10.1.39.jar:10.1.39]
	at org.apache.tomcat.util.net.NioEndpoint$SocketProcessor.doRun(NioEndpoint.java:1743) ~[tomcat-embed-core-10.1.39.jar:10.1.39]
	at org.apache.tomcat.util.net.SocketProcessorBase.run(SocketProcessorBase.java:52) ~[tomcat-embed-core-10.1.39.jar:10.1.39]
	at org.apache.tomcat.util.threads.ThreadPoolExecutor.runWorker(ThreadPoolExecutor.java:1190) ~[tomcat-embed-core-10.1.39.jar:10.1.39]
	at org.apache.tomcat.util.threads.ThreadPoolExecutor$Worker.run(ThreadPoolExecutor.java:659) ~[tomcat-embed-core-10.1.39.jar:10.1.39]
	at org.apache.tomcat.util.threads.TaskThread$WrappingRunnable.run(TaskThread.java:63) ~[tomcat-embed-core-10.1.39.jar:10.1.39]
	at java.base/java.lang.Thread.run(Thread.java:842) ~[na:na]

2025-03-25T10:47:37.410+05:30 DEBUG 8866 --- [Address Book] [http-nio-8080-exec-1] o.s.security.web.FilterChainProxy        : Securing OPTIONS /error
2025-03-25T10:47:37.411+05:30 DEBUG 8866 --- [Address Book] [http-nio-8080-exec-1] o.s.s.w.a.AnonymousAuthenticationFilter  : Set SecurityContextHolder to anonymous SecurityContext
2025-03-25T10:47:37.416+05:30 DEBUG 8866 --- [Address Book] [http-nio-8080-exec-1] o.s.s.w.a.Http403ForbiddenEntryPoint     : Pre-authenticated entry point called. Rejecting access
2025-03-25T10:47:38.220+05:30 DEBUG 8866 --- [Address Book] [http-nio-8080-exec-3] o.s.security.web.FilterChainProxy        : Securing OPTIONS /api/addressbook
2025-03-25T10:47:38.224+05:30 ERROR 8866 --- [Address Book] [http-nio-8080-exec-3] o.a.c.c.C.[.[.[/].[dispatcherServlet]    : Servlet.service() for servlet [dispatcherServlet] in context with path [] threw exception

java.lang.IllegalArgumentException: When allowCredentials is true, allowedOrigins cannot contain the special value "*" since that cannot be set on the "Access-Control-Allow-Origin" response header. To allow credentials to a set of origins, list them explicitly or consider using "allowedOriginPatterns" instead.
	at org.springframework.web.cors.CorsConfiguration.validateAllowCredentials(CorsConfiguration.java:568) ~[spring-web-6.2.5.jar:6.2.5]
	at org.springframework.web.cors.CorsConfiguration.checkOrigin(CorsConfiguration.java:695) ~[spring-web-6.2.5.jar:6.2.5]
	at org.springframework.web.cors.DefaultCorsProcessor.checkOrigin(DefaultCorsProcessor.java:197) ~[spring-web-6.2.5.jar:6.2.5]
	at org.springframework.web.cors.DefaultCorsProcessor.handleInternal(DefaultCorsProcessor.java:134) ~[spring-web-6.2.5.jar:6.2.5]
	at org.springframework.web.cors.DefaultCorsProcessor.processRequest(DefaultCorsProcessor.java:113) ~[spring-web-6.2.5.jar:6.2.5]
	at org.springframework.web.filter.CorsFilter.doFilterInternal(CorsFilter.java:87) ~[spring-web-6.2.5.jar:6.2.5]
	at org.springframework.web.filter.OncePerRequestFilter.doFilter(OncePerRequestFilter.java:116) ~[spring-web-6.2.5.jar:6.2.5]
	at org.springframework.security.web.ObservationFilterChainDecorator$ObservationFilter.wrapFilter(ObservationFilterChainDecorator.java:240) ~[spring-security-web-6.5.0-M3.jar:6.5.0-M3]
	at org.springframework.security.web.ObservationFilterChainDecorator$ObservationFilter.doFilter(ObservationFilterChainDecorator.java:227) ~[spring-security-web-6.5.0-M3.jar:6.5.0-M3]
	at org.springframework.security.web.ObservationFilterChainDecorator$VirtualFilterChain.doFilter(ObservationFilterChainDecorator.java:137) ~[spring-security-web-6.5.0-M3.jar:6.5.0-M3]
	at org.springframework.security.web.header.HeaderWriterFilter.doHeadersAfter(HeaderWriterFilter.java:90) ~[spring-security-web-6.5.0-M3.jar:6.5.0-M3]
	at org.springframework.security.web.header.HeaderWriterFilter.doFilterInternal(HeaderWriterFilter.java:75) ~[spring-security-web-6.5.0-M3.jar:6.5.0-M3]
	at org.springframework.web.filter.OncePerRequestFilter.doFilter(OncePerRequestFilter.java:116) ~[spring-web-6.2.5.jar:6.2.5]
	at org.springframework.security.web.ObservationFilterChainDecorator$ObservationFilter.wrapFilter(ObservationFilterChainDecorator.java:240) ~[spring-security-web-6.5.0-M3.jar:6.5.0-M3]
	at org.springframework.security.web.ObservationFilterChainDecorator$ObservationFilter.doFilter(ObservationFilterChainDecorator.java:227) ~[spring-security-web-6.5.0-M3.jar:6.5.0-M3]
	at org.springframework.security.web.ObservationFilterChainDecorator$VirtualFilterChain.doFilter(ObservationFilterChainDecorator.java:137) ~[spring-security-web-6.5.0-M3.jar:6.5.0-M3]
	at org.springframework.security.web.context.SecurityContextHolderFilter.doFilter(SecurityContextHolderFilter.java:82) ~[spring-security-web-6.5.0-M3.jar:6.5.0-M3]
	at org.springframework.security.web.context.SecurityContextHolderFilter.doFilter(SecurityContextHolderFilter.java:69) ~[spring-security-web-6.5.0-M3.jar:6.5.0-M3]
	at org.springframework.security.web.ObservationFilterChainDecorator$ObservationFilter.wrapFilter(ObservationFilterChainDecorator.java:240) ~[spring-security-web-6.5.0-M3.jar:6.5.0-M3]
	at org.springframework.security.web.ObservationFilterChainDecorator$ObservationFilter.doFilter(ObservationFilterChainDecorator.java:227) ~[spring-security-web-6.5.0-M3.jar:6.5.0-M3]
	at org.springframework.security.web.ObservationFilterChainDecorator$VirtualFilterChain.doFilter(ObservationFilterChainDecorator.java:137) ~[spring-security-web-6.5.0-M3.jar:6.5.0-M3]
	at org.springframework.security.web.context.request.async.WebAsyncManagerIntegrationFilter.doFilterInternal(WebAsyncManagerIntegrationFilter.java:62) ~[spring-security-web-6.5.0-M3.jar:6.5.0-M3]
	at org.springframework.web.filter.OncePerRequestFilter.doFilter(OncePerRequestFilter.java:116) ~[spring-web-6.2.5.jar:6.2.5]
	at org.springframework.security.web.ObservationFilterChainDecorator$ObservationFilter.wrapFilter(ObservationFilterChainDecorator.java:240) ~[spring-security-web-6.5.0-M3.jar:6.5.0-M3]
	at org.springframework.security.web.ObservationFilterChainDecorator$ObservationFilter.doFilter(ObservationFilterChainDecorator.java:227) ~[spring-security-web-6.5.0-M3.jar:6.5.0-M3]
	at org.springframework.security.web.ObservationFilterChainDecorator$VirtualFilterChain.doFilter(ObservationFilterChainDecorator.java:137) ~[spring-security-web-6.5.0-M3.jar:6.5.0-M3]
	at org.springframework.security.web.session.DisableEncodeUrlFilter.doFilterInternal(DisableEncodeUrlFilter.java:42) ~[spring-security-web-6.5.0-M3.jar:6.5.0-M3]
	at org.springframework.web.filter.OncePerRequestFilter.doFilter(OncePerRequestFilter.java:116) ~[spring-web-6.2.5.jar:6.2.5]
	at org.springframework.security.web.ObservationFilterChainDecorator$ObservationFilter.wrapFilter(ObservationFilterChainDecorator.java:240) ~[spring-security-web-6.5.0-M3.jar:6.5.0-M3]
	at org.springframework.security.web.ObservationFilterChainDecorator$AroundFilterObservation$SimpleAroundFilterObservation.lambda$wrap$0(ObservationFilterChainDecorator.java:323) ~[spring-security-web-6.5.0-M3.jar:6.5.0-M3]
	at org.springframework.security.web.ObservationFilterChainDecorator$ObservationFilter.doFilter(ObservationFilterChainDecorator.java:224) ~[spring-security-web-6.5.0-M3.jar:6.5.0-M3]
	at org.springframework.security.web.ObservationFilterChainDecorator$VirtualFilterChain.doFilter(ObservationFilterChainDecorator.java:137) ~[spring-security-web-6.5.0-M3.jar:6.5.0-M3]
	at org.springframework.security.web.FilterChainProxy.lambda$doFilterInternal$4(FilterChainProxy.java:237) ~[spring-security-web-6.5.0-M3.jar:6.5.0-M3]
	at org.springframework.web.filter.ServletRequestPathFilter.doFilter(ServletRequestPathFilter.java:52) ~[spring-web-6.2.5.jar:6.2.5]
	at org.springframework.security.web.FilterChainProxy.doFilterInternal(FilterChainProxy.java:216) ~[spring-security-web-6.5.0-M3.jar:6.5.0-M3]
	at org.springframework.security.web.FilterChainProxy.doFilter(FilterChainProxy.java:194) ~[spring-security-web-6.5.0-M3.jar:6.5.0-M3]
	at org.springframework.web.filter.CompositeFilter$VirtualFilterChain.doFilter(CompositeFilter.java:113) ~[spring-web-6.2.5.jar:6.2.5]
	at org.springframework.web.servlet.handler.HandlerMappingIntrospector.lambda$createCacheFilter$3(HandlerMappingIntrospector.java:243) ~[spring-webmvc-6.2.5.jar:6.2.5]
	at org.springframework.web.filter.CompositeFilter$VirtualFilterChain.doFilter(CompositeFilter.java:113) ~[spring-web-6.2.5.jar:6.2.5]
	at org.springframework.web.filter.CompositeFilter.doFilter(CompositeFilter.java:74) ~[spring-web-6.2.5.jar:6.2.5]
	at org.springframework.security.config.annotation.web.configuration.WebMvcSecurityConfiguration$CompositeFilterChainProxy.doFilter(WebMvcSecurityConfiguration.java:238) ~[spring-security-config-6.5.0-M3.jar:6.5.0-M3]
	at org.springframework.web.filter.DelegatingFilterProxy.invokeDelegate(DelegatingFilterProxy.java:362) ~[spring-web-6.2.5.jar:6.2.5]
	at org.springframework.web.filter.DelegatingFilterProxy.doFilter(DelegatingFilterProxy.java:278) ~[spring-web-6.2.5.jar:6.2.5]
	at org.apache.catalina.core.ApplicationFilterChain.internalDoFilter(ApplicationFilterChain.java:164) ~[tomcat-embed-core-10.1.39.jar:10.1.39]
	at org.apache.catalina.core.ApplicationFilterChain.doFilter(ApplicationFilterChain.java:140) ~[tomcat-embed-core-10.1.39.jar:10.1.39]
	at org.springframework.web.filter.RequestContextFilter.doFilterInternal(RequestContextFilter.java:100) ~[spring-web-6.2.5.jar:6.2.5]
	at org.springframework.web.filter.OncePerRequestFilter.doFilter(OncePerRequestFilter.java:116) ~[spring-web-6.2.5.jar:6.2.5]
	at org.apache.catalina.core.ApplicationFilterChain.internalDoFilter(ApplicationFilterChain.java:164) ~[tomcat-embed-core-10.1.39.jar:10.1.39]
	at org.apache.catalina.core.ApplicationFilterChain.doFilter(ApplicationFilterChain.java:140) ~[tomcat-embed-core-10.1.39.jar:10.1.39]
	at org.springframework.web.filter.FormContentFilter.doFilterInternal(FormContentFilter.java:93) ~[spring-web-6.2.5.jar:6.2.5]
	at org.springframework.web.filter.OncePerRequestFilter.doFilter(OncePerRequestFilter.java:116) ~[spring-web-6.2.5.jar:6.2.5]
	at org.apache.catalina.core.ApplicationFilterChain.internalDoFilter(ApplicationFilterChain.java:164) ~[tomcat-embed-core-10.1.39.jar:10.1.39]
	at org.apache.catalina.core.ApplicationFilterChain.doFilter(ApplicationFilterChain.java:140) ~[tomcat-embed-core-10.1.39.jar:10.1.39]
	at org.springframework.web.filter.ServerHttpObservationFilter.doFilterInternal(ServerHttpObservationFilter.java:114) ~[spring-web-6.2.5.jar:6.2.5]
	at org.springframework.web.filter.OncePerRequestFilter.doFilter(OncePerRequestFilter.java:116) ~[spring-web-6.2.5.jar:6.2.5]
	at org.apache.catalina.core.ApplicationFilterChain.internalDoFilter(ApplicationFilterChain.java:164) ~[tomcat-embed-core-10.1.39.jar:10.1.39]
	at org.apache.catalina.core.ApplicationFilterChain.doFilter(ApplicationFilterChain.java:140) ~[tomcat-embed-core-10.1.39.jar:10.1.39]
	at org.springframework.web.filter.CharacterEncodingFilter.doFilterInternal(CharacterEncodingFilter.java:201) ~[spring-web-6.2.5.jar:6.2.5]
	at org.springframework.web.filter.OncePerRequestFilter.doFilter(OncePerRequestFilter.java:116) ~[spring-web-6.2.5.jar:6.2.5]
	at org.apache.catalina.core.ApplicationFilterChain.internalDoFilter(ApplicationFilterChain.java:164) ~[tomcat-embed-core-10.1.39.jar:10.1.39]
	at org.apache.catalina.core.ApplicationFilterChain.doFilter(ApplicationFilterChain.java:140) ~[tomcat-embed-core-10.1.39.jar:10.1.39]
	at org.apache.catalina.core.StandardWrapperValve.invoke(StandardWrapperValve.java:167) ~[tomcat-embed-core-10.1.39.jar:10.1.39]
	at org.apache.catalina.core.StandardContextValve.invoke(StandardContextValve.java:90) ~[tomcat-embed-core-10.1.39.jar:10.1.39]
	at org.apache.catalina.authenticator.AuthenticatorBase.invoke(AuthenticatorBase.java:483) ~[tomcat-embed-core-10.1.39.jar:10.1.39]
	at org.apache.catalina.core.StandardHostValve.invoke(StandardHostValve.java:115) ~[tomcat-embed-core-10.1.39.jar:10.1.39]
	at org.apache.catalina.valves.ErrorReportValve.invoke(ErrorReportValve.java:93) ~[tomcat-embed-core-10.1.39.jar:10.1.39]
	at org.apache.catalina.core.StandardEngineValve.invoke(StandardEngineValve.java:74) ~[tomcat-embed-core-10.1.39.jar:10.1.39]
	at org.apache.catalina.connector.CoyoteAdapter.service(CoyoteAdapter.java:344) ~[tomcat-embed-core-10.1.39.jar:10.1.39]
	at org.apache.coyote.http11.Http11Processor.service(Http11Processor.java:397) ~[tomcat-embed-core-10.1.39.jar:10.1.39]
	at org.apache.coyote.AbstractProcessorLight.process(AbstractProcessorLight.java:63) ~[tomcat-embed-core-10.1.39.jar:10.1.39]
	at org.apache.coyote.AbstractProtocol$ConnectionHandler.process(AbstractProtocol.java:905) ~[tomcat-embed-core-10.1.39.jar:10.1.39]
	at org.apache.tomcat.util.net.NioEndpoint$SocketProcessor.doRun(NioEndpoint.java:1743) ~[tomcat-embed-core-10.1.39.jar:10.1.39]
	at org.apache.tomcat.util.net.SocketProcessorBase.run(SocketProcessorBase.java:52) ~[tomcat-embed-core-10.1.39.jar:10.1.39]
	at org.apache.tomcat.util.threads.ThreadPoolExecutor.runWorker(ThreadPoolExecutor.java:1190) ~[tomcat-embed-core-10.1.39.jar:10.1.39]
	at org.apache.tomcat.util.threads.ThreadPoolExecutor$Worker.run(ThreadPoolExecutor.java:659) ~[tomcat-embed-core-10.1.39.jar:10.1.39]
	at org.apache.tomcat.util.threads.TaskThread$WrappingRunnable.run(TaskThread.java:63) ~[tomcat-embed-core-10.1.39.jar:10.1.39]
	at java.base/java.lang.Thread.run(Thread.java:842) ~[na:na]

2025-03-25T10:47:38.227+05:30 DEBUG 8866 --- [Address Book] [http-nio-8080-exec-3] o.s.security.web.FilterChainProxy        : Securing OPTIONS /error
2025-03-25T10:47:38.229+05:30 DEBUG 8866 --- [Address Book] [http-nio-8080-exec-3] o.s.s.w.a.AnonymousAuthenticationFilter  : Set SecurityContextHolder to anonymous SecurityContext
2025-03-25T10:47:38.230+05:30 DEBUG 8866 --- [Address Book] [http-nio-8080-exec-3] o.s.s.w.a.Http403ForbiddenEntryPoint     : Pre-authenticated entry point called. Rejecting access
2025-03-25T10:47:38.697+05:30 DEBUG 8866 --- [Address Book] [http-nio-8080-exec-4] o.s.security.web.FilterChainProxy        : Securing OPTIONS /api/addressbook
2025-03-25T10:47:38.700+05:30 ERROR 8866 --- [Address Book] [http-nio-8080-exec-4] o.a.c.c.C.[.[.[/].[dispatcherServlet]    : Servlet.service() for servlet [dispatcherServlet] in context with path [] threw exception

java.lang.IllegalArgumentException: When allowCredentials is true, allowedOrigins cannot contain the special value "*" since that cannot be set on the "Access-Control-Allow-Origin" response header. To allow credentials to a set of origins, list them explicitly or consider using "allowedOriginPatterns" instead.
	at org.springframework.web.cors.CorsConfiguration.validateAllowCredentials(CorsConfiguration.java:568) ~[spring-web-6.2.5.jar:6.2.5]
	at org.springframework.web.cors.CorsConfiguration.checkOrigin(CorsConfiguration.java:695) ~[spring-web-6.2.5.jar:6.2.5]
	at org.springframework.web.cors.DefaultCorsProcessor.checkOrigin(DefaultCorsProcessor.java:197) ~[spring-web-6.2.5.jar:6.2.5]
	at org.springframework.web.cors.DefaultCorsProcessor.handleInternal(DefaultCorsProcessor.java:134) ~[spring-web-6.2.5.jar:6.2.5]
	at org.springframework.web.cors.DefaultCorsProcessor.processRequest(DefaultCorsProcessor.java:113) ~[spring-web-6.2.5.jar:6.2.5]
	at org.springframework.web.filter.CorsFilter.doFilterInternal(CorsFilter.java:87) ~[spring-web-6.2.5.jar:6.2.5]
	at org.springframework.web.filter.OncePerRequestFilter.doFilter(OncePerRequestFilter.java:116) ~[spring-web-6.2.5.jar:6.2.5]
	at org.springframework.security.web.ObservationFilterChainDecorator$ObservationFilter.wrapFilter(ObservationFilterChainDecorator.java:240) ~[spring-security-web-6.5.0-M3.jar:6.5.0-M3]
	at org.springframework.security.web.ObservationFilterChainDecorator$ObservationFilter.doFilter(ObservationFilterChainDecorator.java:227) ~[spring-security-web-6.5.0-M3.jar:6.5.0-M3]
	at org.springframework.security.web.ObservationFilterChainDecorator$VirtualFilterChain.doFilter(ObservationFilterChainDecorator.java:137) ~[spring-security-web-6.5.0-M3.jar:6.5.0-M3]
	at org.springframework.security.web.header.HeaderWriterFilter.doHeadersAfter(HeaderWriterFilter.java:90) ~[spring-security-web-6.5.0-M3.jar:6.5.0-M3]
	at org.springframework.security.web.header.HeaderWriterFilter.doFilterInternal(HeaderWriterFilter.java:75) ~[spring-security-web-6.5.0-M3.jar:6.5.0-M3]
	at org.springframework.web.filter.OncePerRequestFilter.doFilter(OncePerRequestFilter.java:116) ~[spring-web-6.2.5.jar:6.2.5]
	at org.springframework.security.web.ObservationFilterChainDecorator$ObservationFilter.wrapFilter(ObservationFilterChainDecorator.java:240) ~[spring-security-web-6.5.0-M3.jar:6.5.0-M3]
	at org.springframework.security.web.ObservationFilterChainDecorator$ObservationFilter.doFilter(ObservationFilterChainDecorator.java:227) ~[spring-security-web-6.5.0-M3.jar:6.5.0-M3]
	at org.springframework.security.web.ObservationFilterChainDecorator$VirtualFilterChain.doFilter(ObservationFilterChainDecorator.java:137) ~[spring-security-web-6.5.0-M3.jar:6.5.0-M3]
	at org.springframework.security.web.context.SecurityContextHolderFilter.doFilter(SecurityContextHolderFilter.java:82) ~[spring-security-web-6.5.0-M3.jar:6.5.0-M3]
	at org.springframework.security.web.context.SecurityContextHolderFilter.doFilter(SecurityContextHolderFilter.java:69) ~[spring-security-web-6.5.0-M3.jar:6.5.0-M3]
	at org.springframework.security.web.ObservationFilterChainDecorator$ObservationFilter.wrapFilter(ObservationFilterChainDecorator.java:240) ~[spring-security-web-6.5.0-M3.jar:6.5.0-M3]
	at org.springframework.security.web.ObservationFilterChainDecorator$ObservationFilter.doFilter(ObservationFilterChainDecorator.java:227) ~[spring-security-web-6.5.0-M3.jar:6.5.0-M3]
	at org.springframework.security.web.ObservationFilterChainDecorator$VirtualFilterChain.doFilter(ObservationFilterChainDecorator.java:137) ~[spring-security-web-6.5.0-M3.jar:6.5.0-M3]
	at org.springframework.security.web.context.request.async.WebAsyncManagerIntegrationFilter.doFilterInternal(WebAsyncManagerIntegrationFilter.java:62) ~[spring-security-web-6.5.0-M3.jar:6.5.0-M3]
	at org.springframework.web.filter.OncePerRequestFilter.doFilter(OncePerRequestFilter.java:116) ~[spring-web-6.2.5.jar:6.2.5]
	at org.springframework.security.web.ObservationFilterChainDecorator$ObservationFilter.wrapFilter(ObservationFilterChainDecorator.java:240) ~[spring-security-web-6.5.0-M3.jar:6.5.0-M3]
	at org.springframework.security.web.ObservationFilterChainDecorator$ObservationFilter.doFilter(ObservationFilterChainDecorator.java:227) ~[spring-security-web-6.5.0-M3.jar:6.5.0-M3]
	at org.springframework.security.web.ObservationFilterChainDecorator$VirtualFilterChain.doFilter(ObservationFilterChainDecorator.java:137) ~[spring-security-web-6.5.0-M3.jar:6.5.0-M3]
	at org.springframework.security.web.session.DisableEncodeUrlFilter.doFilterInternal(DisableEncodeUrlFilter.java:42) ~[spring-security-web-6.5.0-M3.jar:6.5.0-M3]
	at org.springframework.web.filter.OncePerRequestFilter.doFilter(OncePerRequestFilter.java:116) ~[spring-web-6.2.5.jar:6.2.5]
	at org.springframework.security.web.ObservationFilterChainDecorator$ObservationFilter.wrapFilter(ObservationFilterChainDecorator.java:240) ~[spring-security-web-6.5.0-M3.jar:6.5.0-M3]
	at org.springframework.security.web.ObservationFilterChainDecorator$AroundFilterObservation$SimpleAroundFilterObservation.lambda$wrap$0(ObservationFilterChainDecorator.java:323) ~[spring-security-web-6.5.0-M3.jar:6.5.0-M3]
	at org.springframework.security.web.ObservationFilterChainDecorator$ObservationFilter.doFilter(ObservationFilterChainDecorator.java:224) ~[spring-security-web-6.5.0-M3.jar:6.5.0-M3]
	at org.springframework.security.web.ObservationFilterChainDecorator$VirtualFilterChain.doFilter(ObservationFilterChainDecorator.java:137) ~[spring-security-web-6.5.0-M3.jar:6.5.0-M3]
	at org.springframework.security.web.FilterChainProxy.lambda$doFilterInternal$4(FilterChainProxy.java:237) ~[spring-security-web-6.5.0-M3.jar:6.5.0-M3]
	at org.springframework.web.filter.ServletRequestPathFilter.doFilter(ServletRequestPathFilter.java:52) ~[spring-web-6.2.5.jar:6.2.5]
	at org.springframework.security.web.FilterChainProxy.doFilterInternal(FilterChainProxy.java:216) ~[spring-security-web-6.5.0-M3.jar:6.5.0-M3]
	at org.springframework.security.web.FilterChainProxy.doFilter(FilterChainProxy.java:194) ~[spring-security-web-6.5.0-M3.jar:6.5.0-M3]
	at org.springframework.web.filter.CompositeFilter$VirtualFilterChain.doFilter(CompositeFilter.java:113) ~[spring-web-6.2.5.jar:6.2.5]
	at org.springframework.web.servlet.handler.HandlerMappingIntrospector.lambda$createCacheFilter$3(HandlerMappingIntrospector.java:243) ~[spring-webmvc-6.2.5.jar:6.2.5]
	at org.springframework.web.filter.CompositeFilter$VirtualFilterChain.doFilter(CompositeFilter.java:113) ~[spring-web-6.2.5.jar:6.2.5]
	at org.springframework.web.filter.CompositeFilter.doFilter(CompositeFilter.java:74) ~[spring-web-6.2.5.jar:6.2.5]
	at org.springframework.security.config.annotation.web.configuration.WebMvcSecurityConfiguration$CompositeFilterChainProxy.doFilter(WebMvcSecurityConfiguration.java:238) ~[spring-security-config-6.5.0-M3.jar:6.5.0-M3]
	at org.springframework.web.filter.DelegatingFilterProxy.invokeDelegate(DelegatingFilterProxy.java:362) ~[spring-web-6.2.5.jar:6.2.5]
	at org.springframework.web.filter.DelegatingFilterProxy.doFilter(DelegatingFilterProxy.java:278) ~[spring-web-6.2.5.jar:6.2.5]
	at org.apache.catalina.core.ApplicationFilterChain.internalDoFilter(ApplicationFilterChain.java:164) ~[tomcat-embed-core-10.1.39.jar:10.1.39]
	at org.apache.catalina.core.ApplicationFilterChain.doFilter(ApplicationFilterChain.java:140) ~[tomcat-embed-core-10.1.39.jar:10.1.39]
	at org.springframework.web.filter.RequestContextFilter.doFilterInternal(RequestContextFilter.java:100) ~[spring-web-6.2.5.jar:6.2.5]
	at org.springframework.web.filter.OncePerRequestFilter.doFilter(OncePerRequestFilter.java:116) ~[spring-web-6.2.5.jar:6.2.5]
	at org.apache.catalina.core.ApplicationFilterChain.internalDoFilter(ApplicationFilterChain.java:164) ~[tomcat-embed-core-10.1.39.jar:10.1.39]
	at org.apache.catalina.core.ApplicationFilterChain.doFilter(ApplicationFilterChain.java:140) ~[tomcat-embed-core-10.1.39.jar:10.1.39]
	at org.springframework.web.filter.FormContentFilter.doFilterInternal(FormContentFilter.java:93) ~[spring-web-6.2.5.jar:6.2.5]
	at org.springframework.web.filter.OncePerRequestFilter.doFilter(OncePerRequestFilter.java:116) ~[spring-web-6.2.5.jar:6.2.5]
	at org.apache.catalina.core.ApplicationFilterChain.internalDoFilter(ApplicationFilterChain.java:164) ~[tomcat-embed-core-10.1.39.jar:10.1.39]
	at org.apache.catalina.core.ApplicationFilterChain.doFilter(ApplicationFilterChain.java:140) ~[tomcat-embed-core-10.1.39.jar:10.1.39]
	at org.springframework.web.filter.ServerHttpObservationFilter.doFilterInternal(ServerHttpObservationFilter.java:114) ~[spring-web-6.2.5.jar:6.2.5]
	at org.springframework.web.filter.OncePerRequestFilter.doFilter(OncePerRequestFilter.java:116) ~[spring-web-6.2.5.jar:6.2.5]
	at org.apache.catalina.core.ApplicationFilterChain.internalDoFilter(ApplicationFilterChain.java:164) ~[tomcat-embed-core-10.1.39.jar:10.1.39]
	at org.apache.catalina.core.ApplicationFilterChain.doFilter(ApplicationFilterChain.java:140) ~[tomcat-embed-core-10.1.39.jar:10.1.39]
	at org.springframework.web.filter.CharacterEncodingFilter.doFilterInternal(CharacterEncodingFilter.java:201) ~[spring-web-6.2.5.jar:6.2.5]
	at org.springframework.web.filter.OncePerRequestFilter.doFilter(OncePerRequestFilter.java:116) ~[spring-web-6.2.5.jar:6.2.5]
	at org.apache.catalina.core.ApplicationFilterChain.internalDoFilter(ApplicationFilterChain.java:164) ~[tomcat-embed-core-10.1.39.jar:10.1.39]
	at org.apache.catalina.core.ApplicationFilterChain.doFilter(ApplicationFilterChain.java:140) ~[tomcat-embed-core-10.1.39.jar:10.1.39]
	at org.apache.catalina.core.StandardWrapperValve.invoke(StandardWrapperValve.java:167) ~[tomcat-embed-core-10.1.39.jar:10.1.39]
	at org.apache.catalina.core.StandardContextValve.invoke(StandardContextValve.java:90) ~[tomcat-embed-core-10.1.39.jar:10.1.39]
	at org.apache.catalina.authenticator.AuthenticatorBase.invoke(AuthenticatorBase.java:483) ~[tomcat-embed-core-10.1.39.jar:10.1.39]
	at org.apache.catalina.core.StandardHostValve.invoke(StandardHostValve.java:115) ~[tomcat-embed-core-10.1.39.jar:10.1.39]
	at org.apache.catalina.valves.ErrorReportValve.invoke(ErrorReportValve.java:93) ~[tomcat-embed-core-10.1.39.jar:10.1.39]
	at org.apache.catalina.core.StandardEngineValve.invoke(StandardEngineValve.java:74) ~[tomcat-embed-core-10.1.39.jar:10.1.39]
	at org.apache.catalina.connector.CoyoteAdapter.service(CoyoteAdapter.java:344) ~[tomcat-embed-core-10.1.39.jar:10.1.39]
	at org.apache.coyote.http11.Http11Processor.service(Http11Processor.java:397) ~[tomcat-embed-core-10.1.39.jar:10.1.39]
	at org.apache.coyote.AbstractProcessorLight.process(AbstractProcessorLight.java:63) ~[tomcat-embed-core-10.1.39.jar:10.1.39]
	at org.apache.coyote.AbstractProtocol$ConnectionHandler.process(AbstractProtocol.java:905) ~[tomcat-embed-core-10.1.39.jar:10.1.39]
	at org.apache.tomcat.util.net.NioEndpoint$SocketProcessor.doRun(NioEndpoint.java:1743) ~[tomcat-embed-core-10.1.39.jar:10.1.39]
	at org.apache.tomcat.util.net.SocketProcessorBase.run(SocketProcessorBase.java:52) ~[tomcat-embed-core-10.1.39.jar:10.1.39]
	at org.apache.tomcat.util.threads.ThreadPoolExecutor.runWorker(ThreadPoolExecutor.java:1190) ~[tomcat-embed-core-10.1.39.jar:10.1.39]
	at org.apache.tomcat.util.threads.ThreadPoolExecutor$Worker.run(ThreadPoolExecutor.java:659) ~[tomcat-embed-core-10.1.39.jar:10.1.39]
	at org.apache.tomcat.util.threads.TaskThread$WrappingRunnable.run(TaskThread.java:63) ~[tomcat-embed-core-10.1.39.jar:10.1.39]
	at java.base/java.lang.Thread.run(Thread.java:842) ~[na:na]

2025-03-25T10:47:38.704+05:30 DEBUG 8866 --- [Address Book] [http-nio-8080-exec-4] o.s.security.web.FilterChainProxy        : Securing OPTIONS /error
2025-03-25T10:47:38.706+05:30 DEBUG 8866 --- [Address Book] [http-nio-8080-exec-4] o.s.s.w.a.AnonymousAuthenticationFilter  : Set SecurityContextHolder to anonymous SecurityContext
2025-03-25T10:47:38.708+05:30 DEBUG 8866 --- [Address Book] [http-nio-8080-exec-4] o.s.s.w.a.Http403ForbiddenEntryPoint     : Pre-authenticated entry point called. Rejecting access
2025-03-25T10:47:38.883+05:30 DEBUG 8866 --- [Address Book] [http-nio-8080-exec-5] o.s.security.web.FilterChainProxy        : Securing OPTIONS /api/addressbook
2025-03-25T10:47:38.885+05:30 ERROR 8866 --- [Address Book] [http-nio-8080-exec-5] o.a.c.c.C.[.[.[/].[dispatcherServlet]    : Servlet.service() for servlet [dispatcherServlet] in context with path [] threw exception

java.lang.IllegalArgumentException: When allowCredentials is true, allowedOrigins cannot contain the special value "*" since that cannot be set on the "Access-Control-Allow-Origin" response header. To allow credentials to a set of origins, list them explicitly or consider using "allowedOriginPatterns" instead.
	at org.springframework.web.cors.CorsConfiguration.validateAllowCredentials(CorsConfiguration.java:568) ~[spring-web-6.2.5.jar:6.2.5]
	at org.springframework.web.cors.CorsConfiguration.checkOrigin(CorsConfiguration.java:695) ~[spring-web-6.2.5.jar:6.2.5]
	at org.springframework.web.cors.DefaultCorsProcessor.checkOrigin(DefaultCorsProcessor.java:197) ~[spring-web-6.2.5.jar:6.2.5]
	at org.springframework.web.cors.DefaultCorsProcessor.handleInternal(DefaultCorsProcessor.java:134) ~[spring-web-6.2.5.jar:6.2.5]
	at org.springframework.web.cors.DefaultCorsProcessor.processRequest(DefaultCorsProcessor.java:113) ~[spring-web-6.2.5.jar:6.2.5]
	at org.springframework.web.filter.CorsFilter.doFilterInternal(CorsFilter.java:87) ~[spring-web-6.2.5.jar:6.2.5]
	at org.springframework.web.filter.OncePerRequestFilter.doFilter(OncePerRequestFilter.java:116) ~[spring-web-6.2.5.jar:6.2.5]
	at org.springframework.security.web.ObservationFilterChainDecorator$ObservationFilter.wrapFilter(ObservationFilterChainDecorator.java:240) ~[spring-security-web-6.5.0-M3.jar:6.5.0-M3]
	at org.springframework.security.web.ObservationFilterChainDecorator$ObservationFilter.doFilter(ObservationFilterChainDecorator.java:227) ~[spring-security-web-6.5.0-M3.jar:6.5.0-M3]
	at org.springframework.security.web.ObservationFilterChainDecorator$VirtualFilterChain.doFilter(ObservationFilterChainDecorator.java:137) ~[spring-security-web-6.5.0-M3.jar:6.5.0-M3]
	at org.springframework.security.web.header.HeaderWriterFilter.doHeadersAfter(HeaderWriterFilter.java:90) ~[spring-security-web-6.5.0-M3.jar:6.5.0-M3]
	at org.springframework.security.web.header.HeaderWriterFilter.doFilterInternal(HeaderWriterFilter.java:75) ~[spring-security-web-6.5.0-M3.jar:6.5.0-M3]
	at org.springframework.web.filter.OncePerRequestFilter.doFilter(OncePerRequestFilter.java:116) ~[spring-web-6.2.5.jar:6.2.5]
	at org.springframework.security.web.ObservationFilterChainDecorator$ObservationFilter.wrapFilter(ObservationFilterChainDecorator.java:240) ~[spring-security-web-6.5.0-M3.jar:6.5.0-M3]
	at org.springframework.security.web.ObservationFilterChainDecorator$ObservationFilter.doFilter(ObservationFilterChainDecorator.java:227) ~[spring-security-web-6.5.0-M3.jar:6.5.0-M3]
	at org.springframework.security.web.ObservationFilterChainDecorator$VirtualFilterChain.doFilter(ObservationFilterChainDecorator.java:137) ~[spring-security-web-6.5.0-M3.jar:6.5.0-M3]
	at org.springframework.security.web.context.SecurityContextHolderFilter.doFilter(SecurityContextHolderFilter.java:82) ~[spring-security-web-6.5.0-M3.jar:6.5.0-M3]
	at org.springframework.security.web.context.SecurityContextHolderFilter.doFilter(SecurityContextHolderFilter.java:69) ~[spring-security-web-6.5.0-M3.jar:6.5.0-M3]
	at org.springframework.security.web.ObservationFilterChainDecorator$ObservationFilter.wrapFilter(ObservationFilterChainDecorator.java:240) ~[spring-security-web-6.5.0-M3.jar:6.5.0-M3]
	at org.springframework.security.web.ObservationFilterChainDecorator$ObservationFilter.doFilter(ObservationFilterChainDecorator.java:227) ~[spring-security-web-6.5.0-M3.jar:6.5.0-M3]
	at org.springframework.security.web.ObservationFilterChainDecorator$VirtualFilterChain.doFilter(ObservationFilterChainDecorator.java:137) ~[spring-security-web-6.5.0-M3.jar:6.5.0-M3]
	at org.springframework.security.web.context.request.async.WebAsyncManagerIntegrationFilter.doFilterInternal(WebAsyncManagerIntegrationFilter.java:62) ~[spring-security-web-6.5.0-M3.jar:6.5.0-M3]
	at org.springframework.web.filter.OncePerRequestFilter.doFilter(OncePerRequestFilter.java:116) ~[spring-web-6.2.5.jar:6.2.5]
	at org.springframework.security.web.ObservationFilterChainDecorator$ObservationFilter.wrapFilter(ObservationFilterChainDecorator.java:240) ~[spring-security-web-6.5.0-M3.jar:6.5.0-M3]
	at org.springframework.security.web.ObservationFilterChainDecorator$ObservationFilter.doFilter(ObservationFilterChainDecorator.java:227) ~[spring-security-web-6.5.0-M3.jar:6.5.0-M3]
	at org.springframework.security.web.ObservationFilterChainDecorator$VirtualFilterChain.doFilter(ObservationFilterChainDecorator.java:137) ~[spring-security-web-6.5.0-M3.jar:6.5.0-M3]
	at org.springframework.security.web.session.DisableEncodeUrlFilter.doFilterInternal(DisableEncodeUrlFilter.java:42) ~[spring-security-web-6.5.0-M3.jar:6.5.0-M3]
	at org.springframework.web.filter.OncePerRequestFilter.doFilter(OncePerRequestFilter.java:116) ~[spring-web-6.2.5.jar:6.2.5]
	at org.springframework.security.web.ObservationFilterChainDecorator$ObservationFilter.wrapFilter(ObservationFilterChainDecorator.java:240) ~[spring-security-web-6.5.0-M3.jar:6.5.0-M3]
	at org.springframework.security.web.ObservationFilterChainDecorator$AroundFilterObservation$SimpleAroundFilterObservation.lambda$wrap$0(ObservationFilterChainDecorator.java:323) ~[spring-security-web-6.5.0-M3.jar:6.5.0-M3]
	at org.springframework.security.web.ObservationFilterChainDecorator$ObservationFilter.doFilter(ObservationFilterChainDecorator.java:224) ~[spring-security-web-6.5.0-M3.jar:6.5.0-M3]
	at org.springframework.security.web.ObservationFilterChainDecorator$VirtualFilterChain.doFilter(ObservationFilterChainDecorator.java:137) ~[spring-security-web-6.5.0-M3.jar:6.5.0-M3]
	at org.springframework.security.web.FilterChainProxy.lambda$doFilterInternal$4(FilterChainProxy.java:237) ~[spring-security-web-6.5.0-M3.jar:6.5.0-M3]
	at org.springframework.web.filter.ServletRequestPathFilter.doFilter(ServletRequestPathFilter.java:52) ~[spring-web-6.2.5.jar:6.2.5]
	at org.springframework.security.web.FilterChainProxy.doFilterInternal(FilterChainProxy.java:216) ~[spring-security-web-6.5.0-M3.jar:6.5.0-M3]
	at org.springframework.security.web.FilterChainProxy.doFilter(FilterChainProxy.java:194) ~[spring-security-web-6.5.0-M3.jar:6.5.0-M3]
	at org.springframework.web.filter.CompositeFilter$VirtualFilterChain.doFilter(CompositeFilter.java:113) ~[spring-web-6.2.5.jar:6.2.5]
	at org.springframework.web.servlet.handler.HandlerMappingIntrospector.lambda$createCacheFilter$3(HandlerMappingIntrospector.java:243) ~[spring-webmvc-6.2.5.jar:6.2.5]
	at org.springframework.web.filter.CompositeFilter$VirtualFilterChain.doFilter(CompositeFilter.java:113) ~[spring-web-6.2.5.jar:6.2.5]
	at org.springframework.web.filter.CompositeFilter.doFilter(CompositeFilter.java:74) ~[spring-web-6.2.5.jar:6.2.5]
	at org.springframework.security.config.annotation.web.configuration.WebMvcSecurityConfiguration$CompositeFilterChainProxy.doFilter(WebMvcSecurityConfiguration.java:238) ~[spring-security-config-6.5.0-M3.jar:6.5.0-M3]
	at org.springframework.web.filter.DelegatingFilterProxy.invokeDelegate(DelegatingFilterProxy.java:362) ~[spring-web-6.2.5.jar:6.2.5]
	at org.springframework.web.filter.DelegatingFilterProxy.doFilter(DelegatingFilterProxy.java:278) ~[spring-web-6.2.5.jar:6.2.5]
	at org.apache.catalina.core.ApplicationFilterChain.internalDoFilter(ApplicationFilterChain.java:164) ~[tomcat-embed-core-10.1.39.jar:10.1.39]
	at org.apache.catalina.core.ApplicationFilterChain.doFilter(ApplicationFilterChain.java:140) ~[tomcat-embed-core-10.1.39.jar:10.1.39]
	at org.springframework.web.filter.RequestContextFilter.doFilterInternal(RequestContextFilter.java:100) ~[spring-web-6.2.5.jar:6.2.5]
	at org.springframework.web.filter.OncePerRequestFilter.doFilter(OncePerRequestFilter.java:116) ~[spring-web-6.2.5.jar:6.2.5]
	at org.apache.catalina.core.ApplicationFilterChain.internalDoFilter(ApplicationFilterChain.java:164) ~[tomcat-embed-core-10.1.39.jar:10.1.39]
	at org.apache.catalina.core.ApplicationFilterChain.doFilter(ApplicationFilterChain.java:140) ~[tomcat-embed-core-10.1.39.jar:10.1.39]
	at org.springframework.web.filter.FormContentFilter.doFilterInternal(FormContentFilter.java:93) ~[spring-web-6.2.5.jar:6.2.5]
	at org.springframework.web.filter.OncePerRequestFilter.doFilter(OncePerRequestFilter.java:116) ~[spring-web-6.2.5.jar:6.2.5]
	at org.apache.catalina.core.ApplicationFilterChain.internalDoFilter(ApplicationFilterChain.java:164) ~[tomcat-embed-core-10.1.39.jar:10.1.39]
	at org.apache.catalina.core.ApplicationFilterChain.doFilter(ApplicationFilterChain.java:140) ~[tomcat-embed-core-10.1.39.jar:10.1.39]
	at org.springframework.web.filter.ServerHttpObservationFilter.doFilterInternal(ServerHttpObservationFilter.java:114) ~[spring-web-6.2.5.jar:6.2.5]
	at org.springframework.web.filter.OncePerRequestFilter.doFilter(OncePerRequestFilter.java:116) ~[spring-web-6.2.5.jar:6.2.5]
	at org.apache.catalina.core.ApplicationFilterChain.internalDoFilter(ApplicationFilterChain.java:164) ~[tomcat-embed-core-10.1.39.jar:10.1.39]
	at org.apache.catalina.core.ApplicationFilterChain.doFilter(ApplicationFilterChain.java:140) ~[tomcat-embed-core-10.1.39.jar:10.1.39]
	at org.springframework.web.filter.CharacterEncodingFilter.doFilterInternal(CharacterEncodingFilter.java:201) ~[spring-web-6.2.5.jar:6.2.5]
	at org.springframework.web.filter.OncePerRequestFilter.doFilter(OncePerRequestFilter.java:116) ~[spring-web-6.2.5.jar:6.2.5]
	at org.apache.catalina.core.ApplicationFilterChain.internalDoFilter(ApplicationFilterChain.java:164) ~[tomcat-embed-core-10.1.39.jar:10.1.39]
	at org.apache.catalina.core.ApplicationFilterChain.doFilter(ApplicationFilterChain.java:140) ~[tomcat-embed-core-10.1.39.jar:10.1.39]
	at org.apache.catalina.core.StandardWrapperValve.invoke(StandardWrapperValve.java:167) ~[tomcat-embed-core-10.1.39.jar:10.1.39]
	at org.apache.catalina.core.StandardContextValve.invoke(StandardContextValve.java:90) ~[tomcat-embed-core-10.1.39.jar:10.1.39]
	at org.apache.catalina.authenticator.AuthenticatorBase.invoke(AuthenticatorBase.java:483) ~[tomcat-embed-core-10.1.39.jar:10.1.39]
	at org.apache.catalina.core.StandardHostValve.invoke(StandardHostValve.java:115) ~[tomcat-embed-core-10.1.39.jar:10.1.39]
	at org.apache.catalina.valves.ErrorReportValve.invoke(ErrorReportValve.java:93) ~[tomcat-embed-core-10.1.39.jar:10.1.39]
	at org.apache.catalina.core.StandardEngineValve.invoke(StandardEngineValve.java:74) ~[tomcat-embed-core-10.1.39.jar:10.1.39]
	at org.apache.catalina.connector.CoyoteAdapter.service(CoyoteAdapter.java:344) ~[tomcat-embed-core-10.1.39.jar:10.1.39]
	at org.apache.coyote.http11.Http11Processor.service(Http11Processor.java:397) ~[tomcat-embed-core-10.1.39.jar:10.1.39]
	at org.apache.coyote.AbstractProcessorLight.process(AbstractProcessorLight.java:63) ~[tomcat-embed-core-10.1.39.jar:10.1.39]
	at org.apache.coyote.AbstractProtocol$ConnectionHandler.process(AbstractProtocol.java:905) ~[tomcat-embed-core-10.1.39.jar:10.1.39]
	at org.apache.tomcat.util.net.NioEndpoint$SocketProcessor.doRun(NioEndpoint.java:1743) ~[tomcat-embed-core-10.1.39.jar:10.1.39]
	at org.apache.tomcat.util.net.SocketProcessorBase.run(SocketProcessorBase.java:52) ~[tomcat-embed-core-10.1.39.jar:10.1.39]
	at org.apache.tomcat.util.threads.ThreadPoolExecutor.runWorker(ThreadPoolExecutor.java:1190) ~[tomcat-embed-core-10.1.39.jar:10.1.39]
	at org.apache.tomcat.util.threads.ThreadPoolExecutor$Worker.run(ThreadPoolExecutor.java:659) ~[tomcat-embed-core-10.1.39.jar:10.1.39]
	at org.apache.tomcat.util.threads.TaskThread$WrappingRunnable.run(TaskThread.java:63) ~[tomcat-embed-core-10.1.39.jar:10.1.39]
	at java.base/java.lang.Thread.run(Thread.java:842) ~[na:na]

2025-03-25T10:47:38.889+05:30 DEBUG 8866 --- [Address Book] [http-nio-8080-exec-5] o.s.security.web.FilterChainProxy        : Securing OPTIONS /error
2025-03-25T10:47:38.891+05:30 DEBUG 8866 --- [Address Book] [http-nio-8080-exec-5] o.s.s.w.a.AnonymousAuthenticationFilter  : Set SecurityContextHolder to anonymous SecurityContext
2025-03-25T10:47:38.893+05:30 DEBUG 8866 --- [Address Book] [http-nio-8080-exec-5] o.s.s.w.a.Http403ForbiddenEntryPoint     : Pre-authenticated entry point called. Rejecting access
2025-03-25T10:47:39.063+05:30 DEBUG 8866 --- [Address Book] [http-nio-8080-exec-6] o.s.security.web.FilterChainProxy        : Securing OPTIONS /api/addressbook
2025-03-25T10:47:39.064+05:30 ERROR 8866 --- [Address Book] [http-nio-8080-exec-6] o.a.c.c.C.[.[.[/].[dispatcherServlet]    : Servlet.service() for servlet [dispatcherServlet] in context with path [] threw exception

java.lang.IllegalArgumentException: When allowCredentials is true, allowedOrigins cannot contain the special value "*" since that cannot be set on the "Access-Control-Allow-Origin" response header. To allow credentials to a set of origins, list them explicitly or consider using "allowedOriginPatterns" instead.
	at org.springframework.web.cors.CorsConfiguration.validateAllowCredentials(CorsConfiguration.java:568) ~[spring-web-6.2.5.jar:6.2.5]
	at org.springframework.web.cors.CorsConfiguration.checkOrigin(CorsConfiguration.java:695) ~[spring-web-6.2.5.jar:6.2.5]
	at org.springframework.web.cors.DefaultCorsProcessor.checkOrigin(DefaultCorsProcessor.java:197) ~[spring-web-6.2.5.jar:6.2.5]
	at org.springframework.web.cors.DefaultCorsProcessor.handleInternal(DefaultCorsProcessor.java:134) ~[spring-web-6.2.5.jar:6.2.5]
	at org.springframework.web.cors.DefaultCorsProcessor.processRequest(DefaultCorsProcessor.java:113) ~[spring-web-6.2.5.jar:6.2.5]
	at org.springframework.web.filter.CorsFilter.doFilterInternal(CorsFilter.java:87) ~[spring-web-6.2.5.jar:6.2.5]
	at org.springframework.web.filter.OncePerRequestFilter.doFilter(OncePerRequestFilter.java:116) ~[spring-web-6.2.5.jar:6.2.5]
	at org.springframework.security.web.ObservationFilterChainDecorator$ObservationFilter.wrapFilter(ObservationFilterChainDecorator.java:240) ~[spring-security-web-6.5.0-M3.jar:6.5.0-M3]
	at org.springframework.security.web.ObservationFilterChainDecorator$ObservationFilter.doFilter(ObservationFilterChainDecorator.java:227) ~[spring-security-web-6.5.0-M3.jar:6.5.0-M3]
	at org.springframework.security.web.ObservationFilterChainDecorator$VirtualFilterChain.doFilter(ObservationFilterChainDecorator.java:137) ~[spring-security-web-6.5.0-M3.jar:6.5.0-M3]
	at org.springframework.security.web.header.HeaderWriterFilter.doHeadersAfter(HeaderWriterFilter.java:90) ~[spring-security-web-6.5.0-M3.jar:6.5.0-M3]
	at org.springframework.security.web.header.HeaderWriterFilter.doFilterInternal(HeaderWriterFilter.java:75) ~[spring-security-web-6.5.0-M3.jar:6.5.0-M3]
	at org.springframework.web.filter.OncePerRequestFilter.doFilter(OncePerRequestFilter.java:116) ~[spring-web-6.2.5.jar:6.2.5]
	at org.springframework.security.web.ObservationFilterChainDecorator$ObservationFilter.wrapFilter(ObservationFilterChainDecorator.java:240) ~[spring-security-web-6.5.0-M3.jar:6.5.0-M3]
	at org.springframework.security.web.ObservationFilterChainDecorator$ObservationFilter.doFilter(ObservationFilterChainDecorator.java:227) ~[spring-security-web-6.5.0-M3.jar:6.5.0-M3]
	at org.springframework.security.web.ObservationFilterChainDecorator$VirtualFilterChain.doFilter(ObservationFilterChainDecorator.java:137) ~[spring-security-web-6.5.0-M3.jar:6.5.0-M3]
	at org.springframework.security.web.context.SecurityContextHolderFilter.doFilter(SecurityContextHolderFilter.java:82) ~[spring-security-web-6.5.0-M3.jar:6.5.0-M3]
	at org.springframework.security.web.context.SecurityContextHolderFilter.doFilter(SecurityContextHolderFilter.java:69) ~[spring-security-web-6.5.0-M3.jar:6.5.0-M3]
	at org.springframework.security.web.ObservationFilterChainDecorator$ObservationFilter.wrapFilter(ObservationFilterChainDecorator.java:240) ~[spring-security-web-6.5.0-M3.jar:6.5.0-M3]
	at org.springframework.security.web.ObservationFilterChainDecorator$ObservationFilter.doFilter(ObservationFilterChainDecorator.java:227) ~[spring-security-web-6.5.0-M3.jar:6.5.0-M3]
	at org.springframework.security.web.ObservationFilterChainDecorator$VirtualFilterChain.doFilter(ObservationFilterChainDecorator.java:137) ~[spring-security-web-6.5.0-M3.jar:6.5.0-M3]
	at org.springframework.security.web.context.request.async.WebAsyncManagerIntegrationFilter.doFilterInternal(WebAsyncManagerIntegrationFilter.java:62) ~[spring-security-web-6.5.0-M3.jar:6.5.0-M3]
	at org.springframework.web.filter.OncePerRequestFilter.doFilter(OncePerRequestFilter.java:116) ~[spring-web-6.2.5.jar:6.2.5]
	at org.springframework.security.web.ObservationFilterChainDecorator$ObservationFilter.wrapFilter(ObservationFilterChainDecorator.java:240) ~[spring-security-web-6.5.0-M3.jar:6.5.0-M3]
	at org.springframework.security.web.ObservationFilterChainDecorator$ObservationFilter.doFilter(ObservationFilterChainDecorator.java:227) ~[spring-security-web-6.5.0-M3.jar:6.5.0-M3]
	at org.springframework.security.web.ObservationFilterChainDecorator$VirtualFilterChain.doFilter(ObservationFilterChainDecorator.java:137) ~[spring-security-web-6.5.0-M3.jar:6.5.0-M3]
	at org.springframework.security.web.session.DisableEncodeUrlFilter.doFilterInternal(DisableEncodeUrlFilter.java:42) ~[spring-security-web-6.5.0-M3.jar:6.5.0-M3]
	at org.springframework.web.filter.OncePerRequestFilter.doFilter(OncePerRequestFilter.java:116) ~[spring-web-6.2.5.jar:6.2.5]
	at org.springframework.security.web.ObservationFilterChainDecorator$ObservationFilter.wrapFilter(ObservationFilterChainDecorator.java:240) ~[spring-security-web-6.5.0-M3.jar:6.5.0-M3]
	at org.springframework.security.web.ObservationFilterChainDecorator$AroundFilterObservation$SimpleAroundFilterObservation.lambda$wrap$0(ObservationFilterChainDecorator.java:323) ~[spring-security-web-6.5.0-M3.jar:6.5.0-M3]
	at org.springframework.security.web.ObservationFilterChainDecorator$ObservationFilter.doFilter(ObservationFilterChainDecorator.java:224) ~[spring-security-web-6.5.0-M3.jar:6.5.0-M3]
	at org.springframework.security.web.ObservationFilterChainDecorator$VirtualFilterChain.doFilter(ObservationFilterChainDecorator.java:137) ~[spring-security-web-6.5.0-M3.jar:6.5.0-M3]
	at org.springframework.security.web.FilterChainProxy.lambda$doFilterInternal$4(FilterChainProxy.java:237) ~[spring-security-web-6.5.0-M3.jar:6.5.0-M3]
	at org.springframework.web.filter.ServletRequestPathFilter.doFilter(ServletRequestPathFilter.java:52) ~[spring-web-6.2.5.jar:6.2.5]
	at org.springframework.security.web.FilterChainProxy.doFilterInternal(FilterChainProxy.java:216) ~[spring-security-web-6.5.0-M3.jar:6.5.0-M3]
	at org.springframework.security.web.FilterChainProxy.doFilter(FilterChainProxy.java:194) ~[spring-security-web-6.5.0-M3.jar:6.5.0-M3]
	at org.springframework.web.filter.CompositeFilter$VirtualFilterChain.doFilter(CompositeFilter.java:113) ~[spring-web-6.2.5.jar:6.2.5]
	at org.springframework.web.servlet.handler.HandlerMappingIntrospector.lambda$createCacheFilter$3(HandlerMappingIntrospector.java:243) ~[spring-webmvc-6.2.5.jar:6.2.5]
	at org.springframework.web.filter.CompositeFilter$VirtualFilterChain.doFilter(CompositeFilter.java:113) ~[spring-web-6.2.5.jar:6.2.5]
	at org.springframework.web.filter.CompositeFilter.doFilter(CompositeFilter.java:74) ~[spring-web-6.2.5.jar:6.2.5]
	at org.springframework.security.config.annotation.web.configuration.WebMvcSecurityConfiguration$CompositeFilterChainProxy.doFilter(WebMvcSecurityConfiguration.java:238) ~[spring-security-config-6.5.0-M3.jar:6.5.0-M3]
	at org.springframework.web.filter.DelegatingFilterProxy.invokeDelegate(DelegatingFilterProxy.java:362) ~[spring-web-6.2.5.jar:6.2.5]
	at org.springframework.web.filter.DelegatingFilterProxy.doFilter(DelegatingFilterProxy.java:278) ~[spring-web-6.2.5.jar:6.2.5]
	at org.apache.catalina.core.ApplicationFilterChain.internalDoFilter(ApplicationFilterChain.java:164) ~[tomcat-embed-core-10.1.39.jar:10.1.39]
	at org.apache.catalina.core.ApplicationFilterChain.doFilter(ApplicationFilterChain.java:140) ~[tomcat-embed-core-10.1.39.jar:10.1.39]
	at org.springframework.web.filter.RequestContextFilter.doFilterInternal(RequestContextFilter.java:100) ~[spring-web-6.2.5.jar:6.2.5]
	at org.springframework.web.filter.OncePerRequestFilter.doFilter(OncePerRequestFilter.java:116) ~[spring-web-6.2.5.jar:6.2.5]
	at org.apache.catalina.core.ApplicationFilterChain.internalDoFilter(ApplicationFilterChain.java:164) ~[tomcat-embed-core-10.1.39.jar:10.1.39]
	at org.apache.catalina.core.ApplicationFilterChain.doFilter(ApplicationFilterChain.java:140) ~[tomcat-embed-core-10.1.39.jar:10.1.39]
	at org.springframework.web.filter.FormContentFilter.doFilterInternal(FormContentFilter.java:93) ~[spring-web-6.2.5.jar:6.2.5]
	at org.springframework.web.filter.OncePerRequestFilter.doFilter(OncePerRequestFilter.java:116) ~[spring-web-6.2.5.jar:6.2.5]
	at org.apache.catalina.core.ApplicationFilterChain.internalDoFilter(ApplicationFilterChain.java:164) ~[tomcat-embed-core-10.1.39.jar:10.1.39]
	at org.apache.catalina.core.ApplicationFilterChain.doFilter(ApplicationFilterChain.java:140) ~[tomcat-embed-core-10.1.39.jar:10.1.39]
	at org.springframework.web.filter.ServerHttpObservationFilter.doFilterInternal(ServerHttpObservationFilter.java:114) ~[spring-web-6.2.5.jar:6.2.5]
	at org.springframework.web.filter.OncePerRequestFilter.doFilter(OncePerRequestFilter.java:116) ~[spring-web-6.2.5.jar:6.2.5]
	at org.apache.catalina.core.ApplicationFilterChain.internalDoFilter(ApplicationFilterChain.java:164) ~[tomcat-embed-core-10.1.39.jar:10.1.39]
	at org.apache.catalina.core.ApplicationFilterChain.doFilter(ApplicationFilterChain.java:140) ~[tomcat-embed-core-10.1.39.jar:10.1.39]
	at org.springframework.web.filter.CharacterEncodingFilter.doFilterInternal(CharacterEncodingFilter.java:201) ~[spring-web-6.2.5.jar:6.2.5]
	at org.springframework.web.filter.OncePerRequestFilter.doFilter(OncePerRequestFilter.java:116) ~[spring-web-6.2.5.jar:6.2.5]
	at org.apache.catalina.core.ApplicationFilterChain.internalDoFilter(ApplicationFilterChain.java:164) ~[tomcat-embed-core-10.1.39.jar:10.1.39]
	at org.apache.catalina.core.ApplicationFilterChain.doFilter(ApplicationFilterChain.java:140) ~[tomcat-embed-core-10.1.39.jar:10.1.39]
	at org.apache.catalina.core.StandardWrapperValve.invoke(StandardWrapperValve.java:167) ~[tomcat-embed-core-10.1.39.jar:10.1.39]
	at org.apache.catalina.core.StandardContextValve.invoke(StandardContextValve.java:90) ~[tomcat-embed-core-10.1.39.jar:10.1.39]
	at org.apache.catalina.authenticator.AuthenticatorBase.invoke(AuthenticatorBase.java:483) ~[tomcat-embed-core-10.1.39.jar:10.1.39]
	at org.apache.catalina.core.StandardHostValve.invoke(StandardHostValve.java:115) ~[tomcat-embed-core-10.1.39.jar:10.1.39]
	at org.apache.catalina.valves.ErrorReportValve.invoke(ErrorReportValve.java:93) ~[tomcat-embed-core-10.1.39.jar:10.1.39]
	at org.apache.catalina.core.StandardEngineValve.invoke(StandardEngineValve.java:74) ~[tomcat-embed-core-10.1.39.jar:10.1.39]
	at org.apache.catalina.connector.CoyoteAdapter.service(CoyoteAdapter.java:344) ~[tomcat-embed-core-10.1.39.jar:10.1.39]
	at org.apache.coyote.http11.Http11Processor.service(Http11Processor.java:397) ~[tomcat-embed-core-10.1.39.jar:10.1.39]
	at org.apache.coyote.AbstractProcessorLight.process(AbstractProcessorLight.java:63) ~[tomcat-embed-core-10.1.39.jar:10.1.39]
	at org.apache.coyote.AbstractProtocol$ConnectionHandler.process(AbstractProtocol.java:905) ~[tomcat-embed-core-10.1.39.jar:10.1.39]
	at org.apache.tomcat.util.net.NioEndpoint$SocketProcessor.doRun(NioEndpoint.java:1743) ~[tomcat-embed-core-10.1.39.jar:10.1.39]
	at org.apache.tomcat.util.net.SocketProcessorBase.run(SocketProcessorBase.java:52) ~[tomcat-embed-core-10.1.39.jar:10.1.39]
	at org.apache.tomcat.util.threads.ThreadPoolExecutor.runWorker(ThreadPoolExecutor.java:1190) ~[tomcat-embed-core-10.1.39.jar:10.1.39]
	at org.apache.tomcat.util.threads.ThreadPoolExecutor$Worker.run(ThreadPoolExecutor.java:659) ~[tomcat-embed-core-10.1.39.jar:10.1.39]
	at org.apache.tomcat.util.threads.TaskThread$WrappingRunnable.run(TaskThread.java:63) ~[tomcat-embed-core-10.1.39.jar:10.1.39]
	at java.base/java.lang.Thread.run(Thread.java:842) ~[na:na]

2025-03-25T10:47:39.065+05:30 DEBUG 8866 --- [Address Book] [http-nio-8080-exec-6] o.s.security.web.FilterChainProxy        : Securing OPTIONS /error
2025-03-25T10:47:39.066+05:30 DEBUG 8866 --- [Address Book] [http-nio-8080-exec-6] o.s.s.w.a.AnonymousAuthenticationFilter  : Set SecurityContextHolder to anonymous SecurityContext
2025-03-25T10:47:39.066+05:30 DEBUG 8866 --- [Address Book] [http-nio-8080-exec-6] o.s.s.w.a.Http403ForbiddenEntryPoint     : Pre-authenticated entry point called. Rejecting access
2025-03-25T10:47:39.248+05:30 DEBUG 8866 --- [Address Book] [http-nio-8080-exec-7] o.s.security.web.FilterChainProxy        : Securing OPTIONS /api/addressbook
2025-03-25T10:47:39.251+05:30 ERROR 8866 --- [Address Book] [http-nio-8080-exec-7] o.a.c.c.C.[.[.[/].[dispatcherServlet]    : Servlet.service() for servlet [dispatcherServlet] in context with path [] threw exception

java.lang.IllegalArgumentException: When allowCredentials is true, allowedOrigins cannot contain the special value "*" since that cannot be set on the "Access-Control-Allow-Origin" response header. To allow credentials to a set of origins, list them explicitly or consider using "allowedOriginPatterns" instead.
	at org.springframework.web.cors.CorsConfiguration.validateAllowCredentials(CorsConfiguration.java:568) ~[spring-web-6.2.5.jar:6.2.5]
	at org.springframework.web.cors.CorsConfiguration.checkOrigin(CorsConfiguration.java:695) ~[spring-web-6.2.5.jar:6.2.5]
	at org.springframework.web.cors.DefaultCorsProcessor.checkOrigin(DefaultCorsProcessor.java:197) ~[spring-web-6.2.5.jar:6.2.5]
	at org.springframework.web.cors.DefaultCorsProcessor.handleInternal(DefaultCorsProcessor.java:134) ~[spring-web-6.2.5.jar:6.2.5]
	at org.springframework.web.cors.DefaultCorsProcessor.processRequest(DefaultCorsProcessor.java:113) ~[spring-web-6.2.5.jar:6.2.5]
	at org.springframework.web.filter.CorsFilter.doFilterInternal(CorsFilter.java:87) ~[spring-web-6.2.5.jar:6.2.5]
	at org.springframework.web.filter.OncePerRequestFilter.doFilter(OncePerRequestFilter.java:116) ~[spring-web-6.2.5.jar:6.2.5]
	at org.springframework.security.web.ObservationFilterChainDecorator$ObservationFilter.wrapFilter(ObservationFilterChainDecorator.java:240) ~[spring-security-web-6.5.0-M3.jar:6.5.0-M3]
	at org.springframework.security.web.ObservationFilterChainDecorator$ObservationFilter.doFilter(ObservationFilterChainDecorator.java:227) ~[spring-security-web-6.5.0-M3.jar:6.5.0-M3]
	at org.springframework.security.web.ObservationFilterChainDecorator$VirtualFilterChain.doFilter(ObservationFilterChainDecorator.java:137) ~[spring-security-web-6.5.0-M3.jar:6.5.0-M3]
	at org.springframework.security.web.header.HeaderWriterFilter.doHeadersAfter(HeaderWriterFilter.java:90) ~[spring-security-web-6.5.0-M3.jar:6.5.0-M3]
	at org.springframework.security.web.header.HeaderWriterFilter.doFilterInternal(HeaderWriterFilter.java:75) ~[spring-security-web-6.5.0-M3.jar:6.5.0-M3]
	at org.springframework.web.filter.OncePerRequestFilter.doFilter(OncePerRequestFilter.java:116) ~[spring-web-6.2.5.jar:6.2.5]
	at org.springframework.security.web.ObservationFilterChainDecorator$ObservationFilter.wrapFilter(ObservationFilterChainDecorator.java:240) ~[spring-security-web-6.5.0-M3.jar:6.5.0-M3]
	at org.springframework.security.web.ObservationFilterChainDecorator$ObservationFilter.doFilter(ObservationFilterChainDecorator.java:227) ~[spring-security-web-6.5.0-M3.jar:6.5.0-M3]
	at org.springframework.security.web.ObservationFilterChainDecorator$VirtualFilterChain.doFilter(ObservationFilterChainDecorator.java:137) ~[spring-security-web-6.5.0-M3.jar:6.5.0-M3]
	at org.springframework.security.web.context.SecurityContextHolderFilter.doFilter(SecurityContextHolderFilter.java:82) ~[spring-security-web-6.5.0-M3.jar:6.5.0-M3]
	at org.springframework.security.web.context.SecurityContextHolderFilter.doFilter(SecurityContextHolderFilter.java:69) ~[spring-security-web-6.5.0-M3.jar:6.5.0-M3]
	at org.springframework.security.web.ObservationFilterChainDecorator$ObservationFilter.wrapFilter(ObservationFilterChainDecorator.java:240) ~[spring-security-web-6.5.0-M3.jar:6.5.0-M3]
	at org.springframework.security.web.ObservationFilterChainDecorator$ObservationFilter.doFilter(ObservationFilterChainDecorator.java:227) ~[spring-security-web-6.5.0-M3.jar:6.5.0-M3]
	at org.springframework.security.web.ObservationFilterChainDecorator$VirtualFilterChain.doFilter(ObservationFilterChainDecorator.java:137) ~[spring-security-web-6.5.0-M3.jar:6.5.0-M3]
	at org.springframework.security.web.context.request.async.WebAsyncManagerIntegrationFilter.doFilterInternal(WebAsyncManagerIntegrationFilter.java:62) ~[spring-security-web-6.5.0-M3.jar:6.5.0-M3]
	at org.springframework.web.filter.OncePerRequestFilter.doFilter(OncePerRequestFilter.java:116) ~[spring-web-6.2.5.jar:6.2.5]
	at org.springframework.security.web.ObservationFilterChainDecorator$ObservationFilter.wrapFilter(ObservationFilterChainDecorator.java:240) ~[spring-security-web-6.5.0-M3.jar:6.5.0-M3]
	at org.springframework.security.web.ObservationFilterChainDecorator$ObservationFilter.doFilter(ObservationFilterChainDecorator.java:227) ~[spring-security-web-6.5.0-M3.jar:6.5.0-M3]
	at org.springframework.security.web.ObservationFilterChainDecorator$VirtualFilterChain.doFilter(ObservationFilterChainDecorator.java:137) ~[spring-security-web-6.5.0-M3.jar:6.5.0-M3]
	at org.springframework.security.web.session.DisableEncodeUrlFilter.doFilterInternal(DisableEncodeUrlFilter.java:42) ~[spring-security-web-6.5.0-M3.jar:6.5.0-M3]
	at org.springframework.web.filter.OncePerRequestFilter.doFilter(OncePerRequestFilter.java:116) ~[spring-web-6.2.5.jar:6.2.5]
	at org.springframework.security.web.ObservationFilterChainDecorator$ObservationFilter.wrapFilter(ObservationFilterChainDecorator.java:240) ~[spring-security-web-6.5.0-M3.jar:6.5.0-M3]
	at org.springframework.security.web.ObservationFilterChainDecorator$AroundFilterObservation$SimpleAroundFilterObservation.lambda$wrap$0(ObservationFilterChainDecorator.java:323) ~[spring-security-web-6.5.0-M3.jar:6.5.0-M3]
	at org.springframework.security.web.ObservationFilterChainDecorator$ObservationFilter.doFilter(ObservationFilterChainDecorator.java:224) ~[spring-security-web-6.5.0-M3.jar:6.5.0-M3]
	at org.springframework.security.web.ObservationFilterChainDecorator$VirtualFilterChain.doFilter(ObservationFilterChainDecorator.java:137) ~[spring-security-web-6.5.0-M3.jar:6.5.0-M3]
	at org.springframework.security.web.FilterChainProxy.lambda$doFilterInternal$4(FilterChainProxy.java:237) ~[spring-security-web-6.5.0-M3.jar:6.5.0-M3]
	at org.springframework.web.filter.ServletRequestPathFilter.doFilter(ServletRequestPathFilter.java:52) ~[spring-web-6.2.5.jar:6.2.5]
	at org.springframework.security.web.FilterChainProxy.doFilterInternal(FilterChainProxy.java:216) ~[spring-security-web-6.5.0-M3.jar:6.5.0-M3]
	at org.springframework.security.web.FilterChainProxy.doFilter(FilterChainProxy.java:194) ~[spring-security-web-6.5.0-M3.jar:6.5.0-M3]
	at org.springframework.web.filter.CompositeFilter$VirtualFilterChain.doFilter(CompositeFilter.java:113) ~[spring-web-6.2.5.jar:6.2.5]
	at org.springframework.web.servlet.handler.HandlerMappingIntrospector.lambda$createCacheFilter$3(HandlerMappingIntrospector.java:243) ~[spring-webmvc-6.2.5.jar:6.2.5]
	at org.springframework.web.filter.CompositeFilter$VirtualFilterChain.doFilter(CompositeFilter.java:113) ~[spring-web-6.2.5.jar:6.2.5]
	at org.springframework.web.filter.CompositeFilter.doFilter(CompositeFilter.java:74) ~[spring-web-6.2.5.jar:6.2.5]
	at org.springframework.security.config.annotation.web.configuration.WebMvcSecurityConfiguration$CompositeFilterChainProxy.doFilter(WebMvcSecurityConfiguration.java:238) ~[spring-security-config-6.5.0-M3.jar:6.5.0-M3]
	at org.springframework.web.filter.DelegatingFilterProxy.invokeDelegate(DelegatingFilterProxy.java:362) ~[spring-web-6.2.5.jar:6.2.5]
	at org.springframework.web.filter.DelegatingFilterProxy.doFilter(DelegatingFilterProxy.java:278) ~[spring-web-6.2.5.jar:6.2.5]
	at org.apache.catalina.core.ApplicationFilterChain.internalDoFilter(ApplicationFilterChain.java:164) ~[tomcat-embed-core-10.1.39.jar:10.1.39]
	at org.apache.catalina.core.ApplicationFilterChain.doFilter(ApplicationFilterChain.java:140) ~[tomcat-embed-core-10.1.39.jar:10.1.39]
	at org.springframework.web.filter.RequestContextFilter.doFilterInternal(RequestContextFilter.java:100) ~[spring-web-6.2.5.jar:6.2.5]
	at org.springframework.web.filter.OncePerRequestFilter.doFilter(OncePerRequestFilter.java:116) ~[spring-web-6.2.5.jar:6.2.5]
	at org.apache.catalina.core.ApplicationFilterChain.internalDoFilter(ApplicationFilterChain.java:164) ~[tomcat-embed-core-10.1.39.jar:10.1.39]
	at org.apache.catalina.core.ApplicationFilterChain.doFilter(ApplicationFilterChain.java:140) ~[tomcat-embed-core-10.1.39.jar:10.1.39]
	at org.springframework.web.filter.FormContentFilter.doFilterInternal(FormContentFilter.java:93) ~[spring-web-6.2.5.jar:6.2.5]
	at org.springframework.web.filter.OncePerRequestFilter.doFilter(OncePerRequestFilter.java:116) ~[spring-web-6.2.5.jar:6.2.5]
	at org.apache.catalina.core.ApplicationFilterChain.internalDoFilter(ApplicationFilterChain.java:164) ~[tomcat-embed-core-10.1.39.jar:10.1.39]
	at org.apache.catalina.core.ApplicationFilterChain.doFilter(ApplicationFilterChain.java:140) ~[tomcat-embed-core-10.1.39.jar:10.1.39]
	at org.springframework.web.filter.ServerHttpObservationFilter.doFilterInternal(ServerHttpObservationFilter.java:114) ~[spring-web-6.2.5.jar:6.2.5]
	at org.springframework.web.filter.OncePerRequestFilter.doFilter(OncePerRequestFilter.java:116) ~[spring-web-6.2.5.jar:6.2.5]
	at org.apache.catalina.core.ApplicationFilterChain.internalDoFilter(ApplicationFilterChain.java:164) ~[tomcat-embed-core-10.1.39.jar:10.1.39]
	at org.apache.catalina.core.ApplicationFilterChain.doFilter(ApplicationFilterChain.java:140) ~[tomcat-embed-core-10.1.39.jar:10.1.39]
	at org.springframework.web.filter.CharacterEncodingFilter.doFilterInternal(CharacterEncodingFilter.java:201) ~[spring-web-6.2.5.jar:6.2.5]
	at org.springframework.web.filter.OncePerRequestFilter.doFilter(OncePerRequestFilter.java:116) ~[spring-web-6.2.5.jar:6.2.5]
	at org.apache.catalina.core.ApplicationFilterChain.internalDoFilter(ApplicationFilterChain.java:164) ~[tomcat-embed-core-10.1.39.jar:10.1.39]
	at org.apache.catalina.core.ApplicationFilterChain.doFilter(ApplicationFilterChain.java:140) ~[tomcat-embed-core-10.1.39.jar:10.1.39]
	at org.apache.catalina.core.StandardWrapperValve.invoke(StandardWrapperValve.java:167) ~[tomcat-embed-core-10.1.39.jar:10.1.39]
	at org.apache.catalina.core.StandardContextValve.invoke(StandardContextValve.java:90) ~[tomcat-embed-core-10.1.39.jar:10.1.39]
	at org.apache.catalina.authenticator.AuthenticatorBase.invoke(AuthenticatorBase.java:483) ~[tomcat-embed-core-10.1.39.jar:10.1.39]
	at org.apache.catalina.core.StandardHostValve.invoke(StandardHostValve.java:115) ~[tomcat-embed-core-10.1.39.jar:10.1.39]
	at org.apache.catalina.valves.ErrorReportValve.invoke(ErrorReportValve.java:93) ~[tomcat-embed-core-10.1.39.jar:10.1.39]
	at org.apache.catalina.core.StandardEngineValve.invoke(StandardEngineValve.java:74) ~[tomcat-embed-core-10.1.39.jar:10.1.39]
	at org.apache.catalina.connector.CoyoteAdapter.service(CoyoteAdapter.java:344) ~[tomcat-embed-core-10.1.39.jar:10.1.39]
	at org.apache.coyote.http11.Http11Processor.service(Http11Processor.java:397) ~[tomcat-embed-core-10.1.39.jar:10.1.39]
	at org.apache.coyote.AbstractProcessorLight.process(AbstractProcessorLight.java:63) ~[tomcat-embed-core-10.1.39.jar:10.1.39]
	at org.apache.coyote.AbstractProtocol$ConnectionHandler.process(AbstractProtocol.java:905) ~[tomcat-embed-core-10.1.39.jar:10.1.39]
	at org.apache.tomcat.util.net.NioEndpoint$SocketProcessor.doRun(NioEndpoint.java:1743) ~[tomcat-embed-core-10.1.39.jar:10.1.39]
	at org.apache.tomcat.util.net.SocketProcessorBase.run(SocketProcessorBase.java:52) ~[tomcat-embed-core-10.1.39.jar:10.1.39]
	at org.apache.tomcat.util.threads.ThreadPoolExecutor.runWorker(ThreadPoolExecutor.java:1190) ~[tomcat-embed-core-10.1.39.jar:10.1.39]
	at org.apache.tomcat.util.threads.ThreadPoolExecutor$Worker.run(ThreadPoolExecutor.java:659) ~[tomcat-embed-core-10.1.39.jar:10.1.39]
	at org.apache.tomcat.util.threads.TaskThread$WrappingRunnable.run(TaskThread.java:63) ~[tomcat-embed-core-10.1.39.jar:10.1.39]
	at java.base/java.lang.Thread.run(Thread.java:842) ~[na:na]

2025-03-25T10:47:39.254+05:30 DEBUG 8866 --- [Address Book] [http-nio-8080-exec-7] o.s.security.web.FilterChainProxy        : Securing OPTIONS /error
2025-03-25T10:47:39.255+05:30 DEBUG 8866 --- [Address Book] [http-nio-8080-exec-7] o.s.s.w.a.AnonymousAuthenticationFilter  : Set SecurityContextHolder to anonymous SecurityContext
2025-03-25T10:47:39.257+05:30 DEBUG 8866 --- [Address Book] [http-nio-8080-exec-7] o.s.s.w.a.Http403ForbiddenEntryPoint     : Pre-authenticated entry point called. Rejecting access
2025-03-25T10:47:39.429+05:30 DEBUG 8866 --- [Address Book] [http-nio-8080-exec-8] o.s.security.web.FilterChainProxy        : Securing OPTIONS /api/addressbook
2025-03-25T10:47:39.431+05:30 ERROR 8866 --- [Address Book] [http-nio-8080-exec-8] o.a.c.c.C.[.[.[/].[dispatcherServlet]    : Servlet.service() for servlet [dispatcherServlet] in context with path [] threw exception

java.lang.IllegalArgumentException: When allowCredentials is true, allowedOrigins cannot contain the special value "*" since that cannot be set on the "Access-Control-Allow-Origin" response header. To allow credentials to a set of origins, list them explicitly or consider using "allowedOriginPatterns" instead.
	at org.springframework.web.cors.CorsConfiguration.validateAllowCredentials(CorsConfiguration.java:568) ~[spring-web-6.2.5.jar:6.2.5]
	at org.springframework.web.cors.CorsConfiguration.checkOrigin(CorsConfiguration.java:695) ~[spring-web-6.2.5.jar:6.2.5]
	at org.springframework.web.cors.DefaultCorsProcessor.checkOrigin(DefaultCorsProcessor.java:197) ~[spring-web-6.2.5.jar:6.2.5]
	at org.springframework.web.cors.DefaultCorsProcessor.handleInternal(DefaultCorsProcessor.java:134) ~[spring-web-6.2.5.jar:6.2.5]
	at org.springframework.web.cors.DefaultCorsProcessor.processRequest(DefaultCorsProcessor.java:113) ~[spring-web-6.2.5.jar:6.2.5]
	at org.springframework.web.filter.CorsFilter.doFilterInternal(CorsFilter.java:87) ~[spring-web-6.2.5.jar:6.2.5]
	at org.springframework.web.filter.OncePerRequestFilter.doFilter(OncePerRequestFilter.java:116) ~[spring-web-6.2.5.jar:6.2.5]
	at org.springframework.security.web.ObservationFilterChainDecorator$ObservationFilter.wrapFilter(ObservationFilterChainDecorator.java:240) ~[spring-security-web-6.5.0-M3.jar:6.5.0-M3]
	at org.springframework.security.web.ObservationFilterChainDecorator$ObservationFilter.doFilter(ObservationFilterChainDecorator.java:227) ~[spring-security-web-6.5.0-M3.jar:6.5.0-M3]
	at org.springframework.security.web.ObservationFilterChainDecorator$VirtualFilterChain.doFilter(ObservationFilterChainDecorator.java:137) ~[spring-security-web-6.5.0-M3.jar:6.5.0-M3]
	at org.springframework.security.web.header.HeaderWriterFilter.doHeadersAfter(HeaderWriterFilter.java:90) ~[spring-security-web-6.5.0-M3.jar:6.5.0-M3]
	at org.springframework.security.web.header.HeaderWriterFilter.doFilterInternal(HeaderWriterFilter.java:75) ~[spring-security-web-6.5.0-M3.jar:6.5.0-M3]
	at org.springframework.web.filter.OncePerRequestFilter.doFilter(OncePerRequestFilter.java:116) ~[spring-web-6.2.5.jar:6.2.5]
	at org.springframework.security.web.ObservationFilterChainDecorator$ObservationFilter.wrapFilter(ObservationFilterChainDecorator.java:240) ~[spring-security-web-6.5.0-M3.jar:6.5.0-M3]
	at org.springframework.security.web.ObservationFilterChainDecorator$ObservationFilter.doFilter(ObservationFilterChainDecorator.java:227) ~[spring-security-web-6.5.0-M3.jar:6.5.0-M3]
	at org.springframework.security.web.ObservationFilterChainDecorator$VirtualFilterChain.doFilter(ObservationFilterChainDecorator.java:137) ~[spring-security-web-6.5.0-M3.jar:6.5.0-M3]
	at org.springframework.security.web.context.SecurityContextHolderFilter.doFilter(SecurityContextHolderFilter.java:82) ~[spring-security-web-6.5.0-M3.jar:6.5.0-M3]
	at org.springframework.security.web.context.SecurityContextHolderFilter.doFilter(SecurityContextHolderFilter.java:69) ~[spring-security-web-6.5.0-M3.jar:6.5.0-M3]
	at org.springframework.security.web.ObservationFilterChainDecorator$ObservationFilter.wrapFilter(ObservationFilterChainDecorator.java:240) ~[spring-security-web-6.5.0-M3.jar:6.5.0-M3]
	at org.springframework.security.web.ObservationFilterChainDecorator$ObservationFilter.doFilter(ObservationFilterChainDecorator.java:227) ~[spring-security-web-6.5.0-M3.jar:6.5.0-M3]
	at org.springframework.security.web.ObservationFilterChainDecorator$VirtualFilterChain.doFilter(ObservationFilterChainDecorator.java:137) ~[spring-security-web-6.5.0-M3.jar:6.5.0-M3]
	at org.springframework.security.web.context.request.async.WebAsyncManagerIntegrationFilter.doFilterInternal(WebAsyncManagerIntegrationFilter.java:62) ~[spring-security-web-6.5.0-M3.jar:6.5.0-M3]
	at org.springframework.web.filter.OncePerRequestFilter.doFilter(OncePerRequestFilter.java:116) ~[spring-web-6.2.5.jar:6.2.5]
	at org.springframework.security.web.ObservationFilterChainDecorator$ObservationFilter.wrapFilter(ObservationFilterChainDecorator.java:240) ~[spring-security-web-6.5.0-M3.jar:6.5.0-M3]
	at org.springframework.security.web.ObservationFilterChainDecorator$ObservationFilter.doFilter(ObservationFilterChainDecorator.java:227) ~[spring-security-web-6.5.0-M3.jar:6.5.0-M3]
	at org.springframework.security.web.ObservationFilterChainDecorator$VirtualFilterChain.doFilter(ObservationFilterChainDecorator.java:137) ~[spring-security-web-6.5.0-M3.jar:6.5.0-M3]
	at org.springframework.security.web.session.DisableEncodeUrlFilter.doFilterInternal(DisableEncodeUrlFilter.java:42) ~[spring-security-web-6.5.0-M3.jar:6.5.0-M3]
	at org.springframework.web.filter.OncePerRequestFilter.doFilter(OncePerRequestFilter.java:116) ~[spring-web-6.2.5.jar:6.2.5]
	at org.springframework.security.web.ObservationFilterChainDecorator$ObservationFilter.wrapFilter(ObservationFilterChainDecorator.java:240) ~[spring-security-web-6.5.0-M3.jar:6.5.0-M3]
	at org.springframework.security.web.ObservationFilterChainDecorator$AroundFilterObservation$SimpleAroundFilterObservation.lambda$wrap$0(ObservationFilterChainDecorator.java:323) ~[spring-security-web-6.5.0-M3.jar:6.5.0-M3]
	at org.springframework.security.web.ObservationFilterChainDecorator$ObservationFilter.doFilter(ObservationFilterChainDecorator.java:224) ~[spring-security-web-6.5.0-M3.jar:6.5.0-M3]
	at org.springframework.security.web.ObservationFilterChainDecorator$VirtualFilterChain.doFilter(ObservationFilterChainDecorator.java:137) ~[spring-security-web-6.5.0-M3.jar:6.5.0-M3]
	at org.springframework.security.web.FilterChainProxy.lambda$doFilterInternal$4(FilterChainProxy.java:237) ~[spring-security-web-6.5.0-M3.jar:6.5.0-M3]
	at org.springframework.web.filter.ServletRequestPathFilter.doFilter(ServletRequestPathFilter.java:52) ~[spring-web-6.2.5.jar:6.2.5]
	at org.springframework.security.web.FilterChainProxy.doFilterInternal(FilterChainProxy.java:216) ~[spring-security-web-6.5.0-M3.jar:6.5.0-M3]
	at org.springframework.security.web.FilterChainProxy.doFilter(FilterChainProxy.java:194) ~[spring-security-web-6.5.0-M3.jar:6.5.0-M3]
	at org.springframework.web.filter.CompositeFilter$VirtualFilterChain.doFilter(CompositeFilter.java:113) ~[spring-web-6.2.5.jar:6.2.5]
	at org.springframework.web.servlet.handler.HandlerMappingIntrospector.lambda$createCacheFilter$3(HandlerMappingIntrospector.java:243) ~[spring-webmvc-6.2.5.jar:6.2.5]
	at org.springframework.web.filter.CompositeFilter$VirtualFilterChain.doFilter(CompositeFilter.java:113) ~[spring-web-6.2.5.jar:6.2.5]
	at org.springframework.web.filter.CompositeFilter.doFilter(CompositeFilter.java:74) ~[spring-web-6.2.5.jar:6.2.5]
	at org.springframework.security.config.annotation.web.configuration.WebMvcSecurityConfiguration$CompositeFilterChainProxy.doFilter(WebMvcSecurityConfiguration.java:238) ~[spring-security-config-6.5.0-M3.jar:6.5.0-M3]
	at org.springframework.web.filter.DelegatingFilterProxy.invokeDelegate(DelegatingFilterProxy.java:362) ~[spring-web-6.2.5.jar:6.2.5]
	at org.springframework.web.filter.DelegatingFilterProxy.doFilter(DelegatingFilterProxy.java:278) ~[spring-web-6.2.5.jar:6.2.5]
	at org.apache.catalina.core.ApplicationFilterChain.internalDoFilter(ApplicationFilterChain.java:164) ~[tomcat-embed-core-10.1.39.jar:10.1.39]
	at org.apache.catalina.core.ApplicationFilterChain.doFilter(ApplicationFilterChain.java:140) ~[tomcat-embed-core-10.1.39.jar:10.1.39]
	at org.springframework.web.filter.RequestContextFilter.doFilterInternal(RequestContextFilter.java:100) ~[spring-web-6.2.5.jar:6.2.5]
	at org.springframework.web.filter.OncePerRequestFilter.doFilter(OncePerRequestFilter.java:116) ~[spring-web-6.2.5.jar:6.2.5]
	at org.apache.catalina.core.ApplicationFilterChain.internalDoFilter(ApplicationFilterChain.java:164) ~[tomcat-embed-core-10.1.39.jar:10.1.39]
	at org.apache.catalina.core.ApplicationFilterChain.doFilter(ApplicationFilterChain.java:140) ~[tomcat-embed-core-10.1.39.jar:10.1.39]
	at org.springframework.web.filter.FormContentFilter.doFilterInternal(FormContentFilter.java:93) ~[spring-web-6.2.5.jar:6.2.5]
	at org.springframework.web.filter.OncePerRequestFilter.doFilter(OncePerRequestFilter.java:116) ~[spring-web-6.2.5.jar:6.2.5]
	at org.apache.catalina.core.ApplicationFilterChain.internalDoFilter(ApplicationFilterChain.java:164) ~[tomcat-embed-core-10.1.39.jar:10.1.39]
	at org.apache.catalina.core.ApplicationFilterChain.doFilter(ApplicationFilterChain.java:140) ~[tomcat-embed-core-10.1.39.jar:10.1.39]
	at org.springframework.web.filter.ServerHttpObservationFilter.doFilterInternal(ServerHttpObservationFilter.java:114) ~[spring-web-6.2.5.jar:6.2.5]
	at org.springframework.web.filter.OncePerRequestFilter.doFilter(OncePerRequestFilter.java:116) ~[spring-web-6.2.5.jar:6.2.5]
	at org.apache.catalina.core.ApplicationFilterChain.internalDoFilter(ApplicationFilterChain.java:164) ~[tomcat-embed-core-10.1.39.jar:10.1.39]
	at org.apache.catalina.core.ApplicationFilterChain.doFilter(ApplicationFilterChain.java:140) ~[tomcat-embed-core-10.1.39.jar:10.1.39]
	at org.springframework.web.filter.CharacterEncodingFilter.doFilterInternal(CharacterEncodingFilter.java:201) ~[spring-web-6.2.5.jar:6.2.5]
	at org.springframework.web.filter.OncePerRequestFilter.doFilter(OncePerRequestFilter.java:116) ~[spring-web-6.2.5.jar:6.2.5]
	at org.apache.catalina.core.ApplicationFilterChain.internalDoFilter(ApplicationFilterChain.java:164) ~[tomcat-embed-core-10.1.39.jar:10.1.39]
	at org.apache.catalina.core.ApplicationFilterChain.doFilter(ApplicationFilterChain.java:140) ~[tomcat-embed-core-10.1.39.jar:10.1.39]
	at org.apache.catalina.core.StandardWrapperValve.invoke(StandardWrapperValve.java:167) ~[tomcat-embed-core-10.1.39.jar:10.1.39]
	at org.apache.catalina.core.StandardContextValve.invoke(StandardContextValve.java:90) ~[tomcat-embed-core-10.1.39.jar:10.1.39]
	at org.apache.catalina.authenticator.AuthenticatorBase.invoke(AuthenticatorBase.java:483) ~[tomcat-embed-core-10.1.39.jar:10.1.39]
	at org.apache.catalina.core.StandardHostValve.invoke(StandardHostValve.java:115) ~[tomcat-embed-core-10.1.39.jar:10.1.39]
	at org.apache.catalina.valves.ErrorReportValve.invoke(ErrorReportValve.java:93) ~[tomcat-embed-core-10.1.39.jar:10.1.39]
	at org.apache.catalina.core.StandardEngineValve.invoke(StandardEngineValve.java:74) ~[tomcat-embed-core-10.1.39.jar:10.1.39]
	at org.apache.catalina.connector.CoyoteAdapter.service(CoyoteAdapter.java:344) ~[tomcat-embed-core-10.1.39.jar:10.1.39]
	at org.apache.coyote.http11.Http11Processor.service(Http11Processor.java:397) ~[tomcat-embed-core-10.1.39.jar:10.1.39]
	at org.apache.coyote.AbstractProcessorLight.process(AbstractProcessorLight.java:63) ~[tomcat-embed-core-10.1.39.jar:10.1.39]
	at org.apache.coyote.AbstractProtocol$ConnectionHandler.process(AbstractProtocol.java:905) ~[tomcat-embed-core-10.1.39.jar:10.1.39]
	at org.apache.tomcat.util.net.NioEndpoint$SocketProcessor.doRun(NioEndpoint.java:1743) ~[tomcat-embed-core-10.1.39.jar:10.1.39]
	at org.apache.tomcat.util.net.SocketProcessorBase.run(SocketProcessorBase.java:52) ~[tomcat-embed-core-10.1.39.jar:10.1.39]
	at org.apache.tomcat.util.threads.ThreadPoolExecutor.runWorker(ThreadPoolExecutor.java:1190) ~[tomcat-embed-core-10.1.39.jar:10.1.39]
	at org.apache.tomcat.util.threads.ThreadPoolExecutor$Worker.run(ThreadPoolExecutor.java:659) ~[tomcat-embed-core-10.1.39.jar:10.1.39]
	at org.apache.tomcat.util.threads.TaskThread$WrappingRunnable.run(TaskThread.java:63) ~[tomcat-embed-core-10.1.39.jar:10.1.39]
	at java.base/java.lang.Thread.run(Thread.java:842) ~[na:na]

2025-03-25T10:47:39.432+05:30 DEBUG 8866 --- [Address Book] [http-nio-8080-exec-8] o.s.security.web.FilterChainProxy        : Securing OPTIONS /error
2025-03-25T10:47:39.432+05:30 DEBUG 8866 --- [Address Book] [http-nio-8080-exec-8] o.s.s.w.a.AnonymousAuthenticationFilter  : Set SecurityContextHolder to anonymous SecurityContext
2025-03-25T10:47:39.432+05:30 DEBUG 8866 --- [Address Book] [http-nio-8080-exec-8] o.s.s.w.a.Http403ForbiddenEntryPoint     : Pre-authenticated entry point called. Rejecting access
2025-03-25T10:47:39.780+05:30 DEBUG 8866 --- [Address Book] [http-nio-8080-exec-9] o.s.security.web.FilterChainProxy        : Securing OPTIONS /api/addressbook
2025-03-25T10:47:39.780+05:30 ERROR 8866 --- [Address Book] [http-nio-8080-exec-9] o.a.c.c.C.[.[.[/].[dispatcherServlet]    : Servlet.service() for servlet [dispatcherServlet] in context with path [] threw exception

java.lang.IllegalArgumentException: When allowCredentials is true, allowedOrigins cannot contain the special value "*" since that cannot be set on the "Access-Control-Allow-Origin" response header. To allow credentials to a set of origins, list them explicitly or consider using "allowedOriginPatterns" instead.
	at org.springframework.web.cors.CorsConfiguration.validateAllowCredentials(CorsConfiguration.java:568) ~[spring-web-6.2.5.jar:6.2.5]
	at org.springframework.web.cors.CorsConfiguration.checkOrigin(CorsConfiguration.java:695) ~[spring-web-6.2.5.jar:6.2.5]
	at org.springframework.web.cors.DefaultCorsProcessor.checkOrigin(DefaultCorsProcessor.java:197) ~[spring-web-6.2.5.jar:6.2.5]
	at org.springframework.web.cors.DefaultCorsProcessor.handleInternal(DefaultCorsProcessor.java:134) ~[spring-web-6.2.5.jar:6.2.5]
	at org.springframework.web.cors.DefaultCorsProcessor.processRequest(DefaultCorsProcessor.java:113) ~[spring-web-6.2.5.jar:6.2.5]
	at org.springframework.web.filter.CorsFilter.doFilterInternal(CorsFilter.java:87) ~[spring-web-6.2.5.jar:6.2.5]
	at org.springframework.web.filter.OncePerRequestFilter.doFilter(OncePerRequestFilter.java:116) ~[spring-web-6.2.5.jar:6.2.5]
	at org.springframework.security.web.ObservationFilterChainDecorator$ObservationFilter.wrapFilter(ObservationFilterChainDecorator.java:240) ~[spring-security-web-6.5.0-M3.jar:6.5.0-M3]
	at org.springframework.security.web.ObservationFilterChainDecorator$ObservationFilter.doFilter(ObservationFilterChainDecorator.java:227) ~[spring-security-web-6.5.0-M3.jar:6.5.0-M3]
	at org.springframework.security.web.ObservationFilterChainDecorator$VirtualFilterChain.doFilter(ObservationFilterChainDecorator.java:137) ~[spring-security-web-6.5.0-M3.jar:6.5.0-M3]
	at org.springframework.security.web.header.HeaderWriterFilter.doHeadersAfter(HeaderWriterFilter.java:90) ~[spring-security-web-6.5.0-M3.jar:6.5.0-M3]
	at org.springframework.security.web.header.HeaderWriterFilter.doFilterInternal(HeaderWriterFilter.java:75) ~[spring-security-web-6.5.0-M3.jar:6.5.0-M3]
	at org.springframework.web.filter.OncePerRequestFilter.doFilter(OncePerRequestFilter.java:116) ~[spring-web-6.2.5.jar:6.2.5]
	at org.springframework.security.web.ObservationFilterChainDecorator$ObservationFilter.wrapFilter(ObservationFilterChainDecorator.java:240) ~[spring-security-web-6.5.0-M3.jar:6.5.0-M3]
	at org.springframework.security.web.ObservationFilterChainDecorator$ObservationFilter.doFilter(ObservationFilterChainDecorator.java:227) ~[spring-security-web-6.5.0-M3.jar:6.5.0-M3]
	at org.springframework.security.web.ObservationFilterChainDecorator$VirtualFilterChain.doFilter(ObservationFilterChainDecorator.java:137) ~[spring-security-web-6.5.0-M3.jar:6.5.0-M3]
	at org.springframework.security.web.context.SecurityContextHolderFilter.doFilter(SecurityContextHolderFilter.java:82) ~[spring-security-web-6.5.0-M3.jar:6.5.0-M3]
	at org.springframework.security.web.context.SecurityContextHolderFilter.doFilter(SecurityContextHolderFilter.java:69) ~[spring-security-web-6.5.0-M3.jar:6.5.0-M3]
	at org.springframework.security.web.ObservationFilterChainDecorator$ObservationFilter.wrapFilter(ObservationFilterChainDecorator.java:240) ~[spring-security-web-6.5.0-M3.jar:6.5.0-M3]
	at org.springframework.security.web.ObservationFilterChainDecorator$ObservationFilter.doFilter(ObservationFilterChainDecorator.java:227) ~[spring-security-web-6.5.0-M3.jar:6.5.0-M3]
	at org.springframework.security.web.ObservationFilterChainDecorator$VirtualFilterChain.doFilter(ObservationFilterChainDecorator.java:137) ~[spring-security-web-6.5.0-M3.jar:6.5.0-M3]
	at org.springframework.security.web.context.request.async.WebAsyncManagerIntegrationFilter.doFilterInternal(WebAsyncManagerIntegrationFilter.java:62) ~[spring-security-web-6.5.0-M3.jar:6.5.0-M3]
	at org.springframework.web.filter.OncePerRequestFilter.doFilter(OncePerRequestFilter.java:116) ~[spring-web-6.2.5.jar:6.2.5]
	at org.springframework.security.web.ObservationFilterChainDecorator$ObservationFilter.wrapFilter(ObservationFilterChainDecorator.java:240) ~[spring-security-web-6.5.0-M3.jar:6.5.0-M3]
	at org.springframework.security.web.ObservationFilterChainDecorator$ObservationFilter.doFilter(ObservationFilterChainDecorator.java:227) ~[spring-security-web-6.5.0-M3.jar:6.5.0-M3]
	at org.springframework.security.web.ObservationFilterChainDecorator$VirtualFilterChain.doFilter(ObservationFilterChainDecorator.java:137) ~[spring-security-web-6.5.0-M3.jar:6.5.0-M3]
	at org.springframework.security.web.session.DisableEncodeUrlFilter.doFilterInternal(DisableEncodeUrlFilter.java:42) ~[spring-security-web-6.5.0-M3.jar:6.5.0-M3]
	at org.springframework.web.filter.OncePerRequestFilter.doFilter(OncePerRequestFilter.java:116) ~[spring-web-6.2.5.jar:6.2.5]
	at org.springframework.security.web.ObservationFilterChainDecorator$ObservationFilter.wrapFilter(ObservationFilterChainDecorator.java:240) ~[spring-security-web-6.5.0-M3.jar:6.5.0-M3]
	at org.springframework.security.web.ObservationFilterChainDecorator$AroundFilterObservation$SimpleAroundFilterObservation.lambda$wrap$0(ObservationFilterChainDecorator.java:323) ~[spring-security-web-6.5.0-M3.jar:6.5.0-M3]
	at org.springframework.security.web.ObservationFilterChainDecorator$ObservationFilter.doFilter(ObservationFilterChainDecorator.java:224) ~[spring-security-web-6.5.0-M3.jar:6.5.0-M3]
	at org.springframework.security.web.ObservationFilterChainDecorator$VirtualFilterChain.doFilter(ObservationFilterChainDecorator.java:137) ~[spring-security-web-6.5.0-M3.jar:6.5.0-M3]
	at org.springframework.security.web.FilterChainProxy.lambda$doFilterInternal$4(FilterChainProxy.java:237) ~[spring-security-web-6.5.0-M3.jar:6.5.0-M3]
	at org.springframework.web.filter.ServletRequestPathFilter.doFilter(ServletRequestPathFilter.java:52) ~[spring-web-6.2.5.jar:6.2.5]
	at org.springframework.security.web.FilterChainProxy.doFilterInternal(FilterChainProxy.java:216) ~[spring-security-web-6.5.0-M3.jar:6.5.0-M3]
	at org.springframework.security.web.FilterChainProxy.doFilter(FilterChainProxy.java:194) ~[spring-security-web-6.5.0-M3.jar:6.5.0-M3]
	at org.springframework.web.filter.CompositeFilter$VirtualFilterChain.doFilter(CompositeFilter.java:113) ~[spring-web-6.2.5.jar:6.2.5]
	at org.springframework.web.servlet.handler.HandlerMappingIntrospector.lambda$createCacheFilter$3(HandlerMappingIntrospector.java:243) ~[spring-webmvc-6.2.5.jar:6.2.5]
	at org.springframework.web.filter.CompositeFilter$VirtualFilterChain.doFilter(CompositeFilter.java:113) ~[spring-web-6.2.5.jar:6.2.5]
	at org.springframework.web.filter.CompositeFilter.doFilter(CompositeFilter.java:74) ~[spring-web-6.2.5.jar:6.2.5]
	at org.springframework.security.config.annotation.web.configuration.WebMvcSecurityConfiguration$CompositeFilterChainProxy.doFilter(WebMvcSecurityConfiguration.java:238) ~[spring-security-config-6.5.0-M3.jar:6.5.0-M3]
	at org.springframework.web.filter.DelegatingFilterProxy.invokeDelegate(DelegatingFilterProxy.java:362) ~[spring-web-6.2.5.jar:6.2.5]
	at org.springframework.web.filter.DelegatingFilterProxy.doFilter(DelegatingFilterProxy.java:278) ~[spring-web-6.2.5.jar:6.2.5]
	at org.apache.catalina.core.ApplicationFilterChain.internalDoFilter(ApplicationFilterChain.java:164) ~[tomcat-embed-core-10.1.39.jar:10.1.39]
	at org.apache.catalina.core.ApplicationFilterChain.doFilter(ApplicationFilterChain.java:140) ~[tomcat-embed-core-10.1.39.jar:10.1.39]
	at org.springframework.web.filter.RequestContextFilter.doFilterInternal(RequestContextFilter.java:100) ~[spring-web-6.2.5.jar:6.2.5]
	at org.springframework.web.filter.OncePerRequestFilter.doFilter(OncePerRequestFilter.java:116) ~[spring-web-6.2.5.jar:6.2.5]
	at org.apache.catalina.core.ApplicationFilterChain.internalDoFilter(ApplicationFilterChain.java:164) ~[tomcat-embed-core-10.1.39.jar:10.1.39]
	at org.apache.catalina.core.ApplicationFilterChain.doFilter(ApplicationFilterChain.java:140) ~[tomcat-embed-core-10.1.39.jar:10.1.39]
	at org.springframework.web.filter.FormContentFilter.doFilterInternal(FormContentFilter.java:93) ~[spring-web-6.2.5.jar:6.2.5]
	at org.springframework.web.filter.OncePerRequestFilter.doFilter(OncePerRequestFilter.java:116) ~[spring-web-6.2.5.jar:6.2.5]
	at org.apache.catalina.core.ApplicationFilterChain.internalDoFilter(ApplicationFilterChain.java:164) ~[tomcat-embed-core-10.1.39.jar:10.1.39]
	at org.apache.catalina.core.ApplicationFilterChain.doFilter(ApplicationFilterChain.java:140) ~[tomcat-embed-core-10.1.39.jar:10.1.39]
	at org.springframework.web.filter.ServerHttpObservationFilter.doFilterInternal(ServerHttpObservationFilter.java:114) ~[spring-web-6.2.5.jar:6.2.5]
	at org.springframework.web.filter.OncePerRequestFilter.doFilter(OncePerRequestFilter.java:116) ~[spring-web-6.2.5.jar:6.2.5]
	at org.apache.catalina.core.ApplicationFilterChain.internalDoFilter(ApplicationFilterChain.java:164) ~[tomcat-embed-core-10.1.39.jar:10.1.39]
	at org.apache.catalina.core.ApplicationFilterChain.doFilter(ApplicationFilterChain.java:140) ~[tomcat-embed-core-10.1.39.jar:10.1.39]
	at org.springframework.web.filter.CharacterEncodingFilter.doFilterInternal(CharacterEncodingFilter.java:201) ~[spring-web-6.2.5.jar:6.2.5]
	at org.springframework.web.filter.OncePerRequestFilter.doFilter(OncePerRequestFilter.java:116) ~[spring-web-6.2.5.jar:6.2.5]
	at org.apache.catalina.core.ApplicationFilterChain.internalDoFilter(ApplicationFilterChain.java:164) ~[tomcat-embed-core-10.1.39.jar:10.1.39]
	at org.apache.catalina.core.ApplicationFilterChain.doFilter(ApplicationFilterChain.java:140) ~[tomcat-embed-core-10.1.39.jar:10.1.39]
	at org.apache.catalina.core.StandardWrapperValve.invoke(StandardWrapperValve.java:167) ~[tomcat-embed-core-10.1.39.jar:10.1.39]
	at org.apache.catalina.core.StandardContextValve.invoke(StandardContextValve.java:90) ~[tomcat-embed-core-10.1.39.jar:10.1.39]
	at org.apache.catalina.authenticator.AuthenticatorBase.invoke(AuthenticatorBase.java:483) ~[tomcat-embed-core-10.1.39.jar:10.1.39]
	at org.apache.catalina.core.StandardHostValve.invoke(StandardHostValve.java:115) ~[tomcat-embed-core-10.1.39.jar:10.1.39]
	at org.apache.catalina.valves.ErrorReportValve.invoke(ErrorReportValve.java:93) ~[tomcat-embed-core-10.1.39.jar:10.1.39]
	at org.apache.catalina.core.StandardEngineValve.invoke(StandardEngineValve.java:74) ~[tomcat-embed-core-10.1.39.jar:10.1.39]
	at org.apache.catalina.connector.CoyoteAdapter.service(CoyoteAdapter.java:344) ~[tomcat-embed-core-10.1.39.jar:10.1.39]
	at org.apache.coyote.http11.Http11Processor.service(Http11Processor.java:397) ~[tomcat-embed-core-10.1.39.jar:10.1.39]
	at org.apache.coyote.AbstractProcessorLight.process(AbstractProcessorLight.java:63) ~[tomcat-embed-core-10.1.39.jar:10.1.39]
	at org.apache.coyote.AbstractProtocol$ConnectionHandler.process(AbstractProtocol.java:905) ~[tomcat-embed-core-10.1.39.jar:10.1.39]
	at org.apache.tomcat.util.net.NioEndpoint$SocketProcessor.doRun(NioEndpoint.java:1743) ~[tomcat-embed-core-10.1.39.jar:10.1.39]
	at org.apache.tomcat.util.net.SocketProcessorBase.run(SocketProcessorBase.java:52) ~[tomcat-embed-core-10.1.39.jar:10.1.39]
	at org.apache.tomcat.util.threads.ThreadPoolExecutor.runWorker(ThreadPoolExecutor.java:1190) ~[tomcat-embed-core-10.1.39.jar:10.1.39]
	at org.apache.tomcat.util.threads.ThreadPoolExecutor$Worker.run(ThreadPoolExecutor.java:659) ~[tomcat-embed-core-10.1.39.jar:10.1.39]
	at org.apache.tomcat.util.threads.TaskThread$WrappingRunnable.run(TaskThread.java:63) ~[tomcat-embed-core-10.1.39.jar:10.1.39]
	at java.base/java.lang.Thread.run(Thread.java:842) ~[na:na]

2025-03-25T10:47:39.781+05:30 DEBUG 8866 --- [Address Book] [http-nio-8080-exec-9] o.s.security.web.FilterChainProxy        : Securing OPTIONS /error
2025-03-25T10:47:39.781+05:30 DEBUG 8866 --- [Address Book] [http-nio-8080-exec-9] o.s.s.w.a.AnonymousAuthenticationFilter  : Set SecurityContextHolder to anonymous SecurityContext
2025-03-25T10:47:39.782+05:30 DEBUG 8866 --- [Address Book] [http-nio-8080-exec-9] o.s.s.w.a.Http403ForbiddenEntryPoint     : Pre-authenticated entry point called. Rejecting access
2025-03-25T10:47:40.014+05:30 DEBUG 8866 --- [Address Book] [http-nio-8080-exec-10] o.s.security.web.FilterChainProxy        : Securing OPTIONS /api/addressbook
2025-03-25T10:47:40.016+05:30 ERROR 8866 --- [Address Book] [http-nio-8080-exec-10] o.a.c.c.C.[.[.[/].[dispatcherServlet]    : Servlet.service() for servlet [dispatcherServlet] in context with path [] threw exception

java.lang.IllegalArgumentException: When allowCredentials is true, allowedOrigins cannot contain the special value "*" since that cannot be set on the "Access-Control-Allow-Origin" response header. To allow credentials to a set of origins, list them explicitly or consider using "allowedOriginPatterns" instead.
	at org.springframework.web.cors.CorsConfiguration.validateAllowCredentials(CorsConfiguration.java:568) ~[spring-web-6.2.5.jar:6.2.5]
	at org.springframework.web.cors.CorsConfiguration.checkOrigin(CorsConfiguration.java:695) ~[spring-web-6.2.5.jar:6.2.5]
	at org.springframework.web.cors.DefaultCorsProcessor.checkOrigin(DefaultCorsProcessor.java:197) ~[spring-web-6.2.5.jar:6.2.5]
	at org.springframework.web.cors.DefaultCorsProcessor.handleInternal(DefaultCorsProcessor.java:134) ~[spring-web-6.2.5.jar:6.2.5]
	at org.springframework.web.cors.DefaultCorsProcessor.processRequest(DefaultCorsProcessor.java:113) ~[spring-web-6.2.5.jar:6.2.5]
	at org.springframework.web.filter.CorsFilter.doFilterInternal(CorsFilter.java:87) ~[spring-web-6.2.5.jar:6.2.5]
	at org.springframework.web.filter.OncePerRequestFilter.doFilter(OncePerRequestFilter.java:116) ~[spring-web-6.2.5.jar:6.2.5]
	at org.springframework.security.web.ObservationFilterChainDecorator$ObservationFilter.wrapFilter(ObservationFilterChainDecorator.java:240) ~[spring-security-web-6.5.0-M3.jar:6.5.0-M3]
	at org.springframework.security.web.ObservationFilterChainDecorator$ObservationFilter.doFilter(ObservationFilterChainDecorator.java:227) ~[spring-security-web-6.5.0-M3.jar:6.5.0-M3]
	at org.springframework.security.web.ObservationFilterChainDecorator$VirtualFilterChain.doFilter(ObservationFilterChainDecorator.java:137) ~[spring-security-web-6.5.0-M3.jar:6.5.0-M3]
	at org.springframework.security.web.header.HeaderWriterFilter.doHeadersAfter(HeaderWriterFilter.java:90) ~[spring-security-web-6.5.0-M3.jar:6.5.0-M3]
	at org.springframework.security.web.header.HeaderWriterFilter.doFilterInternal(HeaderWriterFilter.java:75) ~[spring-security-web-6.5.0-M3.jar:6.5.0-M3]
	at org.springframework.web.filter.OncePerRequestFilter.doFilter(OncePerRequestFilter.java:116) ~[spring-web-6.2.5.jar:6.2.5]
	at org.springframework.security.web.ObservationFilterChainDecorator$ObservationFilter.wrapFilter(ObservationFilterChainDecorator.java:240) ~[spring-security-web-6.5.0-M3.jar:6.5.0-M3]
	at org.springframework.security.web.ObservationFilterChainDecorator$ObservationFilter.doFilter(ObservationFilterChainDecorator.java:227) ~[spring-security-web-6.5.0-M3.jar:6.5.0-M3]
	at org.springframework.security.web.ObservationFilterChainDecorator$VirtualFilterChain.doFilter(ObservationFilterChainDecorator.java:137) ~[spring-security-web-6.5.0-M3.jar:6.5.0-M3]
	at org.springframework.security.web.context.SecurityContextHolderFilter.doFilter(SecurityContextHolderFilter.java:82) ~[spring-security-web-6.5.0-M3.jar:6.5.0-M3]
	at org.springframework.security.web.context.SecurityContextHolderFilter.doFilter(SecurityContextHolderFilter.java:69) ~[spring-security-web-6.5.0-M3.jar:6.5.0-M3]
	at org.springframework.security.web.ObservationFilterChainDecorator$ObservationFilter.wrapFilter(ObservationFilterChainDecorator.java:240) ~[spring-security-web-6.5.0-M3.jar:6.5.0-M3]
	at org.springframework.security.web.ObservationFilterChainDecorator$ObservationFilter.doFilter(ObservationFilterChainDecorator.java:227) ~[spring-security-web-6.5.0-M3.jar:6.5.0-M3]
	at org.springframework.security.web.ObservationFilterChainDecorator$VirtualFilterChain.doFilter(ObservationFilterChainDecorator.java:137) ~[spring-security-web-6.5.0-M3.jar:6.5.0-M3]
	at org.springframework.security.web.context.request.async.WebAsyncManagerIntegrationFilter.doFilterInternal(WebAsyncManagerIntegrationFilter.java:62) ~[spring-security-web-6.5.0-M3.jar:6.5.0-M3]
	at org.springframework.web.filter.OncePerRequestFilter.doFilter(OncePerRequestFilter.java:116) ~[spring-web-6.2.5.jar:6.2.5]
	at org.springframework.security.web.ObservationFilterChainDecorator$ObservationFilter.wrapFilter(ObservationFilterChainDecorator.java:240) ~[spring-security-web-6.5.0-M3.jar:6.5.0-M3]
	at org.springframework.security.web.ObservationFilterChainDecorator$ObservationFilter.doFilter(ObservationFilterChainDecorator.java:227) ~[spring-security-web-6.5.0-M3.jar:6.5.0-M3]
	at org.springframework.security.web.ObservationFilterChainDecorator$VirtualFilterChain.doFilter(ObservationFilterChainDecorator.java:137) ~[spring-security-web-6.5.0-M3.jar:6.5.0-M3]
	at org.springframework.security.web.session.DisableEncodeUrlFilter.doFilterInternal(DisableEncodeUrlFilter.java:42) ~[spring-security-web-6.5.0-M3.jar:6.5.0-M3]
	at org.springframework.web.filter.OncePerRequestFilter.doFilter(OncePerRequestFilter.java:116) ~[spring-web-6.2.5.jar:6.2.5]
	at org.springframework.security.web.ObservationFilterChainDecorator$ObservationFilter.wrapFilter(ObservationFilterChainDecorator.java:240) ~[spring-security-web-6.5.0-M3.jar:6.5.0-M3]
	at org.springframework.security.web.ObservationFilterChainDecorator$AroundFilterObservation$SimpleAroundFilterObservation.lambda$wrap$0(ObservationFilterChainDecorator.java:323) ~[spring-security-web-6.5.0-M3.jar:6.5.0-M3]
	at org.springframework.security.web.ObservationFilterChainDecorator$ObservationFilter.doFilter(ObservationFilterChainDecorator.java:224) ~[spring-security-web-6.5.0-M3.jar:6.5.0-M3]
	at org.springframework.security.web.ObservationFilterChainDecorator$VirtualFilterChain.doFilter(ObservationFilterChainDecorator.java:137) ~[spring-security-web-6.5.0-M3.jar:6.5.0-M3]
	at org.springframework.security.web.FilterChainProxy.lambda$doFilterInternal$4(FilterChainProxy.java:237) ~[spring-security-web-6.5.0-M3.jar:6.5.0-M3]
	at org.springframework.web.filter.ServletRequestPathFilter.doFilter(ServletRequestPathFilter.java:52) ~[spring-web-6.2.5.jar:6.2.5]
	at org.springframework.security.web.FilterChainProxy.doFilterInternal(FilterChainProxy.java:216) ~[spring-security-web-6.5.0-M3.jar:6.5.0-M3]
	at org.springframework.security.web.FilterChainProxy.doFilter(FilterChainProxy.java:194) ~[spring-security-web-6.5.0-M3.jar:6.5.0-M3]
	at org.springframework.web.filter.CompositeFilter$VirtualFilterChain.doFilter(CompositeFilter.java:113) ~[spring-web-6.2.5.jar:6.2.5]
	at org.springframework.web.servlet.handler.HandlerMappingIntrospector.lambda$createCacheFilter$3(HandlerMappingIntrospector.java:243) ~[spring-webmvc-6.2.5.jar:6.2.5]
	at org.springframework.web.filter.CompositeFilter$VirtualFilterChain.doFilter(CompositeFilter.java:113) ~[spring-web-6.2.5.jar:6.2.5]
	at org.springframework.web.filter.CompositeFilter.doFilter(CompositeFilter.java:74) ~[spring-web-6.2.5.jar:6.2.5]
	at org.springframework.security.config.annotation.web.configuration.WebMvcSecurityConfiguration$CompositeFilterChainProxy.doFilter(WebMvcSecurityConfiguration.java:238) ~[spring-security-config-6.5.0-M3.jar:6.5.0-M3]
	at org.springframework.web.filter.DelegatingFilterProxy.invokeDelegate(DelegatingFilterProxy.java:362) ~[spring-web-6.2.5.jar:6.2.5]
	at org.springframework.web.filter.DelegatingFilterProxy.doFilter(DelegatingFilterProxy.java:278) ~[spring-web-6.2.5.jar:6.2.5]
	at org.apache.catalina.core.ApplicationFilterChain.internalDoFilter(ApplicationFilterChain.java:164) ~[tomcat-embed-core-10.1.39.jar:10.1.39]
	at org.apache.catalina.core.ApplicationFilterChain.doFilter(ApplicationFilterChain.java:140) ~[tomcat-embed-core-10.1.39.jar:10.1.39]
	at org.springframework.web.filter.RequestContextFilter.doFilterInternal(RequestContextFilter.java:100) ~[spring-web-6.2.5.jar:6.2.5]
	at org.springframework.web.filter.OncePerRequestFilter.doFilter(OncePerRequestFilter.java:116) ~[spring-web-6.2.5.jar:6.2.5]
	at org.apache.catalina.core.ApplicationFilterChain.internalDoFilter(ApplicationFilterChain.java:164) ~[tomcat-embed-core-10.1.39.jar:10.1.39]
	at org.apache.catalina.core.ApplicationFilterChain.doFilter(ApplicationFilterChain.java:140) ~[tomcat-embed-core-10.1.39.jar:10.1.39]
	at org.springframework.web.filter.FormContentFilter.doFilterInternal(FormContentFilter.java:93) ~[spring-web-6.2.5.jar:6.2.5]
	at org.springframework.web.filter.OncePerRequestFilter.doFilter(OncePerRequestFilter.java:116) ~[spring-web-6.2.5.jar:6.2.5]
	at org.apache.catalina.core.ApplicationFilterChain.internalDoFilter(ApplicationFilterChain.java:164) ~[tomcat-embed-core-10.1.39.jar:10.1.39]
	at org.apache.catalina.core.ApplicationFilterChain.doFilter(ApplicationFilterChain.java:140) ~[tomcat-embed-core-10.1.39.jar:10.1.39]
	at org.springframework.web.filter.ServerHttpObservationFilter.doFilterInternal(ServerHttpObservationFilter.java:114) ~[spring-web-6.2.5.jar:6.2.5]
	at org.springframework.web.filter.OncePerRequestFilter.doFilter(OncePerRequestFilter.java:116) ~[spring-web-6.2.5.jar:6.2.5]
	at org.apache.catalina.core.ApplicationFilterChain.internalDoFilter(ApplicationFilterChain.java:164) ~[tomcat-embed-core-10.1.39.jar:10.1.39]
	at org.apache.catalina.core.ApplicationFilterChain.doFilter(ApplicationFilterChain.java:140) ~[tomcat-embed-core-10.1.39.jar:10.1.39]
	at org.springframework.web.filter.CharacterEncodingFilter.doFilterInternal(CharacterEncodingFilter.java:201) ~[spring-web-6.2.5.jar:6.2.5]
	at org.springframework.web.filter.OncePerRequestFilter.doFilter(OncePerRequestFilter.java:116) ~[spring-web-6.2.5.jar:6.2.5]
	at org.apache.catalina.core.ApplicationFilterChain.internalDoFilter(ApplicationFilterChain.java:164) ~[tomcat-embed-core-10.1.39.jar:10.1.39]
	at org.apache.catalina.core.ApplicationFilterChain.doFilter(ApplicationFilterChain.java:140) ~[tomcat-embed-core-10.1.39.jar:10.1.39]
	at org.apache.catalina.core.StandardWrapperValve.invoke(StandardWrapperValve.java:167) ~[tomcat-embed-core-10.1.39.jar:10.1.39]
	at org.apache.catalina.core.StandardContextValve.invoke(StandardContextValve.java:90) ~[tomcat-embed-core-10.1.39.jar:10.1.39]
	at org.apache.catalina.authenticator.AuthenticatorBase.invoke(AuthenticatorBase.java:483) ~[tomcat-embed-core-10.1.39.jar:10.1.39]
	at org.apache.catalina.core.StandardHostValve.invoke(StandardHostValve.java:115) ~[tomcat-embed-core-10.1.39.jar:10.1.39]
	at org.apache.catalina.valves.ErrorReportValve.invoke(ErrorReportValve.java:93) ~[tomcat-embed-core-10.1.39.jar:10.1.39]
	at org.apache.catalina.core.StandardEngineValve.invoke(StandardEngineValve.java:74) ~[tomcat-embed-core-10.1.39.jar:10.1.39]
	at org.apache.catalina.connector.CoyoteAdapter.service(CoyoteAdapter.java:344) ~[tomcat-embed-core-10.1.39.jar:10.1.39]
	at org.apache.coyote.http11.Http11Processor.service(Http11Processor.java:397) ~[tomcat-embed-core-10.1.39.jar:10.1.39]
	at org.apache.coyote.AbstractProcessorLight.process(AbstractProcessorLight.java:63) ~[tomcat-embed-core-10.1.39.jar:10.1.39]
	at org.apache.coyote.AbstractProtocol$ConnectionHandler.process(AbstractProtocol.java:905) ~[tomcat-embed-core-10.1.39.jar:10.1.39]
	at org.apache.tomcat.util.net.NioEndpoint$SocketProcessor.doRun(NioEndpoint.java:1743) ~[tomcat-embed-core-10.1.39.jar:10.1.39]
	at org.apache.tomcat.util.net.SocketProcessorBase.run(SocketProcessorBase.java:52) ~[tomcat-embed-core-10.1.39.jar:10.1.39]
	at org.apache.tomcat.util.threads.ThreadPoolExecutor.runWorker(ThreadPoolExecutor.java:1190) ~[tomcat-embed-core-10.1.39.jar:10.1.39]
	at org.apache.tomcat.util.threads.ThreadPoolExecutor$Worker.run(ThreadPoolExecutor.java:659) ~[tomcat-embed-core-10.1.39.jar:10.1.39]
	at org.apache.tomcat.util.threads.TaskThread$WrappingRunnable.run(TaskThread.java:63) ~[tomcat-embed-core-10.1.39.jar:10.1.39]
	at java.base/java.lang.Thread.run(Thread.java:842) ~[na:na]

2025-03-25T10:47:40.018+05:30 DEBUG 8866 --- [Address Book] [http-nio-8080-exec-10] o.s.security.web.FilterChainProxy        : Securing OPTIONS /error
2025-03-25T10:47:40.019+05:30 DEBUG 8866 --- [Address Book] [http-nio-8080-exec-10] o.s.s.w.a.AnonymousAuthenticationFilter  : Set SecurityContextHolder to anonymous SecurityContext
2025-03-25T10:47:40.019+05:30 DEBUG 8866 --- [Address Book] [http-nio-8080-exec-10] o.s.s.w.a.Http403ForbiddenEntryPoint     : Pre-authenticated entry point called. Rejecting access
2025-03-25T10:47:52.713+05:30 DEBUG 8866 --- [Address Book] [http-nio-8080-exec-2] o.s.security.web.FilterChainProxy        : Securing OPTIONS /api/addressbook
2025-03-25T10:47:52.715+05:30 ERROR 8866 --- [Address Book] [http-nio-8080-exec-2] o.a.c.c.C.[.[.[/].[dispatcherServlet]    : Servlet.service() for servlet [dispatcherServlet] in context with path [] threw exception

java.lang.IllegalArgumentException: When allowCredentials is true, allowedOrigins cannot contain the special value "*" since that cannot be set on the "Access-Control-Allow-Origin" response header. To allow credentials to a set of origins, list them explicitly or consider using "allowedOriginPatterns" instead.
	at org.springframework.web.cors.CorsConfiguration.validateAllowCredentials(CorsConfiguration.java:568) ~[spring-web-6.2.5.jar:6.2.5]
	at org.springframework.web.cors.CorsConfiguration.checkOrigin(CorsConfiguration.java:695) ~[spring-web-6.2.5.jar:6.2.5]
	at org.springframework.web.cors.DefaultCorsProcessor.checkOrigin(DefaultCorsProcessor.java:197) ~[spring-web-6.2.5.jar:6.2.5]
	at org.springframework.web.cors.DefaultCorsProcessor.handleInternal(DefaultCorsProcessor.java:134) ~[spring-web-6.2.5.jar:6.2.5]
	at org.springframework.web.cors.DefaultCorsProcessor.processRequest(DefaultCorsProcessor.java:113) ~[spring-web-6.2.5.jar:6.2.5]
	at org.springframework.web.filter.CorsFilter.doFilterInternal(CorsFilter.java:87) ~[spring-web-6.2.5.jar:6.2.5]
	at org.springframework.web.filter.OncePerRequestFilter.doFilter(OncePerRequestFilter.java:116) ~[spring-web-6.2.5.jar:6.2.5]
	at org.springframework.security.web.ObservationFilterChainDecorator$ObservationFilter.wrapFilter(ObservationFilterChainDecorator.java:240) ~[spring-security-web-6.5.0-M3.jar:6.5.0-M3]
	at org.springframework.security.web.ObservationFilterChainDecorator$ObservationFilter.doFilter(ObservationFilterChainDecorator.java:227) ~[spring-security-web-6.5.0-M3.jar:6.5.0-M3]
	at org.springframework.security.web.ObservationFilterChainDecorator$VirtualFilterChain.doFilter(ObservationFilterChainDecorator.java:137) ~[spring-security-web-6.5.0-M3.jar:6.5.0-M3]
	at org.springframework.security.web.header.HeaderWriterFilter.doHeadersAfter(HeaderWriterFilter.java:90) ~[spring-security-web-6.5.0-M3.jar:6.5.0-M3]
	at org.springframework.security.web.header.HeaderWriterFilter.doFilterInternal(HeaderWriterFilter.java:75) ~[spring-security-web-6.5.0-M3.jar:6.5.0-M3]
	at org.springframework.web.filter.OncePerRequestFilter.doFilter(OncePerRequestFilter.java:116) ~[spring-web-6.2.5.jar:6.2.5]
	at org.springframework.security.web.ObservationFilterChainDecorator$ObservationFilter.wrapFilter(ObservationFilterChainDecorator.java:240) ~[spring-security-web-6.5.0-M3.jar:6.5.0-M3]
	at org.springframework.security.web.ObservationFilterChainDecorator$ObservationFilter.doFilter(ObservationFilterChainDecorator.java:227) ~[spring-security-web-6.5.0-M3.jar:6.5.0-M3]
	at org.springframework.security.web.ObservationFilterChainDecorator$VirtualFilterChain.doFilter(ObservationFilterChainDecorator.java:137) ~[spring-security-web-6.5.0-M3.jar:6.5.0-M3]
	at org.springframework.security.web.context.SecurityContextHolderFilter.doFilter(SecurityContextHolderFilter.java:82) ~[spring-security-web-6.5.0-M3.jar:6.5.0-M3]
	at org.springframework.security.web.context.SecurityContextHolderFilter.doFilter(SecurityContextHolderFilter.java:69) ~[spring-security-web-6.5.0-M3.jar:6.5.0-M3]
	at org.springframework.security.web.ObservationFilterChainDecorator$ObservationFilter.wrapFilter(ObservationFilterChainDecorator.java:240) ~[spring-security-web-6.5.0-M3.jar:6.5.0-M3]
	at org.springframework.security.web.ObservationFilterChainDecorator$ObservationFilter.doFilter(ObservationFilterChainDecorator.java:227) ~[spring-security-web-6.5.0-M3.jar:6.5.0-M3]
	at org.springframework.security.web.ObservationFilterChainDecorator$VirtualFilterChain.doFilter(ObservationFilterChainDecorator.java:137) ~[spring-security-web-6.5.0-M3.jar:6.5.0-M3]
	at org.springframework.security.web.context.request.async.WebAsyncManagerIntegrationFilter.doFilterInternal(WebAsyncManagerIntegrationFilter.java:62) ~[spring-security-web-6.5.0-M3.jar:6.5.0-M3]
	at org.springframework.web.filter.OncePerRequestFilter.doFilter(OncePerRequestFilter.java:116) ~[spring-web-6.2.5.jar:6.2.5]
	at org.springframework.security.web.ObservationFilterChainDecorator$ObservationFilter.wrapFilter(ObservationFilterChainDecorator.java:240) ~[spring-security-web-6.5.0-M3.jar:6.5.0-M3]
	at org.springframework.security.web.ObservationFilterChainDecorator$ObservationFilter.doFilter(ObservationFilterChainDecorator.java:227) ~[spring-security-web-6.5.0-M3.jar:6.5.0-M3]
	at org.springframework.security.web.ObservationFilterChainDecorator$VirtualFilterChain.doFilter(ObservationFilterChainDecorator.java:137) ~[spring-security-web-6.5.0-M3.jar:6.5.0-M3]
	at org.springframework.security.web.session.DisableEncodeUrlFilter.doFilterInternal(DisableEncodeUrlFilter.java:42) ~[spring-security-web-6.5.0-M3.jar:6.5.0-M3]
	at org.springframework.web.filter.OncePerRequestFilter.doFilter(OncePerRequestFilter.java:116) ~[spring-web-6.2.5.jar:6.2.5]
	at org.springframework.security.web.ObservationFilterChainDecorator$ObservationFilter.wrapFilter(ObservationFilterChainDecorator.java:240) ~[spring-security-web-6.5.0-M3.jar:6.5.0-M3]
	at org.springframework.security.web.ObservationFilterChainDecorator$AroundFilterObservation$SimpleAroundFilterObservation.lambda$wrap$0(ObservationFilterChainDecorator.java:323) ~[spring-security-web-6.5.0-M3.jar:6.5.0-M3]
	at org.springframework.security.web.ObservationFilterChainDecorator$ObservationFilter.doFilter(ObservationFilterChainDecorator.java:224) ~[spring-security-web-6.5.0-M3.jar:6.5.0-M3]
	at org.springframework.security.web.ObservationFilterChainDecorator$VirtualFilterChain.doFilter(ObservationFilterChainDecorator.java:137) ~[spring-security-web-6.5.0-M3.jar:6.5.0-M3]
	at org.springframework.security.web.FilterChainProxy.lambda$doFilterInternal$4(FilterChainProxy.java:237) ~[spring-security-web-6.5.0-M3.jar:6.5.0-M3]
	at org.springframework.web.filter.ServletRequestPathFilter.doFilter(ServletRequestPathFilter.java:52) ~[spring-web-6.2.5.jar:6.2.5]
	at org.springframework.security.web.FilterChainProxy.doFilterInternal(FilterChainProxy.java:216) ~[spring-security-web-6.5.0-M3.jar:6.5.0-M3]
	at org.springframework.security.web.FilterChainProxy.doFilter(FilterChainProxy.java:194) ~[spring-security-web-6.5.0-M3.jar:6.5.0-M3]
	at org.springframework.web.filter.CompositeFilter$VirtualFilterChain.doFilter(CompositeFilter.java:113) ~[spring-web-6.2.5.jar:6.2.5]
	at org.springframework.web.servlet.handler.HandlerMappingIntrospector.lambda$createCacheFilter$3(HandlerMappingIntrospector.java:243) ~[spring-webmvc-6.2.5.jar:6.2.5]
	at org.springframework.web.filter.CompositeFilter$VirtualFilterChain.doFilter(CompositeFilter.java:113) ~[spring-web-6.2.5.jar:6.2.5]
	at org.springframework.web.filter.CompositeFilter.doFilter(CompositeFilter.java:74) ~[spring-web-6.2.5.jar:6.2.5]
	at org.springframework.security.config.annotation.web.configuration.WebMvcSecurityConfiguration$CompositeFilterChainProxy.doFilter(WebMvcSecurityConfiguration.java:238) ~[spring-security-config-6.5.0-M3.jar:6.5.0-M3]
	at org.springframework.web.filter.DelegatingFilterProxy.invokeDelegate(DelegatingFilterProxy.java:362) ~[spring-web-6.2.5.jar:6.2.5]
	at org.springframework.web.filter.DelegatingFilterProxy.doFilter(DelegatingFilterProxy.java:278) ~[spring-web-6.2.5.jar:6.2.5]
	at org.apache.catalina.core.ApplicationFilterChain.internalDoFilter(ApplicationFilterChain.java:164) ~[tomcat-embed-core-10.1.39.jar:10.1.39]
	at org.apache.catalina.core.ApplicationFilterChain.doFilter(ApplicationFilterChain.java:140) ~[tomcat-embed-core-10.1.39.jar:10.1.39]
	at org.springframework.web.filter.RequestContextFilter.doFilterInternal(RequestContextFilter.java:100) ~[spring-web-6.2.5.jar:6.2.5]
	at org.springframework.web.filter.OncePerRequestFilter.doFilter(OncePerRequestFilter.java:116) ~[spring-web-6.2.5.jar:6.2.5]
	at org.apache.catalina.core.ApplicationFilterChain.internalDoFilter(ApplicationFilterChain.java:164) ~[tomcat-embed-core-10.1.39.jar:10.1.39]
	at org.apache.catalina.core.ApplicationFilterChain.doFilter(ApplicationFilterChain.java:140) ~[tomcat-embed-core-10.1.39.jar:10.1.39]
	at org.springframework.web.filter.FormContentFilter.doFilterInternal(FormContentFilter.java:93) ~[spring-web-6.2.5.jar:6.2.5]
	at org.springframework.web.filter.OncePerRequestFilter.doFilter(OncePerRequestFilter.java:116) ~[spring-web-6.2.5.jar:6.2.5]
	at org.apache.catalina.core.ApplicationFilterChain.internalDoFilter(ApplicationFilterChain.java:164) ~[tomcat-embed-core-10.1.39.jar:10.1.39]
	at org.apache.catalina.core.ApplicationFilterChain.doFilter(ApplicationFilterChain.java:140) ~[tomcat-embed-core-10.1.39.jar:10.1.39]
	at org.springframework.web.filter.ServerHttpObservationFilter.doFilterInternal(ServerHttpObservationFilter.java:114) ~[spring-web-6.2.5.jar:6.2.5]
	at org.springframework.web.filter.OncePerRequestFilter.doFilter(OncePerRequestFilter.java:116) ~[spring-web-6.2.5.jar:6.2.5]
	at org.apache.catalina.core.ApplicationFilterChain.internalDoFilter(ApplicationFilterChain.java:164) ~[tomcat-embed-core-10.1.39.jar:10.1.39]
	at org.apache.catalina.core.ApplicationFilterChain.doFilter(ApplicationFilterChain.java:140) ~[tomcat-embed-core-10.1.39.jar:10.1.39]
	at org.springframework.web.filter.CharacterEncodingFilter.doFilterInternal(CharacterEncodingFilter.java:201) ~[spring-web-6.2.5.jar:6.2.5]
	at org.springframework.web.filter.OncePerRequestFilter.doFilter(OncePerRequestFilter.java:116) ~[spring-web-6.2.5.jar:6.2.5]
	at org.apache.catalina.core.ApplicationFilterChain.internalDoFilter(ApplicationFilterChain.java:164) ~[tomcat-embed-core-10.1.39.jar:10.1.39]
	at org.apache.catalina.core.ApplicationFilterChain.doFilter(ApplicationFilterChain.java:140) ~[tomcat-embed-core-10.1.39.jar:10.1.39]
	at org.apache.catalina.core.StandardWrapperValve.invoke(StandardWrapperValve.java:167) ~[tomcat-embed-core-10.1.39.jar:10.1.39]
	at org.apache.catalina.core.StandardContextValve.invoke(StandardContextValve.java:90) ~[tomcat-embed-core-10.1.39.jar:10.1.39]
	at org.apache.catalina.authenticator.AuthenticatorBase.invoke(AuthenticatorBase.java:483) ~[tomcat-embed-core-10.1.39.jar:10.1.39]
	at org.apache.catalina.core.StandardHostValve.invoke(StandardHostValve.java:115) ~[tomcat-embed-core-10.1.39.jar:10.1.39]
	at org.apache.catalina.valves.ErrorReportValve.invoke(ErrorReportValve.java:93) ~[tomcat-embed-core-10.1.39.jar:10.1.39]
	at org.apache.catalina.core.StandardEngineValve.invoke(StandardEngineValve.java:74) ~[tomcat-embed-core-10.1.39.jar:10.1.39]
	at org.apache.catalina.connector.CoyoteAdapter.service(CoyoteAdapter.java:344) ~[tomcat-embed-core-10.1.39.jar:10.1.39]
	at org.apache.coyote.http11.Http11Processor.service(Http11Processor.java:397) ~[tomcat-embed-core-10.1.39.jar:10.1.39]
	at org.apache.coyote.AbstractProcessorLight.process(AbstractProcessorLight.java:63) ~[tomcat-embed-core-10.1.39.jar:10.1.39]
	at org.apache.coyote.AbstractProtocol$ConnectionHandler.process(AbstractProtocol.java:905) ~[tomcat-embed-core-10.1.39.jar:10.1.39]
	at org.apache.tomcat.util.net.NioEndpoint$SocketProcessor.doRun(NioEndpoint.java:1743) ~[tomcat-embed-core-10.1.39.jar:10.1.39]
	at org.apache.tomcat.util.net.SocketProcessorBase.run(SocketProcessorBase.java:52) ~[tomcat-embed-core-10.1.39.jar:10.1.39]
	at org.apache.tomcat.util.threads.ThreadPoolExecutor.runWorker(ThreadPoolExecutor.java:1190) ~[tomcat-embed-core-10.1.39.jar:10.1.39]
	at org.apache.tomcat.util.threads.ThreadPoolExecutor$Worker.run(ThreadPoolExecutor.java:659) ~[tomcat-embed-core-10.1.39.jar:10.1.39]
	at org.apache.tomcat.util.threads.TaskThread$WrappingRunnable.run(TaskThread.java:63) ~[tomcat-embed-core-10.1.39.jar:10.1.39]
	at java.base/java.lang.Thread.run(Thread.java:842) ~[na:na]

2025-03-25T10:47:52.718+05:30 DEBUG 8866 --- [Address Book] [http-nio-8080-exec-2] o.s.security.web.FilterChainProxy        : Securing OPTIONS /error
2025-03-25T10:47:52.719+05:30 DEBUG 8866 --- [Address Book] [http-nio-8080-exec-2] o.s.s.w.a.AnonymousAuthenticationFilter  : Set SecurityContextHolder to anonymous SecurityContext
2025-03-25T10:47:52.725+05:30 DEBUG 8866 --- [Address Book] [http-nio-8080-exec-2] o.s.s.w.a.Http403ForbiddenEntryPoint     : Pre-authenticated entry point called. Rejecting access
2025-03-25T10:48:57.860+05:30 DEBUG 8866 --- [Address Book] [http-nio-8080-exec-4] o.s.security.web.FilterChainProxy        : Securing OPTIONS /api/addressbook
2025-03-25T10:48:57.873+05:30 ERROR 8866 --- [Address Book] [http-nio-8080-exec-4] o.a.c.c.C.[.[.[/].[dispatcherServlet]    : Servlet.service() for servlet [dispatcherServlet] in context with path [] threw exception

java.lang.IllegalArgumentException: When allowCredentials is true, allowedOrigins cannot contain the special value "*" since that cannot be set on the "Access-Control-Allow-Origin" response header. To allow credentials to a set of origins, list them explicitly or consider using "allowedOriginPatterns" instead.
	at org.springframework.web.cors.CorsConfiguration.validateAllowCredentials(CorsConfiguration.java:568) ~[spring-web-6.2.5.jar:6.2.5]
	at org.springframework.web.cors.CorsConfiguration.checkOrigin(CorsConfiguration.java:695) ~[spring-web-6.2.5.jar:6.2.5]
	at org.springframework.web.cors.DefaultCorsProcessor.checkOrigin(DefaultCorsProcessor.java:197) ~[spring-web-6.2.5.jar:6.2.5]
	at org.springframework.web.cors.DefaultCorsProcessor.handleInternal(DefaultCorsProcessor.java:134) ~[spring-web-6.2.5.jar:6.2.5]
	at org.springframework.web.cors.DefaultCorsProcessor.processRequest(DefaultCorsProcessor.java:113) ~[spring-web-6.2.5.jar:6.2.5]
	at org.springframework.web.filter.CorsFilter.doFilterInternal(CorsFilter.java:87) ~[spring-web-6.2.5.jar:6.2.5]
	at org.springframework.web.filter.OncePerRequestFilter.doFilter(OncePerRequestFilter.java:116) ~[spring-web-6.2.5.jar:6.2.5]
	at org.springframework.security.web.ObservationFilterChainDecorator$ObservationFilter.wrapFilter(ObservationFilterChainDecorator.java:240) ~[spring-security-web-6.5.0-M3.jar:6.5.0-M3]
	at org.springframework.security.web.ObservationFilterChainDecorator$ObservationFilter.doFilter(ObservationFilterChainDecorator.java:227) ~[spring-security-web-6.5.0-M3.jar:6.5.0-M3]
	at org.springframework.security.web.ObservationFilterChainDecorator$VirtualFilterChain.doFilter(ObservationFilterChainDecorator.java:137) ~[spring-security-web-6.5.0-M3.jar:6.5.0-M3]
	at org.springframework.security.web.header.HeaderWriterFilter.doHeadersAfter(HeaderWriterFilter.java:90) ~[spring-security-web-6.5.0-M3.jar:6.5.0-M3]
	at org.springframework.security.web.header.HeaderWriterFilter.doFilterInternal(HeaderWriterFilter.java:75) ~[spring-security-web-6.5.0-M3.jar:6.5.0-M3]
	at org.springframework.web.filter.OncePerRequestFilter.doFilter(OncePerRequestFilter.java:116) ~[spring-web-6.2.5.jar:6.2.5]
	at org.springframework.security.web.ObservationFilterChainDecorator$ObservationFilter.wrapFilter(ObservationFilterChainDecorator.java:240) ~[spring-security-web-6.5.0-M3.jar:6.5.0-M3]
	at org.springframework.security.web.ObservationFilterChainDecorator$ObservationFilter.doFilter(ObservationFilterChainDecorator.java:227) ~[spring-security-web-6.5.0-M3.jar:6.5.0-M3]
	at org.springframework.security.web.ObservationFilterChainDecorator$VirtualFilterChain.doFilter(ObservationFilterChainDecorator.java:137) ~[spring-security-web-6.5.0-M3.jar:6.5.0-M3]
	at org.springframework.security.web.context.SecurityContextHolderFilter.doFilter(SecurityContextHolderFilter.java:82) ~[spring-security-web-6.5.0-M3.jar:6.5.0-M3]
	at org.springframework.security.web.context.SecurityContextHolderFilter.doFilter(SecurityContextHolderFilter.java:69) ~[spring-security-web-6.5.0-M3.jar:6.5.0-M3]
	at org.springframework.security.web.ObservationFilterChainDecorator$ObservationFilter.wrapFilter(ObservationFilterChainDecorator.java:240) ~[spring-security-web-6.5.0-M3.jar:6.5.0-M3]
	at org.springframework.security.web.ObservationFilterChainDecorator$ObservationFilter.doFilter(ObservationFilterChainDecorator.java:227) ~[spring-security-web-6.5.0-M3.jar:6.5.0-M3]
	at org.springframework.security.web.ObservationFilterChainDecorator$VirtualFilterChain.doFilter(ObservationFilterChainDecorator.java:137) ~[spring-security-web-6.5.0-M3.jar:6.5.0-M3]
	at org.springframework.security.web.context.request.async.WebAsyncManagerIntegrationFilter.doFilterInternal(WebAsyncManagerIntegrationFilter.java:62) ~[spring-security-web-6.5.0-M3.jar:6.5.0-M3]
	at org.springframework.web.filter.OncePerRequestFilter.doFilter(OncePerRequestFilter.java:116) ~[spring-web-6.2.5.jar:6.2.5]
	at org.springframework.security.web.ObservationFilterChainDecorator$ObservationFilter.wrapFilter(ObservationFilterChainDecorator.java:240) ~[spring-security-web-6.5.0-M3.jar:6.5.0-M3]
	at org.springframework.security.web.ObservationFilterChainDecorator$ObservationFilter.doFilter(ObservationFilterChainDecorator.java:227) ~[spring-security-web-6.5.0-M3.jar:6.5.0-M3]
	at org.springframework.security.web.ObservationFilterChainDecorator$VirtualFilterChain.doFilter(ObservationFilterChainDecorator.java:137) ~[spring-security-web-6.5.0-M3.jar:6.5.0-M3]
	at org.springframework.security.web.session.DisableEncodeUrlFilter.doFilterInternal(DisableEncodeUrlFilter.java:42) ~[spring-security-web-6.5.0-M3.jar:6.5.0-M3]
	at org.springframework.web.filter.OncePerRequestFilter.doFilter(OncePerRequestFilter.java:116) ~[spring-web-6.2.5.jar:6.2.5]
	at org.springframework.security.web.ObservationFilterChainDecorator$ObservationFilter.wrapFilter(ObservationFilterChainDecorator.java:240) ~[spring-security-web-6.5.0-M3.jar:6.5.0-M3]
	at org.springframework.security.web.ObservationFilterChainDecorator$AroundFilterObservation$SimpleAroundFilterObservation.lambda$wrap$0(ObservationFilterChainDecorator.java:323) ~[spring-security-web-6.5.0-M3.jar:6.5.0-M3]
	at org.springframework.security.web.ObservationFilterChainDecorator$ObservationFilter.doFilter(ObservationFilterChainDecorator.java:224) ~[spring-security-web-6.5.0-M3.jar:6.5.0-M3]
	at org.springframework.security.web.ObservationFilterChainDecorator$VirtualFilterChain.doFilter(ObservationFilterChainDecorator.java:137) ~[spring-security-web-6.5.0-M3.jar:6.5.0-M3]
	at org.springframework.security.web.FilterChainProxy.lambda$doFilterInternal$4(FilterChainProxy.java:237) ~[spring-security-web-6.5.0-M3.jar:6.5.0-M3]
	at org.springframework.web.filter.ServletRequestPathFilter.doFilter(ServletRequestPathFilter.java:52) ~[spring-web-6.2.5.jar:6.2.5]
	at org.springframework.security.web.FilterChainProxy.doFilterInternal(FilterChainProxy.java:216) ~[spring-security-web-6.5.0-M3.jar:6.5.0-M3]
	at org.springframework.security.web.FilterChainProxy.doFilter(FilterChainProxy.java:194) ~[spring-security-web-6.5.0-M3.jar:6.5.0-M3]
	at org.springframework.web.filter.CompositeFilter$VirtualFilterChain.doFilter(CompositeFilter.java:113) ~[spring-web-6.2.5.jar:6.2.5]
	at org.springframework.web.servlet.handler.HandlerMappingIntrospector.lambda$createCacheFilter$3(HandlerMappingIntrospector.java:243) ~[spring-webmvc-6.2.5.jar:6.2.5]
	at org.springframework.web.filter.CompositeFilter$VirtualFilterChain.doFilter(CompositeFilter.java:113) ~[spring-web-6.2.5.jar:6.2.5]
	at org.springframework.web.filter.CompositeFilter.doFilter(CompositeFilter.java:74) ~[spring-web-6.2.5.jar:6.2.5]
	at org.springframework.security.config.annotation.web.configuration.WebMvcSecurityConfiguration$CompositeFilterChainProxy.doFilter(WebMvcSecurityConfiguration.java:238) ~[spring-security-config-6.5.0-M3.jar:6.5.0-M3]
	at org.springframework.web.filter.DelegatingFilterProxy.invokeDelegate(DelegatingFilterProxy.java:362) ~[spring-web-6.2.5.jar:6.2.5]
	at org.springframework.web.filter.DelegatingFilterProxy.doFilter(DelegatingFilterProxy.java:278) ~[spring-web-6.2.5.jar:6.2.5]
	at org.apache.catalina.core.ApplicationFilterChain.internalDoFilter(ApplicationFilterChain.java:164) ~[tomcat-embed-core-10.1.39.jar:10.1.39]
	at org.apache.catalina.core.ApplicationFilterChain.doFilter(ApplicationFilterChain.java:140) ~[tomcat-embed-core-10.1.39.jar:10.1.39]
	at org.springframework.web.filter.RequestContextFilter.doFilterInternal(RequestContextFilter.java:100) ~[spring-web-6.2.5.jar:6.2.5]
	at org.springframework.web.filter.OncePerRequestFilter.doFilter(OncePerRequestFilter.java:116) ~[spring-web-6.2.5.jar:6.2.5]
	at org.apache.catalina.core.ApplicationFilterChain.internalDoFilter(ApplicationFilterChain.java:164) ~[tomcat-embed-core-10.1.39.jar:10.1.39]
	at org.apache.catalina.core.ApplicationFilterChain.doFilter(ApplicationFilterChain.java:140) ~[tomcat-embed-core-10.1.39.jar:10.1.39]
	at org.springframework.web.filter.FormContentFilter.doFilterInternal(FormContentFilter.java:93) ~[spring-web-6.2.5.jar:6.2.5]
	at org.springframework.web.filter.OncePerRequestFilter.doFilter(OncePerRequestFilter.java:116) ~[spring-web-6.2.5.jar:6.2.5]
	at org.apache.catalina.core.ApplicationFilterChain.internalDoFilter(ApplicationFilterChain.java:164) ~[tomcat-embed-core-10.1.39.jar:10.1.39]
	at org.apache.catalina.core.ApplicationFilterChain.doFilter(ApplicationFilterChain.java:140) ~[tomcat-embed-core-10.1.39.jar:10.1.39]
	at org.springframework.web.filter.ServerHttpObservationFilter.doFilterInternal(ServerHttpObservationFilter.java:114) ~[spring-web-6.2.5.jar:6.2.5]
	at org.springframework.web.filter.OncePerRequestFilter.doFilter(OncePerRequestFilter.java:116) ~[spring-web-6.2.5.jar:6.2.5]
	at org.apache.catalina.core.ApplicationFilterChain.internalDoFilter(ApplicationFilterChain.java:164) ~[tomcat-embed-core-10.1.39.jar:10.1.39]
	at org.apache.catalina.core.ApplicationFilterChain.doFilter(ApplicationFilterChain.java:140) ~[tomcat-embed-core-10.1.39.jar:10.1.39]
	at org.springframework.web.filter.CharacterEncodingFilter.doFilterInternal(CharacterEncodingFilter.java:201) ~[spring-web-6.2.5.jar:6.2.5]
	at org.springframework.web.filter.OncePerRequestFilter.doFilter(OncePerRequestFilter.java:116) ~[spring-web-6.2.5.jar:6.2.5]
	at org.apache.catalina.core.ApplicationFilterChain.internalDoFilter(ApplicationFilterChain.java:164) ~[tomcat-embed-core-10.1.39.jar:10.1.39]
	at org.apache.catalina.core.ApplicationFilterChain.doFilter(ApplicationFilterChain.java:140) ~[tomcat-embed-core-10.1.39.jar:10.1.39]
	at org.apache.catalina.core.StandardWrapperValve.invoke(StandardWrapperValve.java:167) ~[tomcat-embed-core-10.1.39.jar:10.1.39]
	at org.apache.catalina.core.StandardContextValve.invoke(StandardContextValve.java:90) ~[tomcat-embed-core-10.1.39.jar:10.1.39]
	at org.apache.catalina.authenticator.AuthenticatorBase.invoke(AuthenticatorBase.java:483) ~[tomcat-embed-core-10.1.39.jar:10.1.39]
	at org.apache.catalina.core.StandardHostValve.invoke(StandardHostValve.java:115) ~[tomcat-embed-core-10.1.39.jar:10.1.39]
	at org.apache.catalina.valves.ErrorReportValve.invoke(ErrorReportValve.java:93) ~[tomcat-embed-core-10.1.39.jar:10.1.39]
	at org.apache.catalina.core.StandardEngineValve.invoke(StandardEngineValve.java:74) ~[tomcat-embed-core-10.1.39.jar:10.1.39]
	at org.apache.catalina.connector.CoyoteAdapter.service(CoyoteAdapter.java:344) ~[tomcat-embed-core-10.1.39.jar:10.1.39]
	at org.apache.coyote.http11.Http11Processor.service(Http11Processor.java:397) ~[tomcat-embed-core-10.1.39.jar:10.1.39]
	at org.apache.coyote.AbstractProcessorLight.process(AbstractProcessorLight.java:63) ~[tomcat-embed-core-10.1.39.jar:10.1.39]
	at org.apache.coyote.AbstractProtocol$ConnectionHandler.process(AbstractProtocol.java:905) ~[tomcat-embed-core-10.1.39.jar:10.1.39]
	at org.apache.tomcat.util.net.NioEndpoint$SocketProcessor.doRun(NioEndpoint.java:1743) ~[tomcat-embed-core-10.1.39.jar:10.1.39]
	at org.apache.tomcat.util.net.SocketProcessorBase.run(SocketProcessorBase.java:52) ~[tomcat-embed-core-10.1.39.jar:10.1.39]
	at org.apache.tomcat.util.threads.ThreadPoolExecutor.runWorker(ThreadPoolExecutor.java:1190) ~[tomcat-embed-core-10.1.39.jar:10.1.39]
	at org.apache.tomcat.util.threads.ThreadPoolExecutor$Worker.run(ThreadPoolExecutor.java:659) ~[tomcat-embed-core-10.1.39.jar:10.1.39]
	at org.apache.tomcat.util.threads.TaskThread$WrappingRunnable.run(TaskThread.java:63) ~[tomcat-embed-core-10.1.39.jar:10.1.39]
	at java.base/java.lang.Thread.run(Thread.java:842) ~[na:na]

2025-03-25T10:48:57.878+05:30 DEBUG 8866 --- [Address Book] [http-nio-8080-exec-4] o.s.security.web.FilterChainProxy        : Securing OPTIONS /error
2025-03-25T10:48:57.879+05:30 DEBUG 8866 --- [Address Book] [http-nio-8080-exec-4] o.s.s.w.a.AnonymousAuthenticationFilter  : Set SecurityContextHolder to anonymous SecurityContext
2025-03-25T10:48:57.881+05:30 DEBUG 8866 --- [Address Book] [http-nio-8080-exec-4] o.s.s.w.a.Http403ForbiddenEntryPoint     : Pre-authenticated entry point called. Rejecting access
2025-03-25T10:49:00.700+05:30 DEBUG 8866 --- [Address Book] [http-nio-8080-exec-6] o.s.security.web.FilterChainProxy        : Securing OPTIONS /api/addressbook
2025-03-25T10:49:00.702+05:30 ERROR 8866 --- [Address Book] [http-nio-8080-exec-6] o.a.c.c.C.[.[.[/].[dispatcherServlet]    : Servlet.service() for servlet [dispatcherServlet] in context with path [] threw exception

java.lang.IllegalArgumentException: When allowCredentials is true, allowedOrigins cannot contain the special value "*" since that cannot be set on the "Access-Control-Allow-Origin" response header. To allow credentials to a set of origins, list them explicitly or consider using "allowedOriginPatterns" instead.
	at org.springframework.web.cors.CorsConfiguration.validateAllowCredentials(CorsConfiguration.java:568) ~[spring-web-6.2.5.jar:6.2.5]
	at org.springframework.web.cors.CorsConfiguration.checkOrigin(CorsConfiguration.java:695) ~[spring-web-6.2.5.jar:6.2.5]
	at org.springframework.web.cors.DefaultCorsProcessor.checkOrigin(DefaultCorsProcessor.java:197) ~[spring-web-6.2.5.jar:6.2.5]
	at org.springframework.web.cors.DefaultCorsProcessor.handleInternal(DefaultCorsProcessor.java:134) ~[spring-web-6.2.5.jar:6.2.5]
	at org.springframework.web.cors.DefaultCorsProcessor.processRequest(DefaultCorsProcessor.java:113) ~[spring-web-6.2.5.jar:6.2.5]
	at org.springframework.web.filter.CorsFilter.doFilterInternal(CorsFilter.java:87) ~[spring-web-6.2.5.jar:6.2.5]
	at org.springframework.web.filter.OncePerRequestFilter.doFilter(OncePerRequestFilter.java:116) ~[spring-web-6.2.5.jar:6.2.5]
	at org.springframework.security.web.ObservationFilterChainDecorator$ObservationFilter.wrapFilter(ObservationFilterChainDecorator.java:240) ~[spring-security-web-6.5.0-M3.jar:6.5.0-M3]
	at org.springframework.security.web.ObservationFilterChainDecorator$ObservationFilter.doFilter(ObservationFilterChainDecorator.java:227) ~[spring-security-web-6.5.0-M3.jar:6.5.0-M3]
	at org.springframework.security.web.ObservationFilterChainDecorator$VirtualFilterChain.doFilter(ObservationFilterChainDecorator.java:137) ~[spring-security-web-6.5.0-M3.jar:6.5.0-M3]
	at org.springframework.security.web.header.HeaderWriterFilter.doHeadersAfter(HeaderWriterFilter.java:90) ~[spring-security-web-6.5.0-M3.jar:6.5.0-M3]
	at org.springframework.security.web.header.HeaderWriterFilter.doFilterInternal(HeaderWriterFilter.java:75) ~[spring-security-web-6.5.0-M3.jar:6.5.0-M3]
	at org.springframework.web.filter.OncePerRequestFilter.doFilter(OncePerRequestFilter.java:116) ~[spring-web-6.2.5.jar:6.2.5]
	at org.springframework.security.web.ObservationFilterChainDecorator$ObservationFilter.wrapFilter(ObservationFilterChainDecorator.java:240) ~[spring-security-web-6.5.0-M3.jar:6.5.0-M3]
	at org.springframework.security.web.ObservationFilterChainDecorator$ObservationFilter.doFilter(ObservationFilterChainDecorator.java:227) ~[spring-security-web-6.5.0-M3.jar:6.5.0-M3]
	at org.springframework.security.web.ObservationFilterChainDecorator$VirtualFilterChain.doFilter(ObservationFilterChainDecorator.java:137) ~[spring-security-web-6.5.0-M3.jar:6.5.0-M3]
	at org.springframework.security.web.context.SecurityContextHolderFilter.doFilter(SecurityContextHolderFilter.java:82) ~[spring-security-web-6.5.0-M3.jar:6.5.0-M3]
	at org.springframework.security.web.context.SecurityContextHolderFilter.doFilter(SecurityContextHolderFilter.java:69) ~[spring-security-web-6.5.0-M3.jar:6.5.0-M3]
	at org.springframework.security.web.ObservationFilterChainDecorator$ObservationFilter.wrapFilter(ObservationFilterChainDecorator.java:240) ~[spring-security-web-6.5.0-M3.jar:6.5.0-M3]
	at org.springframework.security.web.ObservationFilterChainDecorator$ObservationFilter.doFilter(ObservationFilterChainDecorator.java:227) ~[spring-security-web-6.5.0-M3.jar:6.5.0-M3]
	at org.springframework.security.web.ObservationFilterChainDecorator$VirtualFilterChain.doFilter(ObservationFilterChainDecorator.java:137) ~[spring-security-web-6.5.0-M3.jar:6.5.0-M3]
	at org.springframework.security.web.context.request.async.WebAsyncManagerIntegrationFilter.doFilterInternal(WebAsyncManagerIntegrationFilter.java:62) ~[spring-security-web-6.5.0-M3.jar:6.5.0-M3]
	at org.springframework.web.filter.OncePerRequestFilter.doFilter(OncePerRequestFilter.java:116) ~[spring-web-6.2.5.jar:6.2.5]
	at org.springframework.security.web.ObservationFilterChainDecorator$ObservationFilter.wrapFilter(ObservationFilterChainDecorator.java:240) ~[spring-security-web-6.5.0-M3.jar:6.5.0-M3]
	at org.springframework.security.web.ObservationFilterChainDecorator$ObservationFilter.doFilter(ObservationFilterChainDecorator.java:227) ~[spring-security-web-6.5.0-M3.jar:6.5.0-M3]
	at org.springframework.security.web.ObservationFilterChainDecorator$VirtualFilterChain.doFilter(ObservationFilterChainDecorator.java:137) ~[spring-security-web-6.5.0-M3.jar:6.5.0-M3]
	at org.springframework.security.web.session.DisableEncodeUrlFilter.doFilterInternal(DisableEncodeUrlFilter.java:42) ~[spring-security-web-6.5.0-M3.jar:6.5.0-M3]
	at org.springframework.web.filter.OncePerRequestFilter.doFilter(OncePerRequestFilter.java:116) ~[spring-web-6.2.5.jar:6.2.5]
	at org.springframework.security.web.ObservationFilterChainDecorator$ObservationFilter.wrapFilter(ObservationFilterChainDecorator.java:240) ~[spring-security-web-6.5.0-M3.jar:6.5.0-M3]
	at org.springframework.security.web.ObservationFilterChainDecorator$AroundFilterObservation$SimpleAroundFilterObservation.lambda$wrap$0(ObservationFilterChainDecorator.java:323) ~[spring-security-web-6.5.0-M3.jar:6.5.0-M3]
	at org.springframework.security.web.ObservationFilterChainDecorator$ObservationFilter.doFilter(ObservationFilterChainDecorator.java:224) ~[spring-security-web-6.5.0-M3.jar:6.5.0-M3]
	at org.springframework.security.web.ObservationFilterChainDecorator$VirtualFilterChain.doFilter(ObservationFilterChainDecorator.java:137) ~[spring-security-web-6.5.0-M3.jar:6.5.0-M3]
	at org.springframework.security.web.FilterChainProxy.lambda$doFilterInternal$4(FilterChainProxy.java:237) ~[spring-security-web-6.5.0-M3.jar:6.5.0-M3]
	at org.springframework.web.filter.ServletRequestPathFilter.doFilter(ServletRequestPathFilter.java:52) ~[spring-web-6.2.5.jar:6.2.5]
	at org.springframework.security.web.FilterChainProxy.doFilterInternal(FilterChainProxy.java:216) ~[spring-security-web-6.5.0-M3.jar:6.5.0-M3]
	at org.springframework.security.web.FilterChainProxy.doFilter(FilterChainProxy.java:194) ~[spring-security-web-6.5.0-M3.jar:6.5.0-M3]
	at org.springframework.web.filter.CompositeFilter$VirtualFilterChain.doFilter(CompositeFilter.java:113) ~[spring-web-6.2.5.jar:6.2.5]
	at org.springframework.web.servlet.handler.HandlerMappingIntrospector.lambda$createCacheFilter$3(HandlerMappingIntrospector.java:243) ~[spring-webmvc-6.2.5.jar:6.2.5]
	at org.springframework.web.filter.CompositeFilter$VirtualFilterChain.doFilter(CompositeFilter.java:113) ~[spring-web-6.2.5.jar:6.2.5]
	at org.springframework.web.filter.CompositeFilter.doFilter(CompositeFilter.java:74) ~[spring-web-6.2.5.jar:6.2.5]
	at org.springframework.security.config.annotation.web.configuration.WebMvcSecurityConfiguration$CompositeFilterChainProxy.doFilter(WebMvcSecurityConfiguration.java:238) ~[spring-security-config-6.5.0-M3.jar:6.5.0-M3]
	at org.springframework.web.filter.DelegatingFilterProxy.invokeDelegate(DelegatingFilterProxy.java:362) ~[spring-web-6.2.5.jar:6.2.5]
	at org.springframework.web.filter.DelegatingFilterProxy.doFilter(DelegatingFilterProxy.java:278) ~[spring-web-6.2.5.jar:6.2.5]
	at org.apache.catalina.core.ApplicationFilterChain.internalDoFilter(ApplicationFilterChain.java:164) ~[tomcat-embed-core-10.1.39.jar:10.1.39]
	at org.apache.catalina.core.ApplicationFilterChain.doFilter(ApplicationFilterChain.java:140) ~[tomcat-embed-core-10.1.39.jar:10.1.39]
	at org.springframework.web.filter.RequestContextFilter.doFilterInternal(RequestContextFilter.java:100) ~[spring-web-6.2.5.jar:6.2.5]
	at org.springframework.web.filter.OncePerRequestFilter.doFilter(OncePerRequestFilter.java:116) ~[spring-web-6.2.5.jar:6.2.5]
	at org.apache.catalina.core.ApplicationFilterChain.internalDoFilter(ApplicationFilterChain.java:164) ~[tomcat-embed-core-10.1.39.jar:10.1.39]
	at org.apache.catalina.core.ApplicationFilterChain.doFilter(ApplicationFilterChain.java:140) ~[tomcat-embed-core-10.1.39.jar:10.1.39]
	at org.springframework.web.filter.FormContentFilter.doFilterInternal(FormContentFilter.java:93) ~[spring-web-6.2.5.jar:6.2.5]
	at org.springframework.web.filter.OncePerRequestFilter.doFilter(OncePerRequestFilter.java:116) ~[spring-web-6.2.5.jar:6.2.5]
	at org.apache.catalina.core.ApplicationFilterChain.internalDoFilter(ApplicationFilterChain.java:164) ~[tomcat-embed-core-10.1.39.jar:10.1.39]
	at org.apache.catalina.core.ApplicationFilterChain.doFilter(ApplicationFilterChain.java:140) ~[tomcat-embed-core-10.1.39.jar:10.1.39]
	at org.springframework.web.filter.ServerHttpObservationFilter.doFilterInternal(ServerHttpObservationFilter.java:114) ~[spring-web-6.2.5.jar:6.2.5]
	at org.springframework.web.filter.OncePerRequestFilter.doFilter(OncePerRequestFilter.java:116) ~[spring-web-6.2.5.jar:6.2.5]
	at org.apache.catalina.core.ApplicationFilterChain.internalDoFilter(ApplicationFilterChain.java:164) ~[tomcat-embed-core-10.1.39.jar:10.1.39]
	at org.apache.catalina.core.ApplicationFilterChain.doFilter(ApplicationFilterChain.java:140) ~[tomcat-embed-core-10.1.39.jar:10.1.39]
	at org.springframework.web.filter.CharacterEncodingFilter.doFilterInternal(CharacterEncodingFilter.java:201) ~[spring-web-6.2.5.jar:6.2.5]
	at org.springframework.web.filter.OncePerRequestFilter.doFilter(OncePerRequestFilter.java:116) ~[spring-web-6.2.5.jar:6.2.5]
	at org.apache.catalina.core.ApplicationFilterChain.internalDoFilter(ApplicationFilterChain.java:164) ~[tomcat-embed-core-10.1.39.jar:10.1.39]
	at org.apache.catalina.core.ApplicationFilterChain.doFilter(ApplicationFilterChain.java:140) ~[tomcat-embed-core-10.1.39.jar:10.1.39]
	at org.apache.catalina.core.StandardWrapperValve.invoke(StandardWrapperValve.java:167) ~[tomcat-embed-core-10.1.39.jar:10.1.39]
	at org.apache.catalina.core.StandardContextValve.invoke(StandardContextValve.java:90) ~[tomcat-embed-core-10.1.39.jar:10.1.39]
	at org.apache.catalina.authenticator.AuthenticatorBase.invoke(AuthenticatorBase.java:483) ~[tomcat-embed-core-10.1.39.jar:10.1.39]
	at org.apache.catalina.core.StandardHostValve.invoke(StandardHostValve.java:115) ~[tomcat-embed-core-10.1.39.jar:10.1.39]
	at org.apache.catalina.valves.ErrorReportValve.invoke(ErrorReportValve.java:93) ~[tomcat-embed-core-10.1.39.jar:10.1.39]
	at org.apache.catalina.core.StandardEngineValve.invoke(StandardEngineValve.java:74) ~[tomcat-embed-core-10.1.39.jar:10.1.39]
	at org.apache.catalina.connector.CoyoteAdapter.service(CoyoteAdapter.java:344) ~[tomcat-embed-core-10.1.39.jar:10.1.39]
	at org.apache.coyote.http11.Http11Processor.service(Http11Processor.java:397) ~[tomcat-embed-core-10.1.39.jar:10.1.39]
	at org.apache.coyote.AbstractProcessorLight.process(AbstractProcessorLight.java:63) ~[tomcat-embed-core-10.1.39.jar:10.1.39]
	at org.apache.coyote.AbstractProtocol$ConnectionHandler.process(AbstractProtocol.java:905) ~[tomcat-embed-core-10.1.39.jar:10.1.39]
	at org.apache.tomcat.util.net.NioEndpoint$SocketProcessor.doRun(NioEndpoint.java:1743) ~[tomcat-embed-core-10.1.39.jar:10.1.39]
	at org.apache.tomcat.util.net.SocketProcessorBase.run(SocketProcessorBase.java:52) ~[tomcat-embed-core-10.1.39.jar:10.1.39]
	at org.apache.tomcat.util.threads.ThreadPoolExecutor.runWorker(ThreadPoolExecutor.java:1190) ~[tomcat-embed-core-10.1.39.jar:10.1.39]
	at org.apache.tomcat.util.threads.ThreadPoolExecutor$Worker.run(ThreadPoolExecutor.java:659) ~[tomcat-embed-core-10.1.39.jar:10.1.39]
	at org.apache.tomcat.util.threads.TaskThread$WrappingRunnable.run(TaskThread.java:63) ~[tomcat-embed-core-10.1.39.jar:10.1.39]
	at java.base/java.lang.Thread.run(Thread.java:842) ~[na:na]

2025-03-25T10:49:00.705+05:30 DEBUG 8866 --- [Address Book] [http-nio-8080-exec-6] o.s.security.web.FilterChainProxy        : Securing OPTIONS /error
2025-03-25T10:49:00.706+05:30 DEBUG 8866 --- [Address Book] [http-nio-8080-exec-6] o.s.s.w.a.AnonymousAuthenticationFilter  : Set SecurityContextHolder to anonymous SecurityContext
2025-03-25T10:49:00.707+05:30 DEBUG 8866 --- [Address Book] [http-nio-8080-exec-6] o.s.s.w.a.Http403ForbiddenEntryPoint     : Pre-authenticated entry point called. Rejecting access
2025-03-25T10:52:47.498+05:30  INFO 8866 --- [Address Book] [SpringApplicationShutdownHook] o.s.b.w.e.tomcat.GracefulShutdown        : Commencing graceful shutdown. Waiting for active requests to complete
2025-03-25T10:52:47.513+05:30  INFO 8866 --- [Address Book] [tomcat-shutdown] o.s.b.w.e.tomcat.GracefulShutdown        : Graceful shutdown complete
2025-03-25T10:52:47.521+05:30  INFO 8866 --- [Address Book] [SpringApplicationShutdownHook] j.LocalContainerEntityManagerFactoryBean : Closing JPA EntityManagerFactory for persistence unit 'default'
2025-03-25T10:52:47.527+05:30  INFO 8866 --- [Address Book] [SpringApplicationShutdownHook] com.zaxxer.hikari.HikariDataSource       : HikariPool-1 - Shutdown initiated...
2025-03-25T10:52:47.541+05:30  INFO 8866 --- [Address Book] [SpringApplicationShutdownHook] com.zaxxer.hikari.HikariDataSource       : HikariPool-1 - Shutdown completed.
2025-03-25T10:53:05.331+05:30  INFO 10298 --- [Address Book] [restartedMain] c.e.addressbook.AddressBookApplication   : Starting AddressBookApplication using Java 17.0.9 with PID 10298 (/Users/samikshathakur/Documents/Capgemini/BL_SpringAddressBookApp/target/classes started by samikshathakur in /Users/samikshathakur/Documents/Capgemini/BL_SpringAddressBookApp)
2025-03-25T10:53:05.332+05:30 DEBUG 10298 --- [Address Book] [restartedMain] c.e.addressbook.AddressBookApplication   : Running with Spring Boot v3.5.0-SNAPSHOT, Spring v6.2.5
2025-03-25T10:53:05.333+05:30  INFO 10298 --- [Address Book] [restartedMain] c.e.addressbook.AddressBookApplication   : No active profile set, falling back to 1 default profile: "default"
2025-03-25T10:53:05.375+05:30  INFO 10298 --- [Address Book] [restartedMain] .e.DevToolsPropertyDefaultsPostProcessor : Devtools property defaults active! Set 'spring.devtools.add-properties' to 'false' to disable
2025-03-25T10:53:05.375+05:30  INFO 10298 --- [Address Book] [restartedMain] .e.DevToolsPropertyDefaultsPostProcessor : For additional web related logging consider setting the 'logging.level.web' property to 'DEBUG'
2025-03-25T10:53:05.754+05:30  INFO 10298 --- [Address Book] [restartedMain] .s.d.r.c.RepositoryConfigurationDelegate : Bootstrapping Spring Data JPA repositories in DEFAULT mode.
2025-03-25T10:53:05.785+05:30  INFO 10298 --- [Address Book] [restartedMain] .s.d.r.c.RepositoryConfigurationDelegate : Finished Spring Data repository scanning in 24 ms. Found 2 JPA repository interfaces.
2025-03-25T10:53:06.419+05:30  INFO 10298 --- [Address Book] [restartedMain] o.s.b.w.embedded.tomcat.TomcatWebServer  : Tomcat initialized with port 8080 (http)
2025-03-25T10:53:06.426+05:30  INFO 10298 --- [Address Book] [restartedMain] o.apache.catalina.core.StandardService   : Starting service [Tomcat]
2025-03-25T10:53:06.427+05:30  INFO 10298 --- [Address Book] [restartedMain] o.apache.catalina.core.StandardEngine    : Starting Servlet engine: [Apache Tomcat/10.1.39]
2025-03-25T10:53:06.446+05:30  INFO 10298 --- [Address Book] [restartedMain] o.a.c.c.C.[Tomcat].[localhost].[/]       : Initializing Spring embedded WebApplicationContext
2025-03-25T10:53:06.447+05:30  INFO 10298 --- [Address Book] [restartedMain] w.s.c.ServletWebServerApplicationContext : Root WebApplicationContext: initialization completed in 1070 ms
2025-03-25T10:53:06.609+05:30  INFO 10298 --- [Address Book] [restartedMain] o.hibernate.jpa.internal.util.LogHelper  : HHH000204: Processing PersistenceUnitInfo [name: default]
2025-03-25T10:53:06.655+05:30  INFO 10298 --- [Address Book] [restartedMain] org.hibernate.Version                    : HHH000412: Hibernate ORM core version 6.6.11.Final
2025-03-25T10:53:06.678+05:30  INFO 10298 --- [Address Book] [restartedMain] o.h.c.internal.RegionFactoryInitiator    : HHH000026: Second-level cache disabled
2025-03-25T10:53:06.828+05:30  INFO 10298 --- [Address Book] [restartedMain] o.s.o.j.p.SpringPersistenceUnitInfo      : No LoadTimeWeaver setup: ignoring JPA class transformer
2025-03-25T10:53:06.842+05:30  INFO 10298 --- [Address Book] [restartedMain] com.zaxxer.hikari.HikariDataSource       : HikariPool-1 - Starting...
2025-03-25T10:53:07.096+05:30  INFO 10298 --- [Address Book] [restartedMain] com.zaxxer.hikari.pool.HikariPool        : HikariPool-1 - Added connection com.mysql.cj.jdbc.ConnectionImpl@61be9f88
2025-03-25T10:53:07.097+05:30  INFO 10298 --- [Address Book] [restartedMain] com.zaxxer.hikari.HikariDataSource       : HikariPool-1 - Start completed.
2025-03-25T10:53:07.143+05:30  WARN 10298 --- [Address Book] [restartedMain] org.hibernate.orm.deprecation            : HHH90000025: MySQL8Dialect does not need to be specified explicitly using 'hibernate.dialect' (remove the property setting and it will be selected by default)
2025-03-25T10:53:07.143+05:30  WARN 10298 --- [Address Book] [restartedMain] org.hibernate.orm.deprecation            : HHH90000026: MySQL8Dialect has been deprecated; use org.hibernate.dialect.MySQLDialect instead
2025-03-25T10:53:07.152+05:30  INFO 10298 --- [Address Book] [restartedMain] org.hibernate.orm.connections.pooling    : HHH10001005: Database info:
	Database JDBC URL [Connecting through datasource 'HikariDataSource (HikariPool-1)']
	Database driver: undefined/unknown
	Database version: 8.0
	Autocommit mode: undefined/unknown
	Isolation level: undefined/unknown
	Minimum pool size: undefined/unknown
	Maximum pool size: undefined/unknown
2025-03-25T10:53:07.619+05:30  INFO 10298 --- [Address Book] [restartedMain] o.h.e.t.j.p.i.JtaPlatformInitiator       : HHH000489: No JTA platform available (set 'hibernate.transaction.jta.platform' to enable JTA platform integration)
2025-03-25T10:53:07.688+05:30  INFO 10298 --- [Address Book] [restartedMain] j.LocalContainerEntityManagerFactoryBean : Initialized JPA EntityManagerFactory for persistence unit 'default'
2025-03-25T10:53:07.868+05:30 DEBUG 10298 --- [Address Book] [restartedMain] c.e.a.security.JwtAuthenticationFilter   : Filter 'jwtAuthenticationFilter' configured for use
2025-03-25T10:53:07.893+05:30  WARN 10298 --- [Address Book] [restartedMain] r$InitializeUserDetailsManagerConfigurer : Found 2 UserDetailsService beans, with names [customUserDetailsService, userDetailsService]. Global Authentication Manager will not use a UserDetailsService for username/password login. Consider publishing a single UserDetailsService bean.
2025-03-25T10:53:07.894+05:30 DEBUG 10298 --- [Address Book] [restartedMain] swordEncoderAuthenticationManagerBuilder : No authenticationProviders and no parentAuthenticationManager defined. Returning null.
2025-03-25T10:53:07.926+05:30  WARN 10298 --- [Address Book] [restartedMain] JpaBaseConfiguration$JpaWebConfiguration : spring.jpa.open-in-view is enabled by default. Therefore, database queries may be performed during view rendering. Explicitly configure spring.jpa.open-in-view to disable this warning
2025-03-25T10:53:08.167+05:30  INFO 10298 --- [Address Book] [restartedMain] o.s.b.a.e.web.EndpointLinksResolver      : Exposing 1 endpoint beneath base path '/actuator'
2025-03-25T10:53:08.199+05:30 DEBUG 10298 --- [Address Book] [restartedMain] o.s.s.web.DefaultSecurityFilterChain     : Will secure any request with filters: DisableEncodeUrlFilter, WebAsyncManagerIntegrationFilter, SecurityContextHolderFilter, HeaderWriterFilter, CorsFilter, LogoutFilter, JwtAuthenticationFilter, RequestCacheAwareFilter, SecurityContextHolderAwareRequestFilter, AnonymousAuthenticationFilter, SessionManagementFilter, ExceptionTranslationFilter, AuthorizationFilter
2025-03-25T10:53:08.378+05:30  INFO 10298 --- [Address Book] [restartedMain] o.s.b.d.a.OptionalLiveReloadServer       : LiveReload server is running on port 35729
2025-03-25T10:53:08.423+05:30  INFO 10298 --- [Address Book] [restartedMain] o.s.b.w.embedded.tomcat.TomcatWebServer  : Tomcat started on port 8080 (http) with context path '/'
2025-03-25T10:53:08.438+05:30  INFO 10298 --- [Address Book] [restartedMain] c.e.addressbook.AddressBookApplication   : Started AddressBookApplication in 3.394 seconds (process running for 3.725)
2025-03-25T10:53:23.099+05:30  INFO 10298 --- [Address Book] [http-nio-8080-exec-1] o.a.c.c.C.[Tomcat].[localhost].[/]       : Initializing Spring DispatcherServlet 'dispatcherServlet'
2025-03-25T10:53:23.100+05:30  INFO 10298 --- [Address Book] [http-nio-8080-exec-1] o.s.web.servlet.DispatcherServlet        : Initializing Servlet 'dispatcherServlet'
2025-03-25T10:53:23.102+05:30  INFO 10298 --- [Address Book] [http-nio-8080-exec-1] o.s.web.servlet.DispatcherServlet        : Completed initialization in 2 ms
2025-03-25T10:53:23.117+05:30 DEBUG 10298 --- [Address Book] [http-nio-8080-exec-1] o.s.security.web.FilterChainProxy        : Securing GET /api/addressbook
2025-03-25T10:53:23.134+05:30 ERROR 10298 --- [Address Book] [http-nio-8080-exec-1] o.a.c.c.C.[.[.[/].[dispatcherServlet]    : Servlet.service() for servlet [dispatcherServlet] in context with path [] threw exception

java.lang.IllegalArgumentException: When allowCredentials is true, allowedOrigins cannot contain the special value "*" since that cannot be set on the "Access-Control-Allow-Origin" response header. To allow credentials to a set of origins, list them explicitly or consider using "allowedOriginPatterns" instead.
	at org.springframework.web.cors.CorsConfiguration.validateAllowCredentials(CorsConfiguration.java:568) ~[spring-web-6.2.5.jar:6.2.5]
	at org.springframework.web.cors.CorsConfiguration.checkOrigin(CorsConfiguration.java:695) ~[spring-web-6.2.5.jar:6.2.5]
	at org.springframework.web.cors.DefaultCorsProcessor.checkOrigin(DefaultCorsProcessor.java:197) ~[spring-web-6.2.5.jar:6.2.5]
	at org.springframework.web.cors.DefaultCorsProcessor.handleInternal(DefaultCorsProcessor.java:134) ~[spring-web-6.2.5.jar:6.2.5]
	at org.springframework.web.cors.DefaultCorsProcessor.processRequest(DefaultCorsProcessor.java:113) ~[spring-web-6.2.5.jar:6.2.5]
	at org.springframework.web.filter.CorsFilter.doFilterInternal(CorsFilter.java:87) ~[spring-web-6.2.5.jar:6.2.5]
	at org.springframework.web.filter.OncePerRequestFilter.doFilter(OncePerRequestFilter.java:116) ~[spring-web-6.2.5.jar:6.2.5]
	at org.springframework.security.web.ObservationFilterChainDecorator$ObservationFilter.wrapFilter(ObservationFilterChainDecorator.java:240) ~[spring-security-web-6.5.0-M3.jar:6.5.0-M3]
	at org.springframework.security.web.ObservationFilterChainDecorator$ObservationFilter.doFilter(ObservationFilterChainDecorator.java:227) ~[spring-security-web-6.5.0-M3.jar:6.5.0-M3]
	at org.springframework.security.web.ObservationFilterChainDecorator$VirtualFilterChain.doFilter(ObservationFilterChainDecorator.java:137) ~[spring-security-web-6.5.0-M3.jar:6.5.0-M3]
	at org.springframework.security.web.header.HeaderWriterFilter.doHeadersAfter(HeaderWriterFilter.java:90) ~[spring-security-web-6.5.0-M3.jar:6.5.0-M3]
	at org.springframework.security.web.header.HeaderWriterFilter.doFilterInternal(HeaderWriterFilter.java:75) ~[spring-security-web-6.5.0-M3.jar:6.5.0-M3]
	at org.springframework.web.filter.OncePerRequestFilter.doFilter(OncePerRequestFilter.java:116) ~[spring-web-6.2.5.jar:6.2.5]
	at org.springframework.security.web.ObservationFilterChainDecorator$ObservationFilter.wrapFilter(ObservationFilterChainDecorator.java:240) ~[spring-security-web-6.5.0-M3.jar:6.5.0-M3]
	at org.springframework.security.web.ObservationFilterChainDecorator$ObservationFilter.doFilter(ObservationFilterChainDecorator.java:227) ~[spring-security-web-6.5.0-M3.jar:6.5.0-M3]
	at org.springframework.security.web.ObservationFilterChainDecorator$VirtualFilterChain.doFilter(ObservationFilterChainDecorator.java:137) ~[spring-security-web-6.5.0-M3.jar:6.5.0-M3]
	at org.springframework.security.web.context.SecurityContextHolderFilter.doFilter(SecurityContextHolderFilter.java:82) ~[spring-security-web-6.5.0-M3.jar:6.5.0-M3]
	at org.springframework.security.web.context.SecurityContextHolderFilter.doFilter(SecurityContextHolderFilter.java:69) ~[spring-security-web-6.5.0-M3.jar:6.5.0-M3]
	at org.springframework.security.web.ObservationFilterChainDecorator$ObservationFilter.wrapFilter(ObservationFilterChainDecorator.java:240) ~[spring-security-web-6.5.0-M3.jar:6.5.0-M3]
	at org.springframework.security.web.ObservationFilterChainDecorator$ObservationFilter.doFilter(ObservationFilterChainDecorator.java:227) ~[spring-security-web-6.5.0-M3.jar:6.5.0-M3]
	at org.springframework.security.web.ObservationFilterChainDecorator$VirtualFilterChain.doFilter(ObservationFilterChainDecorator.java:137) ~[spring-security-web-6.5.0-M3.jar:6.5.0-M3]
	at org.springframework.security.web.context.request.async.WebAsyncManagerIntegrationFilter.doFilterInternal(WebAsyncManagerIntegrationFilter.java:62) ~[spring-security-web-6.5.0-M3.jar:6.5.0-M3]
	at org.springframework.web.filter.OncePerRequestFilter.doFilter(OncePerRequestFilter.java:116) ~[spring-web-6.2.5.jar:6.2.5]
	at org.springframework.security.web.ObservationFilterChainDecorator$ObservationFilter.wrapFilter(ObservationFilterChainDecorator.java:240) ~[spring-security-web-6.5.0-M3.jar:6.5.0-M3]
	at org.springframework.security.web.ObservationFilterChainDecorator$ObservationFilter.doFilter(ObservationFilterChainDecorator.java:227) ~[spring-security-web-6.5.0-M3.jar:6.5.0-M3]
	at org.springframework.security.web.ObservationFilterChainDecorator$VirtualFilterChain.doFilter(ObservationFilterChainDecorator.java:137) ~[spring-security-web-6.5.0-M3.jar:6.5.0-M3]
	at org.springframework.security.web.session.DisableEncodeUrlFilter.doFilterInternal(DisableEncodeUrlFilter.java:42) ~[spring-security-web-6.5.0-M3.jar:6.5.0-M3]
	at org.springframework.web.filter.OncePerRequestFilter.doFilter(OncePerRequestFilter.java:116) ~[spring-web-6.2.5.jar:6.2.5]
	at org.springframework.security.web.ObservationFilterChainDecorator$ObservationFilter.wrapFilter(ObservationFilterChainDecorator.java:240) ~[spring-security-web-6.5.0-M3.jar:6.5.0-M3]
	at org.springframework.security.web.ObservationFilterChainDecorator$AroundFilterObservation$SimpleAroundFilterObservation.lambda$wrap$0(ObservationFilterChainDecorator.java:323) ~[spring-security-web-6.5.0-M3.jar:6.5.0-M3]
	at org.springframework.security.web.ObservationFilterChainDecorator$ObservationFilter.doFilter(ObservationFilterChainDecorator.java:224) ~[spring-security-web-6.5.0-M3.jar:6.5.0-M3]
	at org.springframework.security.web.ObservationFilterChainDecorator$VirtualFilterChain.doFilter(ObservationFilterChainDecorator.java:137) ~[spring-security-web-6.5.0-M3.jar:6.5.0-M3]
	at org.springframework.security.web.FilterChainProxy.lambda$doFilterInternal$4(FilterChainProxy.java:237) ~[spring-security-web-6.5.0-M3.jar:6.5.0-M3]
	at org.springframework.web.filter.ServletRequestPathFilter.doFilter(ServletRequestPathFilter.java:52) ~[spring-web-6.2.5.jar:6.2.5]
	at org.springframework.security.web.FilterChainProxy.doFilterInternal(FilterChainProxy.java:216) ~[spring-security-web-6.5.0-M3.jar:6.5.0-M3]
	at org.springframework.security.web.FilterChainProxy.doFilter(FilterChainProxy.java:194) ~[spring-security-web-6.5.0-M3.jar:6.5.0-M3]
	at org.springframework.web.filter.CompositeFilter$VirtualFilterChain.doFilter(CompositeFilter.java:113) ~[spring-web-6.2.5.jar:6.2.5]
	at org.springframework.web.servlet.handler.HandlerMappingIntrospector.lambda$createCacheFilter$3(HandlerMappingIntrospector.java:243) ~[spring-webmvc-6.2.5.jar:6.2.5]
	at org.springframework.web.filter.CompositeFilter$VirtualFilterChain.doFilter(CompositeFilter.java:113) ~[spring-web-6.2.5.jar:6.2.5]
	at org.springframework.web.filter.CompositeFilter.doFilter(CompositeFilter.java:74) ~[spring-web-6.2.5.jar:6.2.5]
	at org.springframework.security.config.annotation.web.configuration.WebMvcSecurityConfiguration$CompositeFilterChainProxy.doFilter(WebMvcSecurityConfiguration.java:238) ~[spring-security-config-6.5.0-M3.jar:6.5.0-M3]
	at org.springframework.web.filter.DelegatingFilterProxy.invokeDelegate(DelegatingFilterProxy.java:362) ~[spring-web-6.2.5.jar:6.2.5]
	at org.springframework.web.filter.DelegatingFilterProxy.doFilter(DelegatingFilterProxy.java:278) ~[spring-web-6.2.5.jar:6.2.5]
	at org.apache.catalina.core.ApplicationFilterChain.internalDoFilter(ApplicationFilterChain.java:164) ~[tomcat-embed-core-10.1.39.jar:10.1.39]
	at org.apache.catalina.core.ApplicationFilterChain.doFilter(ApplicationFilterChain.java:140) ~[tomcat-embed-core-10.1.39.jar:10.1.39]
	at org.springframework.web.filter.RequestContextFilter.doFilterInternal(RequestContextFilter.java:100) ~[spring-web-6.2.5.jar:6.2.5]
	at org.springframework.web.filter.OncePerRequestFilter.doFilter(OncePerRequestFilter.java:116) ~[spring-web-6.2.5.jar:6.2.5]
	at org.apache.catalina.core.ApplicationFilterChain.internalDoFilter(ApplicationFilterChain.java:164) ~[tomcat-embed-core-10.1.39.jar:10.1.39]
	at org.apache.catalina.core.ApplicationFilterChain.doFilter(ApplicationFilterChain.java:140) ~[tomcat-embed-core-10.1.39.jar:10.1.39]
	at org.springframework.web.filter.FormContentFilter.doFilterInternal(FormContentFilter.java:93) ~[spring-web-6.2.5.jar:6.2.5]
	at org.springframework.web.filter.OncePerRequestFilter.doFilter(OncePerRequestFilter.java:116) ~[spring-web-6.2.5.jar:6.2.5]
	at org.apache.catalina.core.ApplicationFilterChain.internalDoFilter(ApplicationFilterChain.java:164) ~[tomcat-embed-core-10.1.39.jar:10.1.39]
	at org.apache.catalina.core.ApplicationFilterChain.doFilter(ApplicationFilterChain.java:140) ~[tomcat-embed-core-10.1.39.jar:10.1.39]
	at org.springframework.web.filter.ServerHttpObservationFilter.doFilterInternal(ServerHttpObservationFilter.java:114) ~[spring-web-6.2.5.jar:6.2.5]
	at org.springframework.web.filter.OncePerRequestFilter.doFilter(OncePerRequestFilter.java:116) ~[spring-web-6.2.5.jar:6.2.5]
	at org.apache.catalina.core.ApplicationFilterChain.internalDoFilter(ApplicationFilterChain.java:164) ~[tomcat-embed-core-10.1.39.jar:10.1.39]
	at org.apache.catalina.core.ApplicationFilterChain.doFilter(ApplicationFilterChain.java:140) ~[tomcat-embed-core-10.1.39.jar:10.1.39]
	at org.springframework.web.filter.CharacterEncodingFilter.doFilterInternal(CharacterEncodingFilter.java:201) ~[spring-web-6.2.5.jar:6.2.5]
	at org.springframework.web.filter.OncePerRequestFilter.doFilter(OncePerRequestFilter.java:116) ~[spring-web-6.2.5.jar:6.2.5]
	at org.apache.catalina.core.ApplicationFilterChain.internalDoFilter(ApplicationFilterChain.java:164) ~[tomcat-embed-core-10.1.39.jar:10.1.39]
	at org.apache.catalina.core.ApplicationFilterChain.doFilter(ApplicationFilterChain.java:140) ~[tomcat-embed-core-10.1.39.jar:10.1.39]
	at org.apache.catalina.core.StandardWrapperValve.invoke(StandardWrapperValve.java:167) ~[tomcat-embed-core-10.1.39.jar:10.1.39]
	at org.apache.catalina.core.StandardContextValve.invoke(StandardContextValve.java:90) ~[tomcat-embed-core-10.1.39.jar:10.1.39]
	at org.apache.catalina.authenticator.AuthenticatorBase.invoke(AuthenticatorBase.java:483) ~[tomcat-embed-core-10.1.39.jar:10.1.39]
	at org.apache.catalina.core.StandardHostValve.invoke(StandardHostValve.java:115) ~[tomcat-embed-core-10.1.39.jar:10.1.39]
	at org.apache.catalina.valves.ErrorReportValve.invoke(ErrorReportValve.java:93) ~[tomcat-embed-core-10.1.39.jar:10.1.39]
	at org.apache.catalina.core.StandardEngineValve.invoke(StandardEngineValve.java:74) ~[tomcat-embed-core-10.1.39.jar:10.1.39]
	at org.apache.catalina.connector.CoyoteAdapter.service(CoyoteAdapter.java:344) ~[tomcat-embed-core-10.1.39.jar:10.1.39]
	at org.apache.coyote.http11.Http11Processor.service(Http11Processor.java:397) ~[tomcat-embed-core-10.1.39.jar:10.1.39]
	at org.apache.coyote.AbstractProcessorLight.process(AbstractProcessorLight.java:63) ~[tomcat-embed-core-10.1.39.jar:10.1.39]
	at org.apache.coyote.AbstractProtocol$ConnectionHandler.process(AbstractProtocol.java:905) ~[tomcat-embed-core-10.1.39.jar:10.1.39]
	at org.apache.tomcat.util.net.NioEndpoint$SocketProcessor.doRun(NioEndpoint.java:1743) ~[tomcat-embed-core-10.1.39.jar:10.1.39]
	at org.apache.tomcat.util.net.SocketProcessorBase.run(SocketProcessorBase.java:52) ~[tomcat-embed-core-10.1.39.jar:10.1.39]
	at org.apache.tomcat.util.threads.ThreadPoolExecutor.runWorker(ThreadPoolExecutor.java:1190) ~[tomcat-embed-core-10.1.39.jar:10.1.39]
	at org.apache.tomcat.util.threads.ThreadPoolExecutor$Worker.run(ThreadPoolExecutor.java:659) ~[tomcat-embed-core-10.1.39.jar:10.1.39]
	at org.apache.tomcat.util.threads.TaskThread$WrappingRunnable.run(TaskThread.java:63) ~[tomcat-embed-core-10.1.39.jar:10.1.39]
	at java.base/java.lang.Thread.run(Thread.java:842) ~[na:na]

2025-03-25T10:53:23.142+05:30 DEBUG 10298 --- [Address Book] [http-nio-8080-exec-1] o.s.security.web.FilterChainProxy        : Securing GET /error
2025-03-25T10:53:23.143+05:30 DEBUG 10298 --- [Address Book] [http-nio-8080-exec-1] o.s.s.w.a.AnonymousAuthenticationFilter  : Set SecurityContextHolder to anonymous SecurityContext
2025-03-25T10:53:23.148+05:30 DEBUG 10298 --- [Address Book] [http-nio-8080-exec-1] o.s.s.w.a.Http403ForbiddenEntryPoint     : Pre-authenticated entry point called. Rejecting access
2025-03-25T10:55:20.199+05:30  INFO 10298 --- [Address Book] [SpringApplicationShutdownHook] o.s.b.w.e.tomcat.GracefulShutdown        : Commencing graceful shutdown. Waiting for active requests to complete
2025-03-25T10:55:20.207+05:30  INFO 10298 --- [Address Book] [tomcat-shutdown] o.s.b.w.e.tomcat.GracefulShutdown        : Graceful shutdown complete
2025-03-25T10:55:20.213+05:30  INFO 10298 --- [Address Book] [SpringApplicationShutdownHook] j.LocalContainerEntityManagerFactoryBean : Closing JPA EntityManagerFactory for persistence unit 'default'
2025-03-25T10:55:20.217+05:30  INFO 10298 --- [Address Book] [SpringApplicationShutdownHook] com.zaxxer.hikari.HikariDataSource       : HikariPool-1 - Shutdown initiated...
2025-03-25T10:55:20.235+05:30  INFO 10298 --- [Address Book] [SpringApplicationShutdownHook] com.zaxxer.hikari.HikariDataSource       : HikariPool-1 - Shutdown completed.
2025-03-25T10:55:25.112+05:30  INFO 10925 --- [Address Book] [restartedMain] c.e.addressbook.AddressBookApplication   : Starting AddressBookApplication using Java 17.0.9 with PID 10925 (/Users/samikshathakur/Documents/Capgemini/BL_SpringAddressBookApp/target/classes started by samikshathakur in /Users/samikshathakur/Documents/Capgemini/BL_SpringAddressBookApp)
2025-03-25T10:55:25.113+05:30 DEBUG 10925 --- [Address Book] [restartedMain] c.e.addressbook.AddressBookApplication   : Running with Spring Boot v3.5.0-SNAPSHOT, Spring v6.2.5
2025-03-25T10:55:25.114+05:30  INFO 10925 --- [Address Book] [restartedMain] c.e.addressbook.AddressBookApplication   : No active profile set, falling back to 1 default profile: "default"
2025-03-25T10:55:25.151+05:30  INFO 10925 --- [Address Book] [restartedMain] .e.DevToolsPropertyDefaultsPostProcessor : Devtools property defaults active! Set 'spring.devtools.add-properties' to 'false' to disable
2025-03-25T10:55:25.151+05:30  INFO 10925 --- [Address Book] [restartedMain] .e.DevToolsPropertyDefaultsPostProcessor : For additional web related logging consider setting the 'logging.level.web' property to 'DEBUG'
2025-03-25T10:55:25.472+05:30  INFO 10925 --- [Address Book] [restartedMain] .s.d.r.c.RepositoryConfigurationDelegate : Bootstrapping Spring Data JPA repositories in DEFAULT mode.
2025-03-25T10:55:25.499+05:30  INFO 10925 --- [Address Book] [restartedMain] .s.d.r.c.RepositoryConfigurationDelegate : Finished Spring Data repository scanning in 21 ms. Found 2 JPA repository interfaces.
2025-03-25T10:55:26.031+05:30  INFO 10925 --- [Address Book] [restartedMain] o.s.b.w.embedded.tomcat.TomcatWebServer  : Tomcat initialized with port 8080 (http)
2025-03-25T10:55:26.037+05:30  INFO 10925 --- [Address Book] [restartedMain] o.apache.catalina.core.StandardService   : Starting service [Tomcat]
2025-03-25T10:55:26.038+05:30  INFO 10925 --- [Address Book] [restartedMain] o.apache.catalina.core.StandardEngine    : Starting Servlet engine: [Apache Tomcat/10.1.39]
2025-03-25T10:55:26.056+05:30  INFO 10925 --- [Address Book] [restartedMain] o.a.c.c.C.[Tomcat].[localhost].[/]       : Initializing Spring embedded WebApplicationContext
2025-03-25T10:55:26.056+05:30  INFO 10925 --- [Address Book] [restartedMain] w.s.c.ServletWebServerApplicationContext : Root WebApplicationContext: initialization completed in 904 ms
2025-03-25T10:55:26.207+05:30  INFO 10925 --- [Address Book] [restartedMain] o.hibernate.jpa.internal.util.LogHelper  : HHH000204: Processing PersistenceUnitInfo [name: default]
2025-03-25T10:55:26.243+05:30  INFO 10925 --- [Address Book] [restartedMain] org.hibernate.Version                    : HHH000412: Hibernate ORM core version 6.6.11.Final
2025-03-25T10:55:26.261+05:30  INFO 10925 --- [Address Book] [restartedMain] o.h.c.internal.RegionFactoryInitiator    : HHH000026: Second-level cache disabled
2025-03-25T10:55:26.390+05:30  INFO 10925 --- [Address Book] [restartedMain] o.s.o.j.p.SpringPersistenceUnitInfo      : No LoadTimeWeaver setup: ignoring JPA class transformer
2025-03-25T10:55:26.403+05:30  INFO 10925 --- [Address Book] [restartedMain] com.zaxxer.hikari.HikariDataSource       : HikariPool-1 - Starting...
2025-03-25T10:55:26.562+05:30  INFO 10925 --- [Address Book] [restartedMain] com.zaxxer.hikari.pool.HikariPool        : HikariPool-1 - Added connection com.mysql.cj.jdbc.ConnectionImpl@2f617303
2025-03-25T10:55:26.563+05:30  INFO 10925 --- [Address Book] [restartedMain] com.zaxxer.hikari.HikariDataSource       : HikariPool-1 - Start completed.
2025-03-25T10:55:26.588+05:30  WARN 10925 --- [Address Book] [restartedMain] org.hibernate.orm.deprecation            : HHH90000025: MySQL8Dialect does not need to be specified explicitly using 'hibernate.dialect' (remove the property setting and it will be selected by default)
2025-03-25T10:55:26.588+05:30  WARN 10925 --- [Address Book] [restartedMain] org.hibernate.orm.deprecation            : HHH90000026: MySQL8Dialect has been deprecated; use org.hibernate.dialect.MySQLDialect instead
2025-03-25T10:55:26.597+05:30  INFO 10925 --- [Address Book] [restartedMain] org.hibernate.orm.connections.pooling    : HHH10001005: Database info:
	Database JDBC URL [Connecting through datasource 'HikariDataSource (HikariPool-1)']
	Database driver: undefined/unknown
	Database version: 8.0
	Autocommit mode: undefined/unknown
	Isolation level: undefined/unknown
	Minimum pool size: undefined/unknown
	Maximum pool size: undefined/unknown
2025-03-25T10:55:27.011+05:30  INFO 10925 --- [Address Book] [restartedMain] o.h.e.t.j.p.i.JtaPlatformInitiator       : HHH000489: No JTA platform available (set 'hibernate.transaction.jta.platform' to enable JTA platform integration)
2025-03-25T10:55:27.055+05:30  INFO 10925 --- [Address Book] [restartedMain] j.LocalContainerEntityManagerFactoryBean : Initialized JPA EntityManagerFactory for persistence unit 'default'
2025-03-25T10:55:27.224+05:30 DEBUG 10925 --- [Address Book] [restartedMain] c.e.a.security.JwtAuthenticationFilter   : Filter 'jwtAuthenticationFilter' configured for use
2025-03-25T10:55:27.252+05:30  WARN 10925 --- [Address Book] [restartedMain] r$InitializeUserDetailsManagerConfigurer : Found 2 UserDetailsService beans, with names [customUserDetailsService, userDetailsService]. Global Authentication Manager will not use a UserDetailsService for username/password login. Consider publishing a single UserDetailsService bean.
2025-03-25T10:55:27.252+05:30 DEBUG 10925 --- [Address Book] [restartedMain] swordEncoderAuthenticationManagerBuilder : No authenticationProviders and no parentAuthenticationManager defined. Returning null.
2025-03-25T10:55:27.284+05:30  WARN 10925 --- [Address Book] [restartedMain] JpaBaseConfiguration$JpaWebConfiguration : spring.jpa.open-in-view is enabled by default. Therefore, database queries may be performed during view rendering. Explicitly configure spring.jpa.open-in-view to disable this warning
2025-03-25T10:55:27.522+05:30  INFO 10925 --- [Address Book] [restartedMain] o.s.b.a.e.web.EndpointLinksResolver      : Exposing 1 endpoint beneath base path '/actuator'
2025-03-25T10:55:27.553+05:30 DEBUG 10925 --- [Address Book] [restartedMain] o.s.s.web.DefaultSecurityFilterChain     : Will secure any request with filters: DisableEncodeUrlFilter, WebAsyncManagerIntegrationFilter, SecurityContextHolderFilter, HeaderWriterFilter, CorsFilter, LogoutFilter, JwtAuthenticationFilter, RequestCacheAwareFilter, SecurityContextHolderAwareRequestFilter, AnonymousAuthenticationFilter, SessionManagementFilter, ExceptionTranslationFilter, AuthorizationFilter
2025-03-25T10:55:27.737+05:30  INFO 10925 --- [Address Book] [restartedMain] o.s.b.d.a.OptionalLiveReloadServer       : LiveReload server is running on port 35729
2025-03-25T10:55:27.774+05:30  INFO 10925 --- [Address Book] [restartedMain] o.s.b.w.embedded.tomcat.TomcatWebServer  : Tomcat started on port 8080 (http) with context path '/'
2025-03-25T10:55:27.788+05:30  INFO 10925 --- [Address Book] [restartedMain] c.e.addressbook.AddressBookApplication   : Started AddressBookApplication in 2.962 seconds (process running for 3.217)
2025-03-25T10:55:48.679+05:30  INFO 10925 --- [Address Book] [http-nio-8080-exec-1] o.a.c.c.C.[Tomcat].[localhost].[/]       : Initializing Spring DispatcherServlet 'dispatcherServlet'
2025-03-25T10:55:48.679+05:30  INFO 10925 --- [Address Book] [http-nio-8080-exec-1] o.s.web.servlet.DispatcherServlet        : Initializing Servlet 'dispatcherServlet'
2025-03-25T10:55:48.681+05:30  INFO 10925 --- [Address Book] [http-nio-8080-exec-1] o.s.web.servlet.DispatcherServlet        : Completed initialization in 1 ms
2025-03-25T10:55:48.696+05:30 DEBUG 10925 --- [Address Book] [http-nio-8080-exec-1] o.s.security.web.FilterChainProxy        : Securing OPTIONS /api/addressbook
2025-03-25T10:55:48.711+05:30 ERROR 10925 --- [Address Book] [http-nio-8080-exec-1] o.a.c.c.C.[.[.[/].[dispatcherServlet]    : Servlet.service() for servlet [dispatcherServlet] in context with path [] threw exception

java.lang.IllegalArgumentException: When allowCredentials is true, allowedOrigins cannot contain the special value "*" since that cannot be set on the "Access-Control-Allow-Origin" response header. To allow credentials to a set of origins, list them explicitly or consider using "allowedOriginPatterns" instead.
	at org.springframework.web.cors.CorsConfiguration.validateAllowCredentials(CorsConfiguration.java:568) ~[spring-web-6.2.5.jar:6.2.5]
	at org.springframework.web.cors.CorsConfiguration.checkOrigin(CorsConfiguration.java:695) ~[spring-web-6.2.5.jar:6.2.5]
	at org.springframework.web.cors.DefaultCorsProcessor.checkOrigin(DefaultCorsProcessor.java:197) ~[spring-web-6.2.5.jar:6.2.5]
	at org.springframework.web.cors.DefaultCorsProcessor.handleInternal(DefaultCorsProcessor.java:134) ~[spring-web-6.2.5.jar:6.2.5]
	at org.springframework.web.cors.DefaultCorsProcessor.processRequest(DefaultCorsProcessor.java:113) ~[spring-web-6.2.5.jar:6.2.5]
	at org.springframework.web.filter.CorsFilter.doFilterInternal(CorsFilter.java:87) ~[spring-web-6.2.5.jar:6.2.5]
	at org.springframework.web.filter.OncePerRequestFilter.doFilter(OncePerRequestFilter.java:116) ~[spring-web-6.2.5.jar:6.2.5]
	at org.springframework.security.web.ObservationFilterChainDecorator$ObservationFilter.wrapFilter(ObservationFilterChainDecorator.java:240) ~[spring-security-web-6.5.0-M3.jar:6.5.0-M3]
	at org.springframework.security.web.ObservationFilterChainDecorator$ObservationFilter.doFilter(ObservationFilterChainDecorator.java:227) ~[spring-security-web-6.5.0-M3.jar:6.5.0-M3]
	at org.springframework.security.web.ObservationFilterChainDecorator$VirtualFilterChain.doFilter(ObservationFilterChainDecorator.java:137) ~[spring-security-web-6.5.0-M3.jar:6.5.0-M3]
	at org.springframework.security.web.header.HeaderWriterFilter.doHeadersAfter(HeaderWriterFilter.java:90) ~[spring-security-web-6.5.0-M3.jar:6.5.0-M3]
	at org.springframework.security.web.header.HeaderWriterFilter.doFilterInternal(HeaderWriterFilter.java:75) ~[spring-security-web-6.5.0-M3.jar:6.5.0-M3]
	at org.springframework.web.filter.OncePerRequestFilter.doFilter(OncePerRequestFilter.java:116) ~[spring-web-6.2.5.jar:6.2.5]
	at org.springframework.security.web.ObservationFilterChainDecorator$ObservationFilter.wrapFilter(ObservationFilterChainDecorator.java:240) ~[spring-security-web-6.5.0-M3.jar:6.5.0-M3]
	at org.springframework.security.web.ObservationFilterChainDecorator$ObservationFilter.doFilter(ObservationFilterChainDecorator.java:227) ~[spring-security-web-6.5.0-M3.jar:6.5.0-M3]
	at org.springframework.security.web.ObservationFilterChainDecorator$VirtualFilterChain.doFilter(ObservationFilterChainDecorator.java:137) ~[spring-security-web-6.5.0-M3.jar:6.5.0-M3]
	at org.springframework.security.web.context.SecurityContextHolderFilter.doFilter(SecurityContextHolderFilter.java:82) ~[spring-security-web-6.5.0-M3.jar:6.5.0-M3]
	at org.springframework.security.web.context.SecurityContextHolderFilter.doFilter(SecurityContextHolderFilter.java:69) ~[spring-security-web-6.5.0-M3.jar:6.5.0-M3]
	at org.springframework.security.web.ObservationFilterChainDecorator$ObservationFilter.wrapFilter(ObservationFilterChainDecorator.java:240) ~[spring-security-web-6.5.0-M3.jar:6.5.0-M3]
	at org.springframework.security.web.ObservationFilterChainDecorator$ObservationFilter.doFilter(ObservationFilterChainDecorator.java:227) ~[spring-security-web-6.5.0-M3.jar:6.5.0-M3]
	at org.springframework.security.web.ObservationFilterChainDecorator$VirtualFilterChain.doFilter(ObservationFilterChainDecorator.java:137) ~[spring-security-web-6.5.0-M3.jar:6.5.0-M3]
	at org.springframework.security.web.context.request.async.WebAsyncManagerIntegrationFilter.doFilterInternal(WebAsyncManagerIntegrationFilter.java:62) ~[spring-security-web-6.5.0-M3.jar:6.5.0-M3]
	at org.springframework.web.filter.OncePerRequestFilter.doFilter(OncePerRequestFilter.java:116) ~[spring-web-6.2.5.jar:6.2.5]
	at org.springframework.security.web.ObservationFilterChainDecorator$ObservationFilter.wrapFilter(ObservationFilterChainDecorator.java:240) ~[spring-security-web-6.5.0-M3.jar:6.5.0-M3]
	at org.springframework.security.web.ObservationFilterChainDecorator$ObservationFilter.doFilter(ObservationFilterChainDecorator.java:227) ~[spring-security-web-6.5.0-M3.jar:6.5.0-M3]
	at org.springframework.security.web.ObservationFilterChainDecorator$VirtualFilterChain.doFilter(ObservationFilterChainDecorator.java:137) ~[spring-security-web-6.5.0-M3.jar:6.5.0-M3]
	at org.springframework.security.web.session.DisableEncodeUrlFilter.doFilterInternal(DisableEncodeUrlFilter.java:42) ~[spring-security-web-6.5.0-M3.jar:6.5.0-M3]
	at org.springframework.web.filter.OncePerRequestFilter.doFilter(OncePerRequestFilter.java:116) ~[spring-web-6.2.5.jar:6.2.5]
	at org.springframework.security.web.ObservationFilterChainDecorator$ObservationFilter.wrapFilter(ObservationFilterChainDecorator.java:240) ~[spring-security-web-6.5.0-M3.jar:6.5.0-M3]
	at org.springframework.security.web.ObservationFilterChainDecorator$AroundFilterObservation$SimpleAroundFilterObservation.lambda$wrap$0(ObservationFilterChainDecorator.java:323) ~[spring-security-web-6.5.0-M3.jar:6.5.0-M3]
	at org.springframework.security.web.ObservationFilterChainDecorator$ObservationFilter.doFilter(ObservationFilterChainDecorator.java:224) ~[spring-security-web-6.5.0-M3.jar:6.5.0-M3]
	at org.springframework.security.web.ObservationFilterChainDecorator$VirtualFilterChain.doFilter(ObservationFilterChainDecorator.java:137) ~[spring-security-web-6.5.0-M3.jar:6.5.0-M3]
	at org.springframework.security.web.FilterChainProxy.lambda$doFilterInternal$4(FilterChainProxy.java:237) ~[spring-security-web-6.5.0-M3.jar:6.5.0-M3]
	at org.springframework.web.filter.ServletRequestPathFilter.doFilter(ServletRequestPathFilter.java:52) ~[spring-web-6.2.5.jar:6.2.5]
	at org.springframework.security.web.FilterChainProxy.doFilterInternal(FilterChainProxy.java:216) ~[spring-security-web-6.5.0-M3.jar:6.5.0-M3]
	at org.springframework.security.web.FilterChainProxy.doFilter(FilterChainProxy.java:194) ~[spring-security-web-6.5.0-M3.jar:6.5.0-M3]
	at org.springframework.web.filter.CompositeFilter$VirtualFilterChain.doFilter(CompositeFilter.java:113) ~[spring-web-6.2.5.jar:6.2.5]
	at org.springframework.web.servlet.handler.HandlerMappingIntrospector.lambda$createCacheFilter$3(HandlerMappingIntrospector.java:243) ~[spring-webmvc-6.2.5.jar:6.2.5]
	at org.springframework.web.filter.CompositeFilter$VirtualFilterChain.doFilter(CompositeFilter.java:113) ~[spring-web-6.2.5.jar:6.2.5]
	at org.springframework.web.filter.CompositeFilter.doFilter(CompositeFilter.java:74) ~[spring-web-6.2.5.jar:6.2.5]
	at org.springframework.security.config.annotation.web.configuration.WebMvcSecurityConfiguration$CompositeFilterChainProxy.doFilter(WebMvcSecurityConfiguration.java:238) ~[spring-security-config-6.5.0-M3.jar:6.5.0-M3]
	at org.springframework.web.filter.DelegatingFilterProxy.invokeDelegate(DelegatingFilterProxy.java:362) ~[spring-web-6.2.5.jar:6.2.5]
	at org.springframework.web.filter.DelegatingFilterProxy.doFilter(DelegatingFilterProxy.java:278) ~[spring-web-6.2.5.jar:6.2.5]
	at org.apache.catalina.core.ApplicationFilterChain.internalDoFilter(ApplicationFilterChain.java:164) ~[tomcat-embed-core-10.1.39.jar:10.1.39]
	at org.apache.catalina.core.ApplicationFilterChain.doFilter(ApplicationFilterChain.java:140) ~[tomcat-embed-core-10.1.39.jar:10.1.39]
	at org.springframework.web.filter.RequestContextFilter.doFilterInternal(RequestContextFilter.java:100) ~[spring-web-6.2.5.jar:6.2.5]
	at org.springframework.web.filter.OncePerRequestFilter.doFilter(OncePerRequestFilter.java:116) ~[spring-web-6.2.5.jar:6.2.5]
	at org.apache.catalina.core.ApplicationFilterChain.internalDoFilter(ApplicationFilterChain.java:164) ~[tomcat-embed-core-10.1.39.jar:10.1.39]
	at org.apache.catalina.core.ApplicationFilterChain.doFilter(ApplicationFilterChain.java:140) ~[tomcat-embed-core-10.1.39.jar:10.1.39]
	at org.springframework.web.filter.FormContentFilter.doFilterInternal(FormContentFilter.java:93) ~[spring-web-6.2.5.jar:6.2.5]
	at org.springframework.web.filter.OncePerRequestFilter.doFilter(OncePerRequestFilter.java:116) ~[spring-web-6.2.5.jar:6.2.5]
	at org.apache.catalina.core.ApplicationFilterChain.internalDoFilter(ApplicationFilterChain.java:164) ~[tomcat-embed-core-10.1.39.jar:10.1.39]
	at org.apache.catalina.core.ApplicationFilterChain.doFilter(ApplicationFilterChain.java:140) ~[tomcat-embed-core-10.1.39.jar:10.1.39]
	at org.springframework.web.filter.ServerHttpObservationFilter.doFilterInternal(ServerHttpObservationFilter.java:114) ~[spring-web-6.2.5.jar:6.2.5]
	at org.springframework.web.filter.OncePerRequestFilter.doFilter(OncePerRequestFilter.java:116) ~[spring-web-6.2.5.jar:6.2.5]
	at org.apache.catalina.core.ApplicationFilterChain.internalDoFilter(ApplicationFilterChain.java:164) ~[tomcat-embed-core-10.1.39.jar:10.1.39]
	at org.apache.catalina.core.ApplicationFilterChain.doFilter(ApplicationFilterChain.java:140) ~[tomcat-embed-core-10.1.39.jar:10.1.39]
	at org.springframework.web.filter.CharacterEncodingFilter.doFilterInternal(CharacterEncodingFilter.java:201) ~[spring-web-6.2.5.jar:6.2.5]
	at org.springframework.web.filter.OncePerRequestFilter.doFilter(OncePerRequestFilter.java:116) ~[spring-web-6.2.5.jar:6.2.5]
	at org.apache.catalina.core.ApplicationFilterChain.internalDoFilter(ApplicationFilterChain.java:164) ~[tomcat-embed-core-10.1.39.jar:10.1.39]
	at org.apache.catalina.core.ApplicationFilterChain.doFilter(ApplicationFilterChain.java:140) ~[tomcat-embed-core-10.1.39.jar:10.1.39]
	at org.apache.catalina.core.StandardWrapperValve.invoke(StandardWrapperValve.java:167) ~[tomcat-embed-core-10.1.39.jar:10.1.39]
	at org.apache.catalina.core.StandardContextValve.invoke(StandardContextValve.java:90) ~[tomcat-embed-core-10.1.39.jar:10.1.39]
	at org.apache.catalina.authenticator.AuthenticatorBase.invoke(AuthenticatorBase.java:483) ~[tomcat-embed-core-10.1.39.jar:10.1.39]
	at org.apache.catalina.core.StandardHostValve.invoke(StandardHostValve.java:115) ~[tomcat-embed-core-10.1.39.jar:10.1.39]
	at org.apache.catalina.valves.ErrorReportValve.invoke(ErrorReportValve.java:93) ~[tomcat-embed-core-10.1.39.jar:10.1.39]
	at org.apache.catalina.core.StandardEngineValve.invoke(StandardEngineValve.java:74) ~[tomcat-embed-core-10.1.39.jar:10.1.39]
	at org.apache.catalina.connector.CoyoteAdapter.service(CoyoteAdapter.java:344) ~[tomcat-embed-core-10.1.39.jar:10.1.39]
	at org.apache.coyote.http11.Http11Processor.service(Http11Processor.java:397) ~[tomcat-embed-core-10.1.39.jar:10.1.39]
	at org.apache.coyote.AbstractProcessorLight.process(AbstractProcessorLight.java:63) ~[tomcat-embed-core-10.1.39.jar:10.1.39]
	at org.apache.coyote.AbstractProtocol$ConnectionHandler.process(AbstractProtocol.java:905) ~[tomcat-embed-core-10.1.39.jar:10.1.39]
	at org.apache.tomcat.util.net.NioEndpoint$SocketProcessor.doRun(NioEndpoint.java:1743) ~[tomcat-embed-core-10.1.39.jar:10.1.39]
	at org.apache.tomcat.util.net.SocketProcessorBase.run(SocketProcessorBase.java:52) ~[tomcat-embed-core-10.1.39.jar:10.1.39]
	at org.apache.tomcat.util.threads.ThreadPoolExecutor.runWorker(ThreadPoolExecutor.java:1190) ~[tomcat-embed-core-10.1.39.jar:10.1.39]
	at org.apache.tomcat.util.threads.ThreadPoolExecutor$Worker.run(ThreadPoolExecutor.java:659) ~[tomcat-embed-core-10.1.39.jar:10.1.39]
	at org.apache.tomcat.util.threads.TaskThread$WrappingRunnable.run(TaskThread.java:63) ~[tomcat-embed-core-10.1.39.jar:10.1.39]
	at java.base/java.lang.Thread.run(Thread.java:842) ~[na:na]

2025-03-25T10:55:48.716+05:30 DEBUG 10925 --- [Address Book] [http-nio-8080-exec-1] o.s.security.web.FilterChainProxy        : Securing OPTIONS /error
2025-03-25T10:55:48.717+05:30 DEBUG 10925 --- [Address Book] [http-nio-8080-exec-1] o.s.s.w.a.AnonymousAuthenticationFilter  : Set SecurityContextHolder to anonymous SecurityContext
2025-03-25T10:55:48.722+05:30 DEBUG 10925 --- [Address Book] [http-nio-8080-exec-1] o.s.s.w.a.Http403ForbiddenEntryPoint     : Pre-authenticated entry point called. Rejecting access
2025-03-25T10:55:49.773+05:30 DEBUG 10925 --- [Address Book] [http-nio-8080-exec-2] o.s.security.web.FilterChainProxy        : Securing OPTIONS /api/addressbook
2025-03-25T10:55:49.775+05:30 ERROR 10925 --- [Address Book] [http-nio-8080-exec-2] o.a.c.c.C.[.[.[/].[dispatcherServlet]    : Servlet.service() for servlet [dispatcherServlet] in context with path [] threw exception

java.lang.IllegalArgumentException: When allowCredentials is true, allowedOrigins cannot contain the special value "*" since that cannot be set on the "Access-Control-Allow-Origin" response header. To allow credentials to a set of origins, list them explicitly or consider using "allowedOriginPatterns" instead.
	at org.springframework.web.cors.CorsConfiguration.validateAllowCredentials(CorsConfiguration.java:568) ~[spring-web-6.2.5.jar:6.2.5]
	at org.springframework.web.cors.CorsConfiguration.checkOrigin(CorsConfiguration.java:695) ~[spring-web-6.2.5.jar:6.2.5]
	at org.springframework.web.cors.DefaultCorsProcessor.checkOrigin(DefaultCorsProcessor.java:197) ~[spring-web-6.2.5.jar:6.2.5]
	at org.springframework.web.cors.DefaultCorsProcessor.handleInternal(DefaultCorsProcessor.java:134) ~[spring-web-6.2.5.jar:6.2.5]
	at org.springframework.web.cors.DefaultCorsProcessor.processRequest(DefaultCorsProcessor.java:113) ~[spring-web-6.2.5.jar:6.2.5]
	at org.springframework.web.filter.CorsFilter.doFilterInternal(CorsFilter.java:87) ~[spring-web-6.2.5.jar:6.2.5]
	at org.springframework.web.filter.OncePerRequestFilter.doFilter(OncePerRequestFilter.java:116) ~[spring-web-6.2.5.jar:6.2.5]
	at org.springframework.security.web.ObservationFilterChainDecorator$ObservationFilter.wrapFilter(ObservationFilterChainDecorator.java:240) ~[spring-security-web-6.5.0-M3.jar:6.5.0-M3]
	at org.springframework.security.web.ObservationFilterChainDecorator$ObservationFilter.doFilter(ObservationFilterChainDecorator.java:227) ~[spring-security-web-6.5.0-M3.jar:6.5.0-M3]
	at org.springframework.security.web.ObservationFilterChainDecorator$VirtualFilterChain.doFilter(ObservationFilterChainDecorator.java:137) ~[spring-security-web-6.5.0-M3.jar:6.5.0-M3]
	at org.springframework.security.web.header.HeaderWriterFilter.doHeadersAfter(HeaderWriterFilter.java:90) ~[spring-security-web-6.5.0-M3.jar:6.5.0-M3]
	at org.springframework.security.web.header.HeaderWriterFilter.doFilterInternal(HeaderWriterFilter.java:75) ~[spring-security-web-6.5.0-M3.jar:6.5.0-M3]
	at org.springframework.web.filter.OncePerRequestFilter.doFilter(OncePerRequestFilter.java:116) ~[spring-web-6.2.5.jar:6.2.5]
	at org.springframework.security.web.ObservationFilterChainDecorator$ObservationFilter.wrapFilter(ObservationFilterChainDecorator.java:240) ~[spring-security-web-6.5.0-M3.jar:6.5.0-M3]
	at org.springframework.security.web.ObservationFilterChainDecorator$ObservationFilter.doFilter(ObservationFilterChainDecorator.java:227) ~[spring-security-web-6.5.0-M3.jar:6.5.0-M3]
	at org.springframework.security.web.ObservationFilterChainDecorator$VirtualFilterChain.doFilter(ObservationFilterChainDecorator.java:137) ~[spring-security-web-6.5.0-M3.jar:6.5.0-M3]
	at org.springframework.security.web.context.SecurityContextHolderFilter.doFilter(SecurityContextHolderFilter.java:82) ~[spring-security-web-6.5.0-M3.jar:6.5.0-M3]
	at org.springframework.security.web.context.SecurityContextHolderFilter.doFilter(SecurityContextHolderFilter.java:69) ~[spring-security-web-6.5.0-M3.jar:6.5.0-M3]
	at org.springframework.security.web.ObservationFilterChainDecorator$ObservationFilter.wrapFilter(ObservationFilterChainDecorator.java:240) ~[spring-security-web-6.5.0-M3.jar:6.5.0-M3]
	at org.springframework.security.web.ObservationFilterChainDecorator$ObservationFilter.doFilter(ObservationFilterChainDecorator.java:227) ~[spring-security-web-6.5.0-M3.jar:6.5.0-M3]
	at org.springframework.security.web.ObservationFilterChainDecorator$VirtualFilterChain.doFilter(ObservationFilterChainDecorator.java:137) ~[spring-security-web-6.5.0-M3.jar:6.5.0-M3]
	at org.springframework.security.web.context.request.async.WebAsyncManagerIntegrationFilter.doFilterInternal(WebAsyncManagerIntegrationFilter.java:62) ~[spring-security-web-6.5.0-M3.jar:6.5.0-M3]
	at org.springframework.web.filter.OncePerRequestFilter.doFilter(OncePerRequestFilter.java:116) ~[spring-web-6.2.5.jar:6.2.5]
	at org.springframework.security.web.ObservationFilterChainDecorator$ObservationFilter.wrapFilter(ObservationFilterChainDecorator.java:240) ~[spring-security-web-6.5.0-M3.jar:6.5.0-M3]
	at org.springframework.security.web.ObservationFilterChainDecorator$ObservationFilter.doFilter(ObservationFilterChainDecorator.java:227) ~[spring-security-web-6.5.0-M3.jar:6.5.0-M3]
	at org.springframework.security.web.ObservationFilterChainDecorator$VirtualFilterChain.doFilter(ObservationFilterChainDecorator.java:137) ~[spring-security-web-6.5.0-M3.jar:6.5.0-M3]
	at org.springframework.security.web.session.DisableEncodeUrlFilter.doFilterInternal(DisableEncodeUrlFilter.java:42) ~[spring-security-web-6.5.0-M3.jar:6.5.0-M3]
	at org.springframework.web.filter.OncePerRequestFilter.doFilter(OncePerRequestFilter.java:116) ~[spring-web-6.2.5.jar:6.2.5]
	at org.springframework.security.web.ObservationFilterChainDecorator$ObservationFilter.wrapFilter(ObservationFilterChainDecorator.java:240) ~[spring-security-web-6.5.0-M3.jar:6.5.0-M3]
	at org.springframework.security.web.ObservationFilterChainDecorator$AroundFilterObservation$SimpleAroundFilterObservation.lambda$wrap$0(ObservationFilterChainDecorator.java:323) ~[spring-security-web-6.5.0-M3.jar:6.5.0-M3]
	at org.springframework.security.web.ObservationFilterChainDecorator$ObservationFilter.doFilter(ObservationFilterChainDecorator.java:224) ~[spring-security-web-6.5.0-M3.jar:6.5.0-M3]
	at org.springframework.security.web.ObservationFilterChainDecorator$VirtualFilterChain.doFilter(ObservationFilterChainDecorator.java:137) ~[spring-security-web-6.5.0-M3.jar:6.5.0-M3]
	at org.springframework.security.web.FilterChainProxy.lambda$doFilterInternal$4(FilterChainProxy.java:237) ~[spring-security-web-6.5.0-M3.jar:6.5.0-M3]
	at org.springframework.web.filter.ServletRequestPathFilter.doFilter(ServletRequestPathFilter.java:52) ~[spring-web-6.2.5.jar:6.2.5]
	at org.springframework.security.web.FilterChainProxy.doFilterInternal(FilterChainProxy.java:216) ~[spring-security-web-6.5.0-M3.jar:6.5.0-M3]
	at org.springframework.security.web.FilterChainProxy.doFilter(FilterChainProxy.java:194) ~[spring-security-web-6.5.0-M3.jar:6.5.0-M3]
	at org.springframework.web.filter.CompositeFilter$VirtualFilterChain.doFilter(CompositeFilter.java:113) ~[spring-web-6.2.5.jar:6.2.5]
	at org.springframework.web.servlet.handler.HandlerMappingIntrospector.lambda$createCacheFilter$3(HandlerMappingIntrospector.java:243) ~[spring-webmvc-6.2.5.jar:6.2.5]
	at org.springframework.web.filter.CompositeFilter$VirtualFilterChain.doFilter(CompositeFilter.java:113) ~[spring-web-6.2.5.jar:6.2.5]
	at org.springframework.web.filter.CompositeFilter.doFilter(CompositeFilter.java:74) ~[spring-web-6.2.5.jar:6.2.5]
	at org.springframework.security.config.annotation.web.configuration.WebMvcSecurityConfiguration$CompositeFilterChainProxy.doFilter(WebMvcSecurityConfiguration.java:238) ~[spring-security-config-6.5.0-M3.jar:6.5.0-M3]
	at org.springframework.web.filter.DelegatingFilterProxy.invokeDelegate(DelegatingFilterProxy.java:362) ~[spring-web-6.2.5.jar:6.2.5]
	at org.springframework.web.filter.DelegatingFilterProxy.doFilter(DelegatingFilterProxy.java:278) ~[spring-web-6.2.5.jar:6.2.5]
	at org.apache.catalina.core.ApplicationFilterChain.internalDoFilter(ApplicationFilterChain.java:164) ~[tomcat-embed-core-10.1.39.jar:10.1.39]
	at org.apache.catalina.core.ApplicationFilterChain.doFilter(ApplicationFilterChain.java:140) ~[tomcat-embed-core-10.1.39.jar:10.1.39]
	at org.springframework.web.filter.RequestContextFilter.doFilterInternal(RequestContextFilter.java:100) ~[spring-web-6.2.5.jar:6.2.5]
	at org.springframework.web.filter.OncePerRequestFilter.doFilter(OncePerRequestFilter.java:116) ~[spring-web-6.2.5.jar:6.2.5]
	at org.apache.catalina.core.ApplicationFilterChain.internalDoFilter(ApplicationFilterChain.java:164) ~[tomcat-embed-core-10.1.39.jar:10.1.39]
	at org.apache.catalina.core.ApplicationFilterChain.doFilter(ApplicationFilterChain.java:140) ~[tomcat-embed-core-10.1.39.jar:10.1.39]
	at org.springframework.web.filter.FormContentFilter.doFilterInternal(FormContentFilter.java:93) ~[spring-web-6.2.5.jar:6.2.5]
	at org.springframework.web.filter.OncePerRequestFilter.doFilter(OncePerRequestFilter.java:116) ~[spring-web-6.2.5.jar:6.2.5]
	at org.apache.catalina.core.ApplicationFilterChain.internalDoFilter(ApplicationFilterChain.java:164) ~[tomcat-embed-core-10.1.39.jar:10.1.39]
	at org.apache.catalina.core.ApplicationFilterChain.doFilter(ApplicationFilterChain.java:140) ~[tomcat-embed-core-10.1.39.jar:10.1.39]
	at org.springframework.web.filter.ServerHttpObservationFilter.doFilterInternal(ServerHttpObservationFilter.java:114) ~[spring-web-6.2.5.jar:6.2.5]
	at org.springframework.web.filter.OncePerRequestFilter.doFilter(OncePerRequestFilter.java:116) ~[spring-web-6.2.5.jar:6.2.5]
	at org.apache.catalina.core.ApplicationFilterChain.internalDoFilter(ApplicationFilterChain.java:164) ~[tomcat-embed-core-10.1.39.jar:10.1.39]
	at org.apache.catalina.core.ApplicationFilterChain.doFilter(ApplicationFilterChain.java:140) ~[tomcat-embed-core-10.1.39.jar:10.1.39]
	at org.springframework.web.filter.CharacterEncodingFilter.doFilterInternal(CharacterEncodingFilter.java:201) ~[spring-web-6.2.5.jar:6.2.5]
	at org.springframework.web.filter.OncePerRequestFilter.doFilter(OncePerRequestFilter.java:116) ~[spring-web-6.2.5.jar:6.2.5]
	at org.apache.catalina.core.ApplicationFilterChain.internalDoFilter(ApplicationFilterChain.java:164) ~[tomcat-embed-core-10.1.39.jar:10.1.39]
	at org.apache.catalina.core.ApplicationFilterChain.doFilter(ApplicationFilterChain.java:140) ~[tomcat-embed-core-10.1.39.jar:10.1.39]
	at org.apache.catalina.core.StandardWrapperValve.invoke(StandardWrapperValve.java:167) ~[tomcat-embed-core-10.1.39.jar:10.1.39]
	at org.apache.catalina.core.StandardContextValve.invoke(StandardContextValve.java:90) ~[tomcat-embed-core-10.1.39.jar:10.1.39]
	at org.apache.catalina.authenticator.AuthenticatorBase.invoke(AuthenticatorBase.java:483) ~[tomcat-embed-core-10.1.39.jar:10.1.39]
	at org.apache.catalina.core.StandardHostValve.invoke(StandardHostValve.java:115) ~[tomcat-embed-core-10.1.39.jar:10.1.39]
	at org.apache.catalina.valves.ErrorReportValve.invoke(ErrorReportValve.java:93) ~[tomcat-embed-core-10.1.39.jar:10.1.39]
	at org.apache.catalina.core.StandardEngineValve.invoke(StandardEngineValve.java:74) ~[tomcat-embed-core-10.1.39.jar:10.1.39]
	at org.apache.catalina.connector.CoyoteAdapter.service(CoyoteAdapter.java:344) ~[tomcat-embed-core-10.1.39.jar:10.1.39]
	at org.apache.coyote.http11.Http11Processor.service(Http11Processor.java:397) ~[tomcat-embed-core-10.1.39.jar:10.1.39]
	at org.apache.coyote.AbstractProcessorLight.process(AbstractProcessorLight.java:63) ~[tomcat-embed-core-10.1.39.jar:10.1.39]
	at org.apache.coyote.AbstractProtocol$ConnectionHandler.process(AbstractProtocol.java:905) ~[tomcat-embed-core-10.1.39.jar:10.1.39]
	at org.apache.tomcat.util.net.NioEndpoint$SocketProcessor.doRun(NioEndpoint.java:1743) ~[tomcat-embed-core-10.1.39.jar:10.1.39]
	at org.apache.tomcat.util.net.SocketProcessorBase.run(SocketProcessorBase.java:52) ~[tomcat-embed-core-10.1.39.jar:10.1.39]
	at org.apache.tomcat.util.threads.ThreadPoolExecutor.runWorker(ThreadPoolExecutor.java:1190) ~[tomcat-embed-core-10.1.39.jar:10.1.39]
	at org.apache.tomcat.util.threads.ThreadPoolExecutor$Worker.run(ThreadPoolExecutor.java:659) ~[tomcat-embed-core-10.1.39.jar:10.1.39]
	at org.apache.tomcat.util.threads.TaskThread$WrappingRunnable.run(TaskThread.java:63) ~[tomcat-embed-core-10.1.39.jar:10.1.39]
	at java.base/java.lang.Thread.run(Thread.java:842) ~[na:na]

2025-03-25T10:55:49.778+05:30 DEBUG 10925 --- [Address Book] [http-nio-8080-exec-2] o.s.security.web.FilterChainProxy        : Securing OPTIONS /error
2025-03-25T10:55:49.780+05:30 DEBUG 10925 --- [Address Book] [http-nio-8080-exec-2] o.s.s.w.a.AnonymousAuthenticationFilter  : Set SecurityContextHolder to anonymous SecurityContext
2025-03-25T10:55:49.782+05:30 DEBUG 10925 --- [Address Book] [http-nio-8080-exec-2] o.s.s.w.a.Http403ForbiddenEntryPoint     : Pre-authenticated entry point called. Rejecting access
2025-03-25T10:55:50.189+05:30 DEBUG 10925 --- [Address Book] [http-nio-8080-exec-3] o.s.security.web.FilterChainProxy        : Securing OPTIONS /api/addressbook
2025-03-25T10:55:50.195+05:30 ERROR 10925 --- [Address Book] [http-nio-8080-exec-3] o.a.c.c.C.[.[.[/].[dispatcherServlet]    : Servlet.service() for servlet [dispatcherServlet] in context with path [] threw exception

java.lang.IllegalArgumentException: When allowCredentials is true, allowedOrigins cannot contain the special value "*" since that cannot be set on the "Access-Control-Allow-Origin" response header. To allow credentials to a set of origins, list them explicitly or consider using "allowedOriginPatterns" instead.
	at org.springframework.web.cors.CorsConfiguration.validateAllowCredentials(CorsConfiguration.java:568) ~[spring-web-6.2.5.jar:6.2.5]
	at org.springframework.web.cors.CorsConfiguration.checkOrigin(CorsConfiguration.java:695) ~[spring-web-6.2.5.jar:6.2.5]
	at org.springframework.web.cors.DefaultCorsProcessor.checkOrigin(DefaultCorsProcessor.java:197) ~[spring-web-6.2.5.jar:6.2.5]
	at org.springframework.web.cors.DefaultCorsProcessor.handleInternal(DefaultCorsProcessor.java:134) ~[spring-web-6.2.5.jar:6.2.5]
	at org.springframework.web.cors.DefaultCorsProcessor.processRequest(DefaultCorsProcessor.java:113) ~[spring-web-6.2.5.jar:6.2.5]
	at org.springframework.web.filter.CorsFilter.doFilterInternal(CorsFilter.java:87) ~[spring-web-6.2.5.jar:6.2.5]
	at org.springframework.web.filter.OncePerRequestFilter.doFilter(OncePerRequestFilter.java:116) ~[spring-web-6.2.5.jar:6.2.5]
	at org.springframework.security.web.ObservationFilterChainDecorator$ObservationFilter.wrapFilter(ObservationFilterChainDecorator.java:240) ~[spring-security-web-6.5.0-M3.jar:6.5.0-M3]
	at org.springframework.security.web.ObservationFilterChainDecorator$ObservationFilter.doFilter(ObservationFilterChainDecorator.java:227) ~[spring-security-web-6.5.0-M3.jar:6.5.0-M3]
	at org.springframework.security.web.ObservationFilterChainDecorator$VirtualFilterChain.doFilter(ObservationFilterChainDecorator.java:137) ~[spring-security-web-6.5.0-M3.jar:6.5.0-M3]
	at org.springframework.security.web.header.HeaderWriterFilter.doHeadersAfter(HeaderWriterFilter.java:90) ~[spring-security-web-6.5.0-M3.jar:6.5.0-M3]
	at org.springframework.security.web.header.HeaderWriterFilter.doFilterInternal(HeaderWriterFilter.java:75) ~[spring-security-web-6.5.0-M3.jar:6.5.0-M3]
	at org.springframework.web.filter.OncePerRequestFilter.doFilter(OncePerRequestFilter.java:116) ~[spring-web-6.2.5.jar:6.2.5]
	at org.springframework.security.web.ObservationFilterChainDecorator$ObservationFilter.wrapFilter(ObservationFilterChainDecorator.java:240) ~[spring-security-web-6.5.0-M3.jar:6.5.0-M3]
	at org.springframework.security.web.ObservationFilterChainDecorator$ObservationFilter.doFilter(ObservationFilterChainDecorator.java:227) ~[spring-security-web-6.5.0-M3.jar:6.5.0-M3]
	at org.springframework.security.web.ObservationFilterChainDecorator$VirtualFilterChain.doFilter(ObservationFilterChainDecorator.java:137) ~[spring-security-web-6.5.0-M3.jar:6.5.0-M3]
	at org.springframework.security.web.context.SecurityContextHolderFilter.doFilter(SecurityContextHolderFilter.java:82) ~[spring-security-web-6.5.0-M3.jar:6.5.0-M3]
	at org.springframework.security.web.context.SecurityContextHolderFilter.doFilter(SecurityContextHolderFilter.java:69) ~[spring-security-web-6.5.0-M3.jar:6.5.0-M3]
	at org.springframework.security.web.ObservationFilterChainDecorator$ObservationFilter.wrapFilter(ObservationFilterChainDecorator.java:240) ~[spring-security-web-6.5.0-M3.jar:6.5.0-M3]
	at org.springframework.security.web.ObservationFilterChainDecorator$ObservationFilter.doFilter(ObservationFilterChainDecorator.java:227) ~[spring-security-web-6.5.0-M3.jar:6.5.0-M3]
	at org.springframework.security.web.ObservationFilterChainDecorator$VirtualFilterChain.doFilter(ObservationFilterChainDecorator.java:137) ~[spring-security-web-6.5.0-M3.jar:6.5.0-M3]
	at org.springframework.security.web.context.request.async.WebAsyncManagerIntegrationFilter.doFilterInternal(WebAsyncManagerIntegrationFilter.java:62) ~[spring-security-web-6.5.0-M3.jar:6.5.0-M3]
	at org.springframework.web.filter.OncePerRequestFilter.doFilter(OncePerRequestFilter.java:116) ~[spring-web-6.2.5.jar:6.2.5]
	at org.springframework.security.web.ObservationFilterChainDecorator$ObservationFilter.wrapFilter(ObservationFilterChainDecorator.java:240) ~[spring-security-web-6.5.0-M3.jar:6.5.0-M3]
	at org.springframework.security.web.ObservationFilterChainDecorator$ObservationFilter.doFilter(ObservationFilterChainDecorator.java:227) ~[spring-security-web-6.5.0-M3.jar:6.5.0-M3]
	at org.springframework.security.web.ObservationFilterChainDecorator$VirtualFilterChain.doFilter(ObservationFilterChainDecorator.java:137) ~[spring-security-web-6.5.0-M3.jar:6.5.0-M3]
	at org.springframework.security.web.session.DisableEncodeUrlFilter.doFilterInternal(DisableEncodeUrlFilter.java:42) ~[spring-security-web-6.5.0-M3.jar:6.5.0-M3]
	at org.springframework.web.filter.OncePerRequestFilter.doFilter(OncePerRequestFilter.java:116) ~[spring-web-6.2.5.jar:6.2.5]
	at org.springframework.security.web.ObservationFilterChainDecorator$ObservationFilter.wrapFilter(ObservationFilterChainDecorator.java:240) ~[spring-security-web-6.5.0-M3.jar:6.5.0-M3]
	at org.springframework.security.web.ObservationFilterChainDecorator$AroundFilterObservation$SimpleAroundFilterObservation.lambda$wrap$0(ObservationFilterChainDecorator.java:323) ~[spring-security-web-6.5.0-M3.jar:6.5.0-M3]
	at org.springframework.security.web.ObservationFilterChainDecorator$ObservationFilter.doFilter(ObservationFilterChainDecorator.java:224) ~[spring-security-web-6.5.0-M3.jar:6.5.0-M3]
	at org.springframework.security.web.ObservationFilterChainDecorator$VirtualFilterChain.doFilter(ObservationFilterChainDecorator.java:137) ~[spring-security-web-6.5.0-M3.jar:6.5.0-M3]
	at org.springframework.security.web.FilterChainProxy.lambda$doFilterInternal$4(FilterChainProxy.java:237) ~[spring-security-web-6.5.0-M3.jar:6.5.0-M3]
	at org.springframework.web.filter.ServletRequestPathFilter.doFilter(ServletRequestPathFilter.java:52) ~[spring-web-6.2.5.jar:6.2.5]
	at org.springframework.security.web.FilterChainProxy.doFilterInternal(FilterChainProxy.java:216) ~[spring-security-web-6.5.0-M3.jar:6.5.0-M3]
	at org.springframework.security.web.FilterChainProxy.doFilter(FilterChainProxy.java:194) ~[spring-security-web-6.5.0-M3.jar:6.5.0-M3]
	at org.springframework.web.filter.CompositeFilter$VirtualFilterChain.doFilter(CompositeFilter.java:113) ~[spring-web-6.2.5.jar:6.2.5]
	at org.springframework.web.servlet.handler.HandlerMappingIntrospector.lambda$createCacheFilter$3(HandlerMappingIntrospector.java:243) ~[spring-webmvc-6.2.5.jar:6.2.5]
	at org.springframework.web.filter.CompositeFilter$VirtualFilterChain.doFilter(CompositeFilter.java:113) ~[spring-web-6.2.5.jar:6.2.5]
	at org.springframework.web.filter.CompositeFilter.doFilter(CompositeFilter.java:74) ~[spring-web-6.2.5.jar:6.2.5]
	at org.springframework.security.config.annotation.web.configuration.WebMvcSecurityConfiguration$CompositeFilterChainProxy.doFilter(WebMvcSecurityConfiguration.java:238) ~[spring-security-config-6.5.0-M3.jar:6.5.0-M3]
	at org.springframework.web.filter.DelegatingFilterProxy.invokeDelegate(DelegatingFilterProxy.java:362) ~[spring-web-6.2.5.jar:6.2.5]
	at org.springframework.web.filter.DelegatingFilterProxy.doFilter(DelegatingFilterProxy.java:278) ~[spring-web-6.2.5.jar:6.2.5]
	at org.apache.catalina.core.ApplicationFilterChain.internalDoFilter(ApplicationFilterChain.java:164) ~[tomcat-embed-core-10.1.39.jar:10.1.39]
	at org.apache.catalina.core.ApplicationFilterChain.doFilter(ApplicationFilterChain.java:140) ~[tomcat-embed-core-10.1.39.jar:10.1.39]
	at org.springframework.web.filter.RequestContextFilter.doFilterInternal(RequestContextFilter.java:100) ~[spring-web-6.2.5.jar:6.2.5]
	at org.springframework.web.filter.OncePerRequestFilter.doFilter(OncePerRequestFilter.java:116) ~[spring-web-6.2.5.jar:6.2.5]
	at org.apache.catalina.core.ApplicationFilterChain.internalDoFilter(ApplicationFilterChain.java:164) ~[tomcat-embed-core-10.1.39.jar:10.1.39]
	at org.apache.catalina.core.ApplicationFilterChain.doFilter(ApplicationFilterChain.java:140) ~[tomcat-embed-core-10.1.39.jar:10.1.39]
	at org.springframework.web.filter.FormContentFilter.doFilterInternal(FormContentFilter.java:93) ~[spring-web-6.2.5.jar:6.2.5]
	at org.springframework.web.filter.OncePerRequestFilter.doFilter(OncePerRequestFilter.java:116) ~[spring-web-6.2.5.jar:6.2.5]
	at org.apache.catalina.core.ApplicationFilterChain.internalDoFilter(ApplicationFilterChain.java:164) ~[tomcat-embed-core-10.1.39.jar:10.1.39]
	at org.apache.catalina.core.ApplicationFilterChain.doFilter(ApplicationFilterChain.java:140) ~[tomcat-embed-core-10.1.39.jar:10.1.39]
	at org.springframework.web.filter.ServerHttpObservationFilter.doFilterInternal(ServerHttpObservationFilter.java:114) ~[spring-web-6.2.5.jar:6.2.5]
	at org.springframework.web.filter.OncePerRequestFilter.doFilter(OncePerRequestFilter.java:116) ~[spring-web-6.2.5.jar:6.2.5]
	at org.apache.catalina.core.ApplicationFilterChain.internalDoFilter(ApplicationFilterChain.java:164) ~[tomcat-embed-core-10.1.39.jar:10.1.39]
	at org.apache.catalina.core.ApplicationFilterChain.doFilter(ApplicationFilterChain.java:140) ~[tomcat-embed-core-10.1.39.jar:10.1.39]
	at org.springframework.web.filter.CharacterEncodingFilter.doFilterInternal(CharacterEncodingFilter.java:201) ~[spring-web-6.2.5.jar:6.2.5]
	at org.springframework.web.filter.OncePerRequestFilter.doFilter(OncePerRequestFilter.java:116) ~[spring-web-6.2.5.jar:6.2.5]
	at org.apache.catalina.core.ApplicationFilterChain.internalDoFilter(ApplicationFilterChain.java:164) ~[tomcat-embed-core-10.1.39.jar:10.1.39]
	at org.apache.catalina.core.ApplicationFilterChain.doFilter(ApplicationFilterChain.java:140) ~[tomcat-embed-core-10.1.39.jar:10.1.39]
	at org.apache.catalina.core.StandardWrapperValve.invoke(StandardWrapperValve.java:167) ~[tomcat-embed-core-10.1.39.jar:10.1.39]
	at org.apache.catalina.core.StandardContextValve.invoke(StandardContextValve.java:90) ~[tomcat-embed-core-10.1.39.jar:10.1.39]
	at org.apache.catalina.authenticator.AuthenticatorBase.invoke(AuthenticatorBase.java:483) ~[tomcat-embed-core-10.1.39.jar:10.1.39]
	at org.apache.catalina.core.StandardHostValve.invoke(StandardHostValve.java:115) ~[tomcat-embed-core-10.1.39.jar:10.1.39]
	at org.apache.catalina.valves.ErrorReportValve.invoke(ErrorReportValve.java:93) ~[tomcat-embed-core-10.1.39.jar:10.1.39]
	at org.apache.catalina.core.StandardEngineValve.invoke(StandardEngineValve.java:74) ~[tomcat-embed-core-10.1.39.jar:10.1.39]
	at org.apache.catalina.connector.CoyoteAdapter.service(CoyoteAdapter.java:344) ~[tomcat-embed-core-10.1.39.jar:10.1.39]
	at org.apache.coyote.http11.Http11Processor.service(Http11Processor.java:397) ~[tomcat-embed-core-10.1.39.jar:10.1.39]
	at org.apache.coyote.AbstractProcessorLight.process(AbstractProcessorLight.java:63) ~[tomcat-embed-core-10.1.39.jar:10.1.39]
	at org.apache.coyote.AbstractProtocol$ConnectionHandler.process(AbstractProtocol.java:905) ~[tomcat-embed-core-10.1.39.jar:10.1.39]
	at org.apache.tomcat.util.net.NioEndpoint$SocketProcessor.doRun(NioEndpoint.java:1743) ~[tomcat-embed-core-10.1.39.jar:10.1.39]
	at org.apache.tomcat.util.net.SocketProcessorBase.run(SocketProcessorBase.java:52) ~[tomcat-embed-core-10.1.39.jar:10.1.39]
	at org.apache.tomcat.util.threads.ThreadPoolExecutor.runWorker(ThreadPoolExecutor.java:1190) ~[tomcat-embed-core-10.1.39.jar:10.1.39]
	at org.apache.tomcat.util.threads.ThreadPoolExecutor$Worker.run(ThreadPoolExecutor.java:659) ~[tomcat-embed-core-10.1.39.jar:10.1.39]
	at org.apache.tomcat.util.threads.TaskThread$WrappingRunnable.run(TaskThread.java:63) ~[tomcat-embed-core-10.1.39.jar:10.1.39]
	at java.base/java.lang.Thread.run(Thread.java:842) ~[na:na]

2025-03-25T10:55:50.198+05:30 DEBUG 10925 --- [Address Book] [http-nio-8080-exec-3] o.s.security.web.FilterChainProxy        : Securing OPTIONS /error
2025-03-25T10:55:50.200+05:30 DEBUG 10925 --- [Address Book] [http-nio-8080-exec-3] o.s.s.w.a.AnonymousAuthenticationFilter  : Set SecurityContextHolder to anonymous SecurityContext
2025-03-25T10:55:50.201+05:30 DEBUG 10925 --- [Address Book] [http-nio-8080-exec-3] o.s.s.w.a.Http403ForbiddenEntryPoint     : Pre-authenticated entry point called. Rejecting access
2025-03-25T10:55:50.370+05:30 DEBUG 10925 --- [Address Book] [http-nio-8080-exec-4] o.s.security.web.FilterChainProxy        : Securing OPTIONS /api/addressbook
2025-03-25T10:55:50.373+05:30 ERROR 10925 --- [Address Book] [http-nio-8080-exec-4] o.a.c.c.C.[.[.[/].[dispatcherServlet]    : Servlet.service() for servlet [dispatcherServlet] in context with path [] threw exception

java.lang.IllegalArgumentException: When allowCredentials is true, allowedOrigins cannot contain the special value "*" since that cannot be set on the "Access-Control-Allow-Origin" response header. To allow credentials to a set of origins, list them explicitly or consider using "allowedOriginPatterns" instead.
	at org.springframework.web.cors.CorsConfiguration.validateAllowCredentials(CorsConfiguration.java:568) ~[spring-web-6.2.5.jar:6.2.5]
	at org.springframework.web.cors.CorsConfiguration.checkOrigin(CorsConfiguration.java:695) ~[spring-web-6.2.5.jar:6.2.5]
	at org.springframework.web.cors.DefaultCorsProcessor.checkOrigin(DefaultCorsProcessor.java:197) ~[spring-web-6.2.5.jar:6.2.5]
	at org.springframework.web.cors.DefaultCorsProcessor.handleInternal(DefaultCorsProcessor.java:134) ~[spring-web-6.2.5.jar:6.2.5]
	at org.springframework.web.cors.DefaultCorsProcessor.processRequest(DefaultCorsProcessor.java:113) ~[spring-web-6.2.5.jar:6.2.5]
	at org.springframework.web.filter.CorsFilter.doFilterInternal(CorsFilter.java:87) ~[spring-web-6.2.5.jar:6.2.5]
	at org.springframework.web.filter.OncePerRequestFilter.doFilter(OncePerRequestFilter.java:116) ~[spring-web-6.2.5.jar:6.2.5]
	at org.springframework.security.web.ObservationFilterChainDecorator$ObservationFilter.wrapFilter(ObservationFilterChainDecorator.java:240) ~[spring-security-web-6.5.0-M3.jar:6.5.0-M3]
	at org.springframework.security.web.ObservationFilterChainDecorator$ObservationFilter.doFilter(ObservationFilterChainDecorator.java:227) ~[spring-security-web-6.5.0-M3.jar:6.5.0-M3]
	at org.springframework.security.web.ObservationFilterChainDecorator$VirtualFilterChain.doFilter(ObservationFilterChainDecorator.java:137) ~[spring-security-web-6.5.0-M3.jar:6.5.0-M3]
	at org.springframework.security.web.header.HeaderWriterFilter.doHeadersAfter(HeaderWriterFilter.java:90) ~[spring-security-web-6.5.0-M3.jar:6.5.0-M3]
	at org.springframework.security.web.header.HeaderWriterFilter.doFilterInternal(HeaderWriterFilter.java:75) ~[spring-security-web-6.5.0-M3.jar:6.5.0-M3]
	at org.springframework.web.filter.OncePerRequestFilter.doFilter(OncePerRequestFilter.java:116) ~[spring-web-6.2.5.jar:6.2.5]
	at org.springframework.security.web.ObservationFilterChainDecorator$ObservationFilter.wrapFilter(ObservationFilterChainDecorator.java:240) ~[spring-security-web-6.5.0-M3.jar:6.5.0-M3]
	at org.springframework.security.web.ObservationFilterChainDecorator$ObservationFilter.doFilter(ObservationFilterChainDecorator.java:227) ~[spring-security-web-6.5.0-M3.jar:6.5.0-M3]
	at org.springframework.security.web.ObservationFilterChainDecorator$VirtualFilterChain.doFilter(ObservationFilterChainDecorator.java:137) ~[spring-security-web-6.5.0-M3.jar:6.5.0-M3]
	at org.springframework.security.web.context.SecurityContextHolderFilter.doFilter(SecurityContextHolderFilter.java:82) ~[spring-security-web-6.5.0-M3.jar:6.5.0-M3]
	at org.springframework.security.web.context.SecurityContextHolderFilter.doFilter(SecurityContextHolderFilter.java:69) ~[spring-security-web-6.5.0-M3.jar:6.5.0-M3]
	at org.springframework.security.web.ObservationFilterChainDecorator$ObservationFilter.wrapFilter(ObservationFilterChainDecorator.java:240) ~[spring-security-web-6.5.0-M3.jar:6.5.0-M3]
	at org.springframework.security.web.ObservationFilterChainDecorator$ObservationFilter.doFilter(ObservationFilterChainDecorator.java:227) ~[spring-security-web-6.5.0-M3.jar:6.5.0-M3]
	at org.springframework.security.web.ObservationFilterChainDecorator$VirtualFilterChain.doFilter(ObservationFilterChainDecorator.java:137) ~[spring-security-web-6.5.0-M3.jar:6.5.0-M3]
	at org.springframework.security.web.context.request.async.WebAsyncManagerIntegrationFilter.doFilterInternal(WebAsyncManagerIntegrationFilter.java:62) ~[spring-security-web-6.5.0-M3.jar:6.5.0-M3]
	at org.springframework.web.filter.OncePerRequestFilter.doFilter(OncePerRequestFilter.java:116) ~[spring-web-6.2.5.jar:6.2.5]
	at org.springframework.security.web.ObservationFilterChainDecorator$ObservationFilter.wrapFilter(ObservationFilterChainDecorator.java:240) ~[spring-security-web-6.5.0-M3.jar:6.5.0-M3]
	at org.springframework.security.web.ObservationFilterChainDecorator$ObservationFilter.doFilter(ObservationFilterChainDecorator.java:227) ~[spring-security-web-6.5.0-M3.jar:6.5.0-M3]
	at org.springframework.security.web.ObservationFilterChainDecorator$VirtualFilterChain.doFilter(ObservationFilterChainDecorator.java:137) ~[spring-security-web-6.5.0-M3.jar:6.5.0-M3]
	at org.springframework.security.web.session.DisableEncodeUrlFilter.doFilterInternal(DisableEncodeUrlFilter.java:42) ~[spring-security-web-6.5.0-M3.jar:6.5.0-M3]
	at org.springframework.web.filter.OncePerRequestFilter.doFilter(OncePerRequestFilter.java:116) ~[spring-web-6.2.5.jar:6.2.5]
	at org.springframework.security.web.ObservationFilterChainDecorator$ObservationFilter.wrapFilter(ObservationFilterChainDecorator.java:240) ~[spring-security-web-6.5.0-M3.jar:6.5.0-M3]
	at org.springframework.security.web.ObservationFilterChainDecorator$AroundFilterObservation$SimpleAroundFilterObservation.lambda$wrap$0(ObservationFilterChainDecorator.java:323) ~[spring-security-web-6.5.0-M3.jar:6.5.0-M3]
	at org.springframework.security.web.ObservationFilterChainDecorator$ObservationFilter.doFilter(ObservationFilterChainDecorator.java:224) ~[spring-security-web-6.5.0-M3.jar:6.5.0-M3]
	at org.springframework.security.web.ObservationFilterChainDecorator$VirtualFilterChain.doFilter(ObservationFilterChainDecorator.java:137) ~[spring-security-web-6.5.0-M3.jar:6.5.0-M3]
	at org.springframework.security.web.FilterChainProxy.lambda$doFilterInternal$4(FilterChainProxy.java:237) ~[spring-security-web-6.5.0-M3.jar:6.5.0-M3]
	at org.springframework.web.filter.ServletRequestPathFilter.doFilter(ServletRequestPathFilter.java:52) ~[spring-web-6.2.5.jar:6.2.5]
	at org.springframework.security.web.FilterChainProxy.doFilterInternal(FilterChainProxy.java:216) ~[spring-security-web-6.5.0-M3.jar:6.5.0-M3]
	at org.springframework.security.web.FilterChainProxy.doFilter(FilterChainProxy.java:194) ~[spring-security-web-6.5.0-M3.jar:6.5.0-M3]
	at org.springframework.web.filter.CompositeFilter$VirtualFilterChain.doFilter(CompositeFilter.java:113) ~[spring-web-6.2.5.jar:6.2.5]
	at org.springframework.web.servlet.handler.HandlerMappingIntrospector.lambda$createCacheFilter$3(HandlerMappingIntrospector.java:243) ~[spring-webmvc-6.2.5.jar:6.2.5]
	at org.springframework.web.filter.CompositeFilter$VirtualFilterChain.doFilter(CompositeFilter.java:113) ~[spring-web-6.2.5.jar:6.2.5]
	at org.springframework.web.filter.CompositeFilter.doFilter(CompositeFilter.java:74) ~[spring-web-6.2.5.jar:6.2.5]
	at org.springframework.security.config.annotation.web.configuration.WebMvcSecurityConfiguration$CompositeFilterChainProxy.doFilter(WebMvcSecurityConfiguration.java:238) ~[spring-security-config-6.5.0-M3.jar:6.5.0-M3]
	at org.springframework.web.filter.DelegatingFilterProxy.invokeDelegate(DelegatingFilterProxy.java:362) ~[spring-web-6.2.5.jar:6.2.5]
	at org.springframework.web.filter.DelegatingFilterProxy.doFilter(DelegatingFilterProxy.java:278) ~[spring-web-6.2.5.jar:6.2.5]
	at org.apache.catalina.core.ApplicationFilterChain.internalDoFilter(ApplicationFilterChain.java:164) ~[tomcat-embed-core-10.1.39.jar:10.1.39]
	at org.apache.catalina.core.ApplicationFilterChain.doFilter(ApplicationFilterChain.java:140) ~[tomcat-embed-core-10.1.39.jar:10.1.39]
	at org.springframework.web.filter.RequestContextFilter.doFilterInternal(RequestContextFilter.java:100) ~[spring-web-6.2.5.jar:6.2.5]
	at org.springframework.web.filter.OncePerRequestFilter.doFilter(OncePerRequestFilter.java:116) ~[spring-web-6.2.5.jar:6.2.5]
	at org.apache.catalina.core.ApplicationFilterChain.internalDoFilter(ApplicationFilterChain.java:164) ~[tomcat-embed-core-10.1.39.jar:10.1.39]
	at org.apache.catalina.core.ApplicationFilterChain.doFilter(ApplicationFilterChain.java:140) ~[tomcat-embed-core-10.1.39.jar:10.1.39]
	at org.springframework.web.filter.FormContentFilter.doFilterInternal(FormContentFilter.java:93) ~[spring-web-6.2.5.jar:6.2.5]
	at org.springframework.web.filter.OncePerRequestFilter.doFilter(OncePerRequestFilter.java:116) ~[spring-web-6.2.5.jar:6.2.5]
	at org.apache.catalina.core.ApplicationFilterChain.internalDoFilter(ApplicationFilterChain.java:164) ~[tomcat-embed-core-10.1.39.jar:10.1.39]
	at org.apache.catalina.core.ApplicationFilterChain.doFilter(ApplicationFilterChain.java:140) ~[tomcat-embed-core-10.1.39.jar:10.1.39]
	at org.springframework.web.filter.ServerHttpObservationFilter.doFilterInternal(ServerHttpObservationFilter.java:114) ~[spring-web-6.2.5.jar:6.2.5]
	at org.springframework.web.filter.OncePerRequestFilter.doFilter(OncePerRequestFilter.java:116) ~[spring-web-6.2.5.jar:6.2.5]
	at org.apache.catalina.core.ApplicationFilterChain.internalDoFilter(ApplicationFilterChain.java:164) ~[tomcat-embed-core-10.1.39.jar:10.1.39]
	at org.apache.catalina.core.ApplicationFilterChain.doFilter(ApplicationFilterChain.java:140) ~[tomcat-embed-core-10.1.39.jar:10.1.39]
	at org.springframework.web.filter.CharacterEncodingFilter.doFilterInternal(CharacterEncodingFilter.java:201) ~[spring-web-6.2.5.jar:6.2.5]
	at org.springframework.web.filter.OncePerRequestFilter.doFilter(OncePerRequestFilter.java:116) ~[spring-web-6.2.5.jar:6.2.5]
	at org.apache.catalina.core.ApplicationFilterChain.internalDoFilter(ApplicationFilterChain.java:164) ~[tomcat-embed-core-10.1.39.jar:10.1.39]
	at org.apache.catalina.core.ApplicationFilterChain.doFilter(ApplicationFilterChain.java:140) ~[tomcat-embed-core-10.1.39.jar:10.1.39]
	at org.apache.catalina.core.StandardWrapperValve.invoke(StandardWrapperValve.java:167) ~[tomcat-embed-core-10.1.39.jar:10.1.39]
	at org.apache.catalina.core.StandardContextValve.invoke(StandardContextValve.java:90) ~[tomcat-embed-core-10.1.39.jar:10.1.39]
	at org.apache.catalina.authenticator.AuthenticatorBase.invoke(AuthenticatorBase.java:483) ~[tomcat-embed-core-10.1.39.jar:10.1.39]
	at org.apache.catalina.core.StandardHostValve.invoke(StandardHostValve.java:115) ~[tomcat-embed-core-10.1.39.jar:10.1.39]
	at org.apache.catalina.valves.ErrorReportValve.invoke(ErrorReportValve.java:93) ~[tomcat-embed-core-10.1.39.jar:10.1.39]
	at org.apache.catalina.core.StandardEngineValve.invoke(StandardEngineValve.java:74) ~[tomcat-embed-core-10.1.39.jar:10.1.39]
	at org.apache.catalina.connector.CoyoteAdapter.service(CoyoteAdapter.java:344) ~[tomcat-embed-core-10.1.39.jar:10.1.39]
	at org.apache.coyote.http11.Http11Processor.service(Http11Processor.java:397) ~[tomcat-embed-core-10.1.39.jar:10.1.39]
	at org.apache.coyote.AbstractProcessorLight.process(AbstractProcessorLight.java:63) ~[tomcat-embed-core-10.1.39.jar:10.1.39]
	at org.apache.coyote.AbstractProtocol$ConnectionHandler.process(AbstractProtocol.java:905) ~[tomcat-embed-core-10.1.39.jar:10.1.39]
	at org.apache.tomcat.util.net.NioEndpoint$SocketProcessor.doRun(NioEndpoint.java:1743) ~[tomcat-embed-core-10.1.39.jar:10.1.39]
	at org.apache.tomcat.util.net.SocketProcessorBase.run(SocketProcessorBase.java:52) ~[tomcat-embed-core-10.1.39.jar:10.1.39]
	at org.apache.tomcat.util.threads.ThreadPoolExecutor.runWorker(ThreadPoolExecutor.java:1190) ~[tomcat-embed-core-10.1.39.jar:10.1.39]
	at org.apache.tomcat.util.threads.ThreadPoolExecutor$Worker.run(ThreadPoolExecutor.java:659) ~[tomcat-embed-core-10.1.39.jar:10.1.39]
	at org.apache.tomcat.util.threads.TaskThread$WrappingRunnable.run(TaskThread.java:63) ~[tomcat-embed-core-10.1.39.jar:10.1.39]
	at java.base/java.lang.Thread.run(Thread.java:842) ~[na:na]

2025-03-25T10:55:50.375+05:30 DEBUG 10925 --- [Address Book] [http-nio-8080-exec-4] o.s.security.web.FilterChainProxy        : Securing OPTIONS /error
2025-03-25T10:55:50.378+05:30 DEBUG 10925 --- [Address Book] [http-nio-8080-exec-4] o.s.s.w.a.AnonymousAuthenticationFilter  : Set SecurityContextHolder to anonymous SecurityContext
2025-03-25T10:55:50.380+05:30 DEBUG 10925 --- [Address Book] [http-nio-8080-exec-4] o.s.s.w.a.Http403ForbiddenEntryPoint     : Pre-authenticated entry point called. Rejecting access
2025-03-25T10:55:56.870+05:30  INFO 10925 --- [Address Book] [SpringApplicationShutdownHook] o.s.b.w.e.tomcat.GracefulShutdown        : Commencing graceful shutdown. Waiting for active requests to complete
2025-03-25T10:55:56.879+05:30  INFO 10925 --- [Address Book] [tomcat-shutdown] o.s.b.w.e.tomcat.GracefulShutdown        : Graceful shutdown complete
2025-03-25T10:55:56.884+05:30  INFO 10925 --- [Address Book] [SpringApplicationShutdownHook] j.LocalContainerEntityManagerFactoryBean : Closing JPA EntityManagerFactory for persistence unit 'default'
2025-03-25T10:55:56.894+05:30  INFO 10925 --- [Address Book] [SpringApplicationShutdownHook] com.zaxxer.hikari.HikariDataSource       : HikariPool-1 - Shutdown initiated...
2025-03-25T10:55:56.902+05:30  INFO 10925 --- [Address Book] [SpringApplicationShutdownHook] com.zaxxer.hikari.HikariDataSource       : HikariPool-1 - Shutdown completed.
2025-03-25T10:55:58.214+05:30  INFO 11022 --- [Address Book] [restartedMain] c.e.addressbook.AddressBookApplication   : Starting AddressBookApplication using Java 17.0.9 with PID 11022 (/Users/samikshathakur/Documents/Capgemini/BL_SpringAddressBookApp/target/classes started by samikshathakur in /Users/samikshathakur/Documents/Capgemini/BL_SpringAddressBookApp)
2025-03-25T10:55:58.216+05:30 DEBUG 11022 --- [Address Book] [restartedMain] c.e.addressbook.AddressBookApplication   : Running with Spring Boot v3.5.0-SNAPSHOT, Spring v6.2.5
2025-03-25T10:55:58.217+05:30  INFO 11022 --- [Address Book] [restartedMain] c.e.addressbook.AddressBookApplication   : No active profile set, falling back to 1 default profile: "default"
2025-03-25T10:55:58.261+05:30  INFO 11022 --- [Address Book] [restartedMain] .e.DevToolsPropertyDefaultsPostProcessor : Devtools property defaults active! Set 'spring.devtools.add-properties' to 'false' to disable
2025-03-25T10:55:58.261+05:30  INFO 11022 --- [Address Book] [restartedMain] .e.DevToolsPropertyDefaultsPostProcessor : For additional web related logging consider setting the 'logging.level.web' property to 'DEBUG'
2025-03-25T10:55:58.586+05:30  INFO 11022 --- [Address Book] [restartedMain] .s.d.r.c.RepositoryConfigurationDelegate : Bootstrapping Spring Data JPA repositories in DEFAULT mode.
2025-03-25T10:55:58.613+05:30  INFO 11022 --- [Address Book] [restartedMain] .s.d.r.c.RepositoryConfigurationDelegate : Finished Spring Data repository scanning in 22 ms. Found 2 JPA repository interfaces.
2025-03-25T10:55:59.130+05:30  INFO 11022 --- [Address Book] [restartedMain] o.s.b.w.embedded.tomcat.TomcatWebServer  : Tomcat initialized with port 8080 (http)
2025-03-25T10:55:59.136+05:30  INFO 11022 --- [Address Book] [restartedMain] o.apache.catalina.core.StandardService   : Starting service [Tomcat]
2025-03-25T10:55:59.136+05:30  INFO 11022 --- [Address Book] [restartedMain] o.apache.catalina.core.StandardEngine    : Starting Servlet engine: [Apache Tomcat/10.1.39]
2025-03-25T10:55:59.154+05:30  INFO 11022 --- [Address Book] [restartedMain] o.a.c.c.C.[Tomcat].[localhost].[/]       : Initializing Spring embedded WebApplicationContext
2025-03-25T10:55:59.154+05:30  INFO 11022 --- [Address Book] [restartedMain] w.s.c.ServletWebServerApplicationContext : Root WebApplicationContext: initialization completed in 893 ms
2025-03-25T10:55:59.306+05:30  INFO 11022 --- [Address Book] [restartedMain] o.hibernate.jpa.internal.util.LogHelper  : HHH000204: Processing PersistenceUnitInfo [name: default]
2025-03-25T10:55:59.339+05:30  INFO 11022 --- [Address Book] [restartedMain] org.hibernate.Version                    : HHH000412: Hibernate ORM core version 6.6.11.Final
2025-03-25T10:55:59.355+05:30  INFO 11022 --- [Address Book] [restartedMain] o.h.c.internal.RegionFactoryInitiator    : HHH000026: Second-level cache disabled
2025-03-25T10:55:59.484+05:30  INFO 11022 --- [Address Book] [restartedMain] o.s.o.j.p.SpringPersistenceUnitInfo      : No LoadTimeWeaver setup: ignoring JPA class transformer
2025-03-25T10:55:59.497+05:30  INFO 11022 --- [Address Book] [restartedMain] com.zaxxer.hikari.HikariDataSource       : HikariPool-1 - Starting...
2025-03-25T10:55:59.653+05:30  INFO 11022 --- [Address Book] [restartedMain] com.zaxxer.hikari.pool.HikariPool        : HikariPool-1 - Added connection com.mysql.cj.jdbc.ConnectionImpl@10c237ef
2025-03-25T10:55:59.654+05:30  INFO 11022 --- [Address Book] [restartedMain] com.zaxxer.hikari.HikariDataSource       : HikariPool-1 - Start completed.
2025-03-25T10:55:59.679+05:30  WARN 11022 --- [Address Book] [restartedMain] org.hibernate.orm.deprecation            : HHH90000025: MySQL8Dialect does not need to be specified explicitly using 'hibernate.dialect' (remove the property setting and it will be selected by default)
2025-03-25T10:55:59.679+05:30  WARN 11022 --- [Address Book] [restartedMain] org.hibernate.orm.deprecation            : HHH90000026: MySQL8Dialect has been deprecated; use org.hibernate.dialect.MySQLDialect instead
2025-03-25T10:55:59.689+05:30  INFO 11022 --- [Address Book] [restartedMain] org.hibernate.orm.connections.pooling    : HHH10001005: Database info:
	Database JDBC URL [Connecting through datasource 'HikariDataSource (HikariPool-1)']
	Database driver: undefined/unknown
	Database version: 8.0
	Autocommit mode: undefined/unknown
	Isolation level: undefined/unknown
	Minimum pool size: undefined/unknown
	Maximum pool size: undefined/unknown
2025-03-25T10:56:00.091+05:30  INFO 11022 --- [Address Book] [restartedMain] o.h.e.t.j.p.i.JtaPlatformInitiator       : HHH000489: No JTA platform available (set 'hibernate.transaction.jta.platform' to enable JTA platform integration)
2025-03-25T10:56:00.135+05:30  INFO 11022 --- [Address Book] [restartedMain] j.LocalContainerEntityManagerFactoryBean : Initialized JPA EntityManagerFactory for persistence unit 'default'
2025-03-25T10:56:00.305+05:30 DEBUG 11022 --- [Address Book] [restartedMain] c.e.a.security.JwtAuthenticationFilter   : Filter 'jwtAuthenticationFilter' configured for use
2025-03-25T10:56:00.331+05:30  WARN 11022 --- [Address Book] [restartedMain] r$InitializeUserDetailsManagerConfigurer : Found 2 UserDetailsService beans, with names [customUserDetailsService, userDetailsService]. Global Authentication Manager will not use a UserDetailsService for username/password login. Consider publishing a single UserDetailsService bean.
2025-03-25T10:56:00.332+05:30 DEBUG 11022 --- [Address Book] [restartedMain] swordEncoderAuthenticationManagerBuilder : No authenticationProviders and no parentAuthenticationManager defined. Returning null.
2025-03-25T10:56:00.364+05:30  WARN 11022 --- [Address Book] [restartedMain] JpaBaseConfiguration$JpaWebConfiguration : spring.jpa.open-in-view is enabled by default. Therefore, database queries may be performed during view rendering. Explicitly configure spring.jpa.open-in-view to disable this warning
2025-03-25T10:56:00.593+05:30  INFO 11022 --- [Address Book] [restartedMain] o.s.b.a.e.web.EndpointLinksResolver      : Exposing 1 endpoint beneath base path '/actuator'
2025-03-25T10:56:00.625+05:30 DEBUG 11022 --- [Address Book] [restartedMain] o.s.s.web.DefaultSecurityFilterChain     : Will secure any request with filters: DisableEncodeUrlFilter, WebAsyncManagerIntegrationFilter, SecurityContextHolderFilter, HeaderWriterFilter, CorsFilter, LogoutFilter, JwtAuthenticationFilter, RequestCacheAwareFilter, SecurityContextHolderAwareRequestFilter, AnonymousAuthenticationFilter, SessionManagementFilter, ExceptionTranslationFilter, AuthorizationFilter
2025-03-25T10:56:00.807+05:30  INFO 11022 --- [Address Book] [restartedMain] o.s.b.d.a.OptionalLiveReloadServer       : LiveReload server is running on port 35729
2025-03-25T10:56:00.845+05:30  INFO 11022 --- [Address Book] [restartedMain] o.s.b.w.embedded.tomcat.TomcatWebServer  : Tomcat started on port 8080 (http) with context path '/'
2025-03-25T10:56:00.859+05:30  INFO 11022 --- [Address Book] [restartedMain] c.e.addressbook.AddressBookApplication   : Started AddressBookApplication in 2.978 seconds (process running for 3.208)
2025-03-25T10:58:20.910+05:30  INFO 11022 --- [Address Book] [SpringApplicationShutdownHook] o.s.b.w.e.tomcat.GracefulShutdown        : Commencing graceful shutdown. Waiting for active requests to complete
2025-03-25T10:58:20.921+05:30  INFO 11022 --- [Address Book] [tomcat-shutdown] o.s.b.w.e.tomcat.GracefulShutdown        : Graceful shutdown complete
2025-03-25T10:58:20.929+05:30  INFO 11022 --- [Address Book] [SpringApplicationShutdownHook] j.LocalContainerEntityManagerFactoryBean : Closing JPA EntityManagerFactory for persistence unit 'default'
2025-03-25T10:58:20.933+05:30  INFO 11022 --- [Address Book] [SpringApplicationShutdownHook] com.zaxxer.hikari.HikariDataSource       : HikariPool-1 - Shutdown initiated...
2025-03-25T10:58:20.947+05:30  INFO 11022 --- [Address Book] [SpringApplicationShutdownHook] com.zaxxer.hikari.HikariDataSource       : HikariPool-1 - Shutdown completed.
2025-03-25T10:58:24.714+05:30  INFO 11476 --- [Address Book] [restartedMain] c.e.addressbook.AddressBookApplication   : Starting AddressBookApplication using Java 17.0.9 with PID 11476 (/Users/samikshathakur/Documents/Capgemini/BL_SpringAddressBookApp/target/classes started by samikshathakur in /Users/samikshathakur/Documents/Capgemini/BL_SpringAddressBookApp)
2025-03-25T10:58:24.717+05:30 DEBUG 11476 --- [Address Book] [restartedMain] c.e.addressbook.AddressBookApplication   : Running with Spring Boot v3.5.0-SNAPSHOT, Spring v6.2.5
2025-03-25T10:58:24.717+05:30  INFO 11476 --- [Address Book] [restartedMain] c.e.addressbook.AddressBookApplication   : No active profile set, falling back to 1 default profile: "default"
2025-03-25T10:58:24.766+05:30  INFO 11476 --- [Address Book] [restartedMain] .e.DevToolsPropertyDefaultsPostProcessor : Devtools property defaults active! Set 'spring.devtools.add-properties' to 'false' to disable
2025-03-25T10:58:24.766+05:30  INFO 11476 --- [Address Book] [restartedMain] .e.DevToolsPropertyDefaultsPostProcessor : For additional web related logging consider setting the 'logging.level.web' property to 'DEBUG'
2025-03-25T10:58:25.104+05:30  INFO 11476 --- [Address Book] [restartedMain] .s.d.r.c.RepositoryConfigurationDelegate : Bootstrapping Spring Data JPA repositories in DEFAULT mode.
2025-03-25T10:58:25.134+05:30  INFO 11476 --- [Address Book] [restartedMain] .s.d.r.c.RepositoryConfigurationDelegate : Finished Spring Data repository scanning in 21 ms. Found 2 JPA repository interfaces.
2025-03-25T10:58:25.690+05:30  INFO 11476 --- [Address Book] [restartedMain] o.s.b.w.embedded.tomcat.TomcatWebServer  : Tomcat initialized with port 8080 (http)
2025-03-25T10:58:25.697+05:30  INFO 11476 --- [Address Book] [restartedMain] o.apache.catalina.core.StandardService   : Starting service [Tomcat]
2025-03-25T10:58:25.697+05:30  INFO 11476 --- [Address Book] [restartedMain] o.apache.catalina.core.StandardEngine    : Starting Servlet engine: [Apache Tomcat/10.1.39]
2025-03-25T10:58:25.715+05:30  INFO 11476 --- [Address Book] [restartedMain] o.a.c.c.C.[Tomcat].[localhost].[/]       : Initializing Spring embedded WebApplicationContext
2025-03-25T10:58:25.715+05:30  INFO 11476 --- [Address Book] [restartedMain] w.s.c.ServletWebServerApplicationContext : Root WebApplicationContext: initialization completed in 944 ms
2025-03-25T10:58:25.873+05:30  INFO 11476 --- [Address Book] [restartedMain] o.hibernate.jpa.internal.util.LogHelper  : HHH000204: Processing PersistenceUnitInfo [name: default]
2025-03-25T10:58:25.909+05:30  INFO 11476 --- [Address Book] [restartedMain] org.hibernate.Version                    : HHH000412: Hibernate ORM core version 6.6.11.Final
2025-03-25T10:58:25.925+05:30  INFO 11476 --- [Address Book] [restartedMain] o.h.c.internal.RegionFactoryInitiator    : HHH000026: Second-level cache disabled
2025-03-25T10:58:26.048+05:30  INFO 11476 --- [Address Book] [restartedMain] o.s.o.j.p.SpringPersistenceUnitInfo      : No LoadTimeWeaver setup: ignoring JPA class transformer
2025-03-25T10:58:26.062+05:30  INFO 11476 --- [Address Book] [restartedMain] com.zaxxer.hikari.HikariDataSource       : HikariPool-1 - Starting...
2025-03-25T10:58:26.221+05:30  INFO 11476 --- [Address Book] [restartedMain] com.zaxxer.hikari.pool.HikariPool        : HikariPool-1 - Added connection com.mysql.cj.jdbc.ConnectionImpl@42e6c7ab
2025-03-25T10:58:26.222+05:30  INFO 11476 --- [Address Book] [restartedMain] com.zaxxer.hikari.HikariDataSource       : HikariPool-1 - Start completed.
2025-03-25T10:58:26.248+05:30  WARN 11476 --- [Address Book] [restartedMain] org.hibernate.orm.deprecation            : HHH90000025: MySQL8Dialect does not need to be specified explicitly using 'hibernate.dialect' (remove the property setting and it will be selected by default)
2025-03-25T10:58:26.248+05:30  WARN 11476 --- [Address Book] [restartedMain] org.hibernate.orm.deprecation            : HHH90000026: MySQL8Dialect has been deprecated; use org.hibernate.dialect.MySQLDialect instead
2025-03-25T10:58:26.257+05:30  INFO 11476 --- [Address Book] [restartedMain] org.hibernate.orm.connections.pooling    : HHH10001005: Database info:
	Database JDBC URL [Connecting through datasource 'HikariDataSource (HikariPool-1)']
	Database driver: undefined/unknown
	Database version: 8.0
	Autocommit mode: undefined/unknown
	Isolation level: undefined/unknown
	Minimum pool size: undefined/unknown
	Maximum pool size: undefined/unknown
2025-03-25T10:58:26.659+05:30  INFO 11476 --- [Address Book] [restartedMain] o.h.e.t.j.p.i.JtaPlatformInitiator       : HHH000489: No JTA platform available (set 'hibernate.transaction.jta.platform' to enable JTA platform integration)
2025-03-25T10:58:26.713+05:30  INFO 11476 --- [Address Book] [restartedMain] j.LocalContainerEntityManagerFactoryBean : Initialized JPA EntityManagerFactory for persistence unit 'default'
2025-03-25T10:58:26.889+05:30 DEBUG 11476 --- [Address Book] [restartedMain] c.e.a.security.JwtAuthenticationFilter   : Filter 'jwtAuthenticationFilter' configured for use
2025-03-25T10:58:26.914+05:30  WARN 11476 --- [Address Book] [restartedMain] r$InitializeUserDetailsManagerConfigurer : Found 2 UserDetailsService beans, with names [customUserDetailsService, userDetailsService]. Global Authentication Manager will not use a UserDetailsService for username/password login. Consider publishing a single UserDetailsService bean.
2025-03-25T10:58:26.915+05:30 DEBUG 11476 --- [Address Book] [restartedMain] swordEncoderAuthenticationManagerBuilder : No authenticationProviders and no parentAuthenticationManager defined. Returning null.
2025-03-25T10:58:26.948+05:30  WARN 11476 --- [Address Book] [restartedMain] JpaBaseConfiguration$JpaWebConfiguration : spring.jpa.open-in-view is enabled by default. Therefore, database queries may be performed during view rendering. Explicitly configure spring.jpa.open-in-view to disable this warning
2025-03-25T10:58:27.169+05:30  INFO 11476 --- [Address Book] [restartedMain] o.s.b.a.e.web.EndpointLinksResolver      : Exposing 1 endpoint beneath base path '/actuator'
2025-03-25T10:58:27.200+05:30 DEBUG 11476 --- [Address Book] [restartedMain] o.s.s.web.DefaultSecurityFilterChain     : Will secure any request with filters: DisableEncodeUrlFilter, WebAsyncManagerIntegrationFilter, SecurityContextHolderFilter, HeaderWriterFilter, CorsFilter, LogoutFilter, JwtAuthenticationFilter, RequestCacheAwareFilter, SecurityContextHolderAwareRequestFilter, AnonymousAuthenticationFilter, SessionManagementFilter, ExceptionTranslationFilter, AuthorizationFilter
2025-03-25T10:58:27.374+05:30  INFO 11476 --- [Address Book] [restartedMain] o.s.b.d.a.OptionalLiveReloadServer       : LiveReload server is running on port 35729
2025-03-25T10:58:27.414+05:30  INFO 11476 --- [Address Book] [restartedMain] o.s.b.w.embedded.tomcat.TomcatWebServer  : Tomcat started on port 8080 (http) with context path '/'
2025-03-25T10:58:27.428+05:30  INFO 11476 --- [Address Book] [restartedMain] c.e.addressbook.AddressBookApplication   : Started AddressBookApplication in 2.987 seconds (process running for 3.248)
2025-03-25T10:58:40.617+05:30  INFO 11476 --- [Address Book] [http-nio-8080-exec-1] o.a.c.c.C.[Tomcat].[localhost].[/]       : Initializing Spring DispatcherServlet 'dispatcherServlet'
2025-03-25T10:58:40.619+05:30  INFO 11476 --- [Address Book] [http-nio-8080-exec-1] o.s.web.servlet.DispatcherServlet        : Initializing Servlet 'dispatcherServlet'
2025-03-25T10:58:40.629+05:30  INFO 11476 --- [Address Book] [http-nio-8080-exec-1] o.s.web.servlet.DispatcherServlet        : Completed initialization in 9 ms
2025-03-25T10:58:40.648+05:30 DEBUG 11476 --- [Address Book] [http-nio-8080-exec-1] o.s.security.web.FilterChainProxy        : Securing GET /api/addressbook
2025-03-25T10:58:40.662+05:30 ERROR 11476 --- [Address Book] [http-nio-8080-exec-1] o.a.c.c.C.[.[.[/].[dispatcherServlet]    : Servlet.service() for servlet [dispatcherServlet] in context with path [] threw exception

java.lang.IllegalArgumentException: When allowCredentials is true, allowedOrigins cannot contain the special value "*" since that cannot be set on the "Access-Control-Allow-Origin" response header. To allow credentials to a set of origins, list them explicitly or consider using "allowedOriginPatterns" instead.
	at org.springframework.web.cors.CorsConfiguration.validateAllowCredentials(CorsConfiguration.java:568) ~[spring-web-6.2.5.jar:6.2.5]
	at org.springframework.web.cors.CorsConfiguration.checkOrigin(CorsConfiguration.java:695) ~[spring-web-6.2.5.jar:6.2.5]
	at org.springframework.web.cors.DefaultCorsProcessor.checkOrigin(DefaultCorsProcessor.java:197) ~[spring-web-6.2.5.jar:6.2.5]
	at org.springframework.web.cors.DefaultCorsProcessor.handleInternal(DefaultCorsProcessor.java:134) ~[spring-web-6.2.5.jar:6.2.5]
	at org.springframework.web.cors.DefaultCorsProcessor.processRequest(DefaultCorsProcessor.java:113) ~[spring-web-6.2.5.jar:6.2.5]
	at org.springframework.web.filter.CorsFilter.doFilterInternal(CorsFilter.java:87) ~[spring-web-6.2.5.jar:6.2.5]
	at org.springframework.web.filter.OncePerRequestFilter.doFilter(OncePerRequestFilter.java:116) ~[spring-web-6.2.5.jar:6.2.5]
	at org.springframework.security.web.ObservationFilterChainDecorator$ObservationFilter.wrapFilter(ObservationFilterChainDecorator.java:240) ~[spring-security-web-6.5.0-M3.jar:6.5.0-M3]
	at org.springframework.security.web.ObservationFilterChainDecorator$ObservationFilter.doFilter(ObservationFilterChainDecorator.java:227) ~[spring-security-web-6.5.0-M3.jar:6.5.0-M3]
	at org.springframework.security.web.ObservationFilterChainDecorator$VirtualFilterChain.doFilter(ObservationFilterChainDecorator.java:137) ~[spring-security-web-6.5.0-M3.jar:6.5.0-M3]
	at org.springframework.security.web.header.HeaderWriterFilter.doHeadersAfter(HeaderWriterFilter.java:90) ~[spring-security-web-6.5.0-M3.jar:6.5.0-M3]
	at org.springframework.security.web.header.HeaderWriterFilter.doFilterInternal(HeaderWriterFilter.java:75) ~[spring-security-web-6.5.0-M3.jar:6.5.0-M3]
	at org.springframework.web.filter.OncePerRequestFilter.doFilter(OncePerRequestFilter.java:116) ~[spring-web-6.2.5.jar:6.2.5]
	at org.springframework.security.web.ObservationFilterChainDecorator$ObservationFilter.wrapFilter(ObservationFilterChainDecorator.java:240) ~[spring-security-web-6.5.0-M3.jar:6.5.0-M3]
	at org.springframework.security.web.ObservationFilterChainDecorator$ObservationFilter.doFilter(ObservationFilterChainDecorator.java:227) ~[spring-security-web-6.5.0-M3.jar:6.5.0-M3]
	at org.springframework.security.web.ObservationFilterChainDecorator$VirtualFilterChain.doFilter(ObservationFilterChainDecorator.java:137) ~[spring-security-web-6.5.0-M3.jar:6.5.0-M3]
	at org.springframework.security.web.context.SecurityContextHolderFilter.doFilter(SecurityContextHolderFilter.java:82) ~[spring-security-web-6.5.0-M3.jar:6.5.0-M3]
	at org.springframework.security.web.context.SecurityContextHolderFilter.doFilter(SecurityContextHolderFilter.java:69) ~[spring-security-web-6.5.0-M3.jar:6.5.0-M3]
	at org.springframework.security.web.ObservationFilterChainDecorator$ObservationFilter.wrapFilter(ObservationFilterChainDecorator.java:240) ~[spring-security-web-6.5.0-M3.jar:6.5.0-M3]
	at org.springframework.security.web.ObservationFilterChainDecorator$ObservationFilter.doFilter(ObservationFilterChainDecorator.java:227) ~[spring-security-web-6.5.0-M3.jar:6.5.0-M3]
	at org.springframework.security.web.ObservationFilterChainDecorator$VirtualFilterChain.doFilter(ObservationFilterChainDecorator.java:137) ~[spring-security-web-6.5.0-M3.jar:6.5.0-M3]
	at org.springframework.security.web.context.request.async.WebAsyncManagerIntegrationFilter.doFilterInternal(WebAsyncManagerIntegrationFilter.java:62) ~[spring-security-web-6.5.0-M3.jar:6.5.0-M3]
	at org.springframework.web.filter.OncePerRequestFilter.doFilter(OncePerRequestFilter.java:116) ~[spring-web-6.2.5.jar:6.2.5]
	at org.springframework.security.web.ObservationFilterChainDecorator$ObservationFilter.wrapFilter(ObservationFilterChainDecorator.java:240) ~[spring-security-web-6.5.0-M3.jar:6.5.0-M3]
	at org.springframework.security.web.ObservationFilterChainDecorator$ObservationFilter.doFilter(ObservationFilterChainDecorator.java:227) ~[spring-security-web-6.5.0-M3.jar:6.5.0-M3]
	at org.springframework.security.web.ObservationFilterChainDecorator$VirtualFilterChain.doFilter(ObservationFilterChainDecorator.java:137) ~[spring-security-web-6.5.0-M3.jar:6.5.0-M3]
	at org.springframework.security.web.session.DisableEncodeUrlFilter.doFilterInternal(DisableEncodeUrlFilter.java:42) ~[spring-security-web-6.5.0-M3.jar:6.5.0-M3]
	at org.springframework.web.filter.OncePerRequestFilter.doFilter(OncePerRequestFilter.java:116) ~[spring-web-6.2.5.jar:6.2.5]
	at org.springframework.security.web.ObservationFilterChainDecorator$ObservationFilter.wrapFilter(ObservationFilterChainDecorator.java:240) ~[spring-security-web-6.5.0-M3.jar:6.5.0-M3]
	at org.springframework.security.web.ObservationFilterChainDecorator$AroundFilterObservation$SimpleAroundFilterObservation.lambda$wrap$0(ObservationFilterChainDecorator.java:323) ~[spring-security-web-6.5.0-M3.jar:6.5.0-M3]
	at org.springframework.security.web.ObservationFilterChainDecorator$ObservationFilter.doFilter(ObservationFilterChainDecorator.java:224) ~[spring-security-web-6.5.0-M3.jar:6.5.0-M3]
	at org.springframework.security.web.ObservationFilterChainDecorator$VirtualFilterChain.doFilter(ObservationFilterChainDecorator.java:137) ~[spring-security-web-6.5.0-M3.jar:6.5.0-M3]
	at org.springframework.security.web.FilterChainProxy.lambda$doFilterInternal$4(FilterChainProxy.java:237) ~[spring-security-web-6.5.0-M3.jar:6.5.0-M3]
	at org.springframework.web.filter.ServletRequestPathFilter.doFilter(ServletRequestPathFilter.java:52) ~[spring-web-6.2.5.jar:6.2.5]
	at org.springframework.security.web.FilterChainProxy.doFilterInternal(FilterChainProxy.java:216) ~[spring-security-web-6.5.0-M3.jar:6.5.0-M3]
	at org.springframework.security.web.FilterChainProxy.doFilter(FilterChainProxy.java:194) ~[spring-security-web-6.5.0-M3.jar:6.5.0-M3]
	at org.springframework.web.filter.CompositeFilter$VirtualFilterChain.doFilter(CompositeFilter.java:113) ~[spring-web-6.2.5.jar:6.2.5]
	at org.springframework.web.servlet.handler.HandlerMappingIntrospector.lambda$createCacheFilter$3(HandlerMappingIntrospector.java:243) ~[spring-webmvc-6.2.5.jar:6.2.5]
	at org.springframework.web.filter.CompositeFilter$VirtualFilterChain.doFilter(CompositeFilter.java:113) ~[spring-web-6.2.5.jar:6.2.5]
	at org.springframework.web.filter.CompositeFilter.doFilter(CompositeFilter.java:74) ~[spring-web-6.2.5.jar:6.2.5]
	at org.springframework.security.config.annotation.web.configuration.WebMvcSecurityConfiguration$CompositeFilterChainProxy.doFilter(WebMvcSecurityConfiguration.java:238) ~[spring-security-config-6.5.0-M3.jar:6.5.0-M3]
	at org.springframework.web.filter.DelegatingFilterProxy.invokeDelegate(DelegatingFilterProxy.java:362) ~[spring-web-6.2.5.jar:6.2.5]
	at org.springframework.web.filter.DelegatingFilterProxy.doFilter(DelegatingFilterProxy.java:278) ~[spring-web-6.2.5.jar:6.2.5]
	at org.apache.catalina.core.ApplicationFilterChain.internalDoFilter(ApplicationFilterChain.java:164) ~[tomcat-embed-core-10.1.39.jar:10.1.39]
	at org.apache.catalina.core.ApplicationFilterChain.doFilter(ApplicationFilterChain.java:140) ~[tomcat-embed-core-10.1.39.jar:10.1.39]
	at org.springframework.web.filter.RequestContextFilter.doFilterInternal(RequestContextFilter.java:100) ~[spring-web-6.2.5.jar:6.2.5]
	at org.springframework.web.filter.OncePerRequestFilter.doFilter(OncePerRequestFilter.java:116) ~[spring-web-6.2.5.jar:6.2.5]
	at org.apache.catalina.core.ApplicationFilterChain.internalDoFilter(ApplicationFilterChain.java:164) ~[tomcat-embed-core-10.1.39.jar:10.1.39]
	at org.apache.catalina.core.ApplicationFilterChain.doFilter(ApplicationFilterChain.java:140) ~[tomcat-embed-core-10.1.39.jar:10.1.39]
	at org.springframework.web.filter.FormContentFilter.doFilterInternal(FormContentFilter.java:93) ~[spring-web-6.2.5.jar:6.2.5]
	at org.springframework.web.filter.OncePerRequestFilter.doFilter(OncePerRequestFilter.java:116) ~[spring-web-6.2.5.jar:6.2.5]
	at org.apache.catalina.core.ApplicationFilterChain.internalDoFilter(ApplicationFilterChain.java:164) ~[tomcat-embed-core-10.1.39.jar:10.1.39]
	at org.apache.catalina.core.ApplicationFilterChain.doFilter(ApplicationFilterChain.java:140) ~[tomcat-embed-core-10.1.39.jar:10.1.39]
	at org.springframework.web.filter.ServerHttpObservationFilter.doFilterInternal(ServerHttpObservationFilter.java:114) ~[spring-web-6.2.5.jar:6.2.5]
	at org.springframework.web.filter.OncePerRequestFilter.doFilter(OncePerRequestFilter.java:116) ~[spring-web-6.2.5.jar:6.2.5]
	at org.apache.catalina.core.ApplicationFilterChain.internalDoFilter(ApplicationFilterChain.java:164) ~[tomcat-embed-core-10.1.39.jar:10.1.39]
	at org.apache.catalina.core.ApplicationFilterChain.doFilter(ApplicationFilterChain.java:140) ~[tomcat-embed-core-10.1.39.jar:10.1.39]
	at org.springframework.web.filter.CharacterEncodingFilter.doFilterInternal(CharacterEncodingFilter.java:201) ~[spring-web-6.2.5.jar:6.2.5]
	at org.springframework.web.filter.OncePerRequestFilter.doFilter(OncePerRequestFilter.java:116) ~[spring-web-6.2.5.jar:6.2.5]
	at org.apache.catalina.core.ApplicationFilterChain.internalDoFilter(ApplicationFilterChain.java:164) ~[tomcat-embed-core-10.1.39.jar:10.1.39]
	at org.apache.catalina.core.ApplicationFilterChain.doFilter(ApplicationFilterChain.java:140) ~[tomcat-embed-core-10.1.39.jar:10.1.39]
	at org.apache.catalina.core.StandardWrapperValve.invoke(StandardWrapperValve.java:167) ~[tomcat-embed-core-10.1.39.jar:10.1.39]
	at org.apache.catalina.core.StandardContextValve.invoke(StandardContextValve.java:90) ~[tomcat-embed-core-10.1.39.jar:10.1.39]
	at org.apache.catalina.authenticator.AuthenticatorBase.invoke(AuthenticatorBase.java:483) ~[tomcat-embed-core-10.1.39.jar:10.1.39]
	at org.apache.catalina.core.StandardHostValve.invoke(StandardHostValve.java:115) ~[tomcat-embed-core-10.1.39.jar:10.1.39]
	at org.apache.catalina.valves.ErrorReportValve.invoke(ErrorReportValve.java:93) ~[tomcat-embed-core-10.1.39.jar:10.1.39]
	at org.apache.catalina.core.StandardEngineValve.invoke(StandardEngineValve.java:74) ~[tomcat-embed-core-10.1.39.jar:10.1.39]
	at org.apache.catalina.connector.CoyoteAdapter.service(CoyoteAdapter.java:344) ~[tomcat-embed-core-10.1.39.jar:10.1.39]
	at org.apache.coyote.http11.Http11Processor.service(Http11Processor.java:397) ~[tomcat-embed-core-10.1.39.jar:10.1.39]
	at org.apache.coyote.AbstractProcessorLight.process(AbstractProcessorLight.java:63) ~[tomcat-embed-core-10.1.39.jar:10.1.39]
	at org.apache.coyote.AbstractProtocol$ConnectionHandler.process(AbstractProtocol.java:905) ~[tomcat-embed-core-10.1.39.jar:10.1.39]
	at org.apache.tomcat.util.net.NioEndpoint$SocketProcessor.doRun(NioEndpoint.java:1743) ~[tomcat-embed-core-10.1.39.jar:10.1.39]
	at org.apache.tomcat.util.net.SocketProcessorBase.run(SocketProcessorBase.java:52) ~[tomcat-embed-core-10.1.39.jar:10.1.39]
	at org.apache.tomcat.util.threads.ThreadPoolExecutor.runWorker(ThreadPoolExecutor.java:1190) ~[tomcat-embed-core-10.1.39.jar:10.1.39]
	at org.apache.tomcat.util.threads.ThreadPoolExecutor$Worker.run(ThreadPoolExecutor.java:659) ~[tomcat-embed-core-10.1.39.jar:10.1.39]
	at org.apache.tomcat.util.threads.TaskThread$WrappingRunnable.run(TaskThread.java:63) ~[tomcat-embed-core-10.1.39.jar:10.1.39]
	at java.base/java.lang.Thread.run(Thread.java:842) ~[na:na]

2025-03-25T10:58:40.670+05:30 DEBUG 11476 --- [Address Book] [http-nio-8080-exec-1] o.s.security.web.FilterChainProxy        : Securing GET /error
2025-03-25T10:58:40.671+05:30 DEBUG 11476 --- [Address Book] [http-nio-8080-exec-1] o.s.s.w.a.AnonymousAuthenticationFilter  : Set SecurityContextHolder to anonymous SecurityContext
2025-03-25T10:58:40.676+05:30 DEBUG 11476 --- [Address Book] [http-nio-8080-exec-1] o.s.s.w.a.Http403ForbiddenEntryPoint     : Pre-authenticated entry point called. Rejecting access
2025-03-25T10:59:04.477+05:30 DEBUG 11476 --- [Address Book] [http-nio-8080-exec-2] o.s.security.web.FilterChainProxy        : Securing OPTIONS /api/addressbook
2025-03-25T10:59:04.481+05:30 ERROR 11476 --- [Address Book] [http-nio-8080-exec-2] o.a.c.c.C.[.[.[/].[dispatcherServlet]    : Servlet.service() for servlet [dispatcherServlet] in context with path [] threw exception

java.lang.IllegalArgumentException: When allowCredentials is true, allowedOrigins cannot contain the special value "*" since that cannot be set on the "Access-Control-Allow-Origin" response header. To allow credentials to a set of origins, list them explicitly or consider using "allowedOriginPatterns" instead.
	at org.springframework.web.cors.CorsConfiguration.validateAllowCredentials(CorsConfiguration.java:568) ~[spring-web-6.2.5.jar:6.2.5]
	at org.springframework.web.cors.CorsConfiguration.checkOrigin(CorsConfiguration.java:695) ~[spring-web-6.2.5.jar:6.2.5]
	at org.springframework.web.cors.DefaultCorsProcessor.checkOrigin(DefaultCorsProcessor.java:197) ~[spring-web-6.2.5.jar:6.2.5]
	at org.springframework.web.cors.DefaultCorsProcessor.handleInternal(DefaultCorsProcessor.java:134) ~[spring-web-6.2.5.jar:6.2.5]
	at org.springframework.web.cors.DefaultCorsProcessor.processRequest(DefaultCorsProcessor.java:113) ~[spring-web-6.2.5.jar:6.2.5]
	at org.springframework.web.filter.CorsFilter.doFilterInternal(CorsFilter.java:87) ~[spring-web-6.2.5.jar:6.2.5]
	at org.springframework.web.filter.OncePerRequestFilter.doFilter(OncePerRequestFilter.java:116) ~[spring-web-6.2.5.jar:6.2.5]
	at org.springframework.security.web.ObservationFilterChainDecorator$ObservationFilter.wrapFilter(ObservationFilterChainDecorator.java:240) ~[spring-security-web-6.5.0-M3.jar:6.5.0-M3]
	at org.springframework.security.web.ObservationFilterChainDecorator$ObservationFilter.doFilter(ObservationFilterChainDecorator.java:227) ~[spring-security-web-6.5.0-M3.jar:6.5.0-M3]
	at org.springframework.security.web.ObservationFilterChainDecorator$VirtualFilterChain.doFilter(ObservationFilterChainDecorator.java:137) ~[spring-security-web-6.5.0-M3.jar:6.5.0-M3]
	at org.springframework.security.web.header.HeaderWriterFilter.doHeadersAfter(HeaderWriterFilter.java:90) ~[spring-security-web-6.5.0-M3.jar:6.5.0-M3]
	at org.springframework.security.web.header.HeaderWriterFilter.doFilterInternal(HeaderWriterFilter.java:75) ~[spring-security-web-6.5.0-M3.jar:6.5.0-M3]
	at org.springframework.web.filter.OncePerRequestFilter.doFilter(OncePerRequestFilter.java:116) ~[spring-web-6.2.5.jar:6.2.5]
	at org.springframework.security.web.ObservationFilterChainDecorator$ObservationFilter.wrapFilter(ObservationFilterChainDecorator.java:240) ~[spring-security-web-6.5.0-M3.jar:6.5.0-M3]
	at org.springframework.security.web.ObservationFilterChainDecorator$ObservationFilter.doFilter(ObservationFilterChainDecorator.java:227) ~[spring-security-web-6.5.0-M3.jar:6.5.0-M3]
	at org.springframework.security.web.ObservationFilterChainDecorator$VirtualFilterChain.doFilter(ObservationFilterChainDecorator.java:137) ~[spring-security-web-6.5.0-M3.jar:6.5.0-M3]
	at org.springframework.security.web.context.SecurityContextHolderFilter.doFilter(SecurityContextHolderFilter.java:82) ~[spring-security-web-6.5.0-M3.jar:6.5.0-M3]
	at org.springframework.security.web.context.SecurityContextHolderFilter.doFilter(SecurityContextHolderFilter.java:69) ~[spring-security-web-6.5.0-M3.jar:6.5.0-M3]
	at org.springframework.security.web.ObservationFilterChainDecorator$ObservationFilter.wrapFilter(ObservationFilterChainDecorator.java:240) ~[spring-security-web-6.5.0-M3.jar:6.5.0-M3]
	at org.springframework.security.web.ObservationFilterChainDecorator$ObservationFilter.doFilter(ObservationFilterChainDecorator.java:227) ~[spring-security-web-6.5.0-M3.jar:6.5.0-M3]
	at org.springframework.security.web.ObservationFilterChainDecorator$VirtualFilterChain.doFilter(ObservationFilterChainDecorator.java:137) ~[spring-security-web-6.5.0-M3.jar:6.5.0-M3]
	at org.springframework.security.web.context.request.async.WebAsyncManagerIntegrationFilter.doFilterInternal(WebAsyncManagerIntegrationFilter.java:62) ~[spring-security-web-6.5.0-M3.jar:6.5.0-M3]
	at org.springframework.web.filter.OncePerRequestFilter.doFilter(OncePerRequestFilter.java:116) ~[spring-web-6.2.5.jar:6.2.5]
	at org.springframework.security.web.ObservationFilterChainDecorator$ObservationFilter.wrapFilter(ObservationFilterChainDecorator.java:240) ~[spring-security-web-6.5.0-M3.jar:6.5.0-M3]
	at org.springframework.security.web.ObservationFilterChainDecorator$ObservationFilter.doFilter(ObservationFilterChainDecorator.java:227) ~[spring-security-web-6.5.0-M3.jar:6.5.0-M3]
	at org.springframework.security.web.ObservationFilterChainDecorator$VirtualFilterChain.doFilter(ObservationFilterChainDecorator.java:137) ~[spring-security-web-6.5.0-M3.jar:6.5.0-M3]
	at org.springframework.security.web.session.DisableEncodeUrlFilter.doFilterInternal(DisableEncodeUrlFilter.java:42) ~[spring-security-web-6.5.0-M3.jar:6.5.0-M3]
	at org.springframework.web.filter.OncePerRequestFilter.doFilter(OncePerRequestFilter.java:116) ~[spring-web-6.2.5.jar:6.2.5]
	at org.springframework.security.web.ObservationFilterChainDecorator$ObservationFilter.wrapFilter(ObservationFilterChainDecorator.java:240) ~[spring-security-web-6.5.0-M3.jar:6.5.0-M3]
	at org.springframework.security.web.ObservationFilterChainDecorator$AroundFilterObservation$SimpleAroundFilterObservation.lambda$wrap$0(ObservationFilterChainDecorator.java:323) ~[spring-security-web-6.5.0-M3.jar:6.5.0-M3]
	at org.springframework.security.web.ObservationFilterChainDecorator$ObservationFilter.doFilter(ObservationFilterChainDecorator.java:224) ~[spring-security-web-6.5.0-M3.jar:6.5.0-M3]
	at org.springframework.security.web.ObservationFilterChainDecorator$VirtualFilterChain.doFilter(ObservationFilterChainDecorator.java:137) ~[spring-security-web-6.5.0-M3.jar:6.5.0-M3]
	at org.springframework.security.web.FilterChainProxy.lambda$doFilterInternal$4(FilterChainProxy.java:237) ~[spring-security-web-6.5.0-M3.jar:6.5.0-M3]
	at org.springframework.web.filter.ServletRequestPathFilter.doFilter(ServletRequestPathFilter.java:52) ~[spring-web-6.2.5.jar:6.2.5]
	at org.springframework.security.web.FilterChainProxy.doFilterInternal(FilterChainProxy.java:216) ~[spring-security-web-6.5.0-M3.jar:6.5.0-M3]
	at org.springframework.security.web.FilterChainProxy.doFilter(FilterChainProxy.java:194) ~[spring-security-web-6.5.0-M3.jar:6.5.0-M3]
	at org.springframework.web.filter.CompositeFilter$VirtualFilterChain.doFilter(CompositeFilter.java:113) ~[spring-web-6.2.5.jar:6.2.5]
	at org.springframework.web.servlet.handler.HandlerMappingIntrospector.lambda$createCacheFilter$3(HandlerMappingIntrospector.java:243) ~[spring-webmvc-6.2.5.jar:6.2.5]
	at org.springframework.web.filter.CompositeFilter$VirtualFilterChain.doFilter(CompositeFilter.java:113) ~[spring-web-6.2.5.jar:6.2.5]
	at org.springframework.web.filter.CompositeFilter.doFilter(CompositeFilter.java:74) ~[spring-web-6.2.5.jar:6.2.5]
	at org.springframework.security.config.annotation.web.configuration.WebMvcSecurityConfiguration$CompositeFilterChainProxy.doFilter(WebMvcSecurityConfiguration.java:238) ~[spring-security-config-6.5.0-M3.jar:6.5.0-M3]
	at org.springframework.web.filter.DelegatingFilterProxy.invokeDelegate(DelegatingFilterProxy.java:362) ~[spring-web-6.2.5.jar:6.2.5]
	at org.springframework.web.filter.DelegatingFilterProxy.doFilter(DelegatingFilterProxy.java:278) ~[spring-web-6.2.5.jar:6.2.5]
	at org.apache.catalina.core.ApplicationFilterChain.internalDoFilter(ApplicationFilterChain.java:164) ~[tomcat-embed-core-10.1.39.jar:10.1.39]
	at org.apache.catalina.core.ApplicationFilterChain.doFilter(ApplicationFilterChain.java:140) ~[tomcat-embed-core-10.1.39.jar:10.1.39]
	at org.springframework.web.filter.RequestContextFilter.doFilterInternal(RequestContextFilter.java:100) ~[spring-web-6.2.5.jar:6.2.5]
	at org.springframework.web.filter.OncePerRequestFilter.doFilter(OncePerRequestFilter.java:116) ~[spring-web-6.2.5.jar:6.2.5]
	at org.apache.catalina.core.ApplicationFilterChain.internalDoFilter(ApplicationFilterChain.java:164) ~[tomcat-embed-core-10.1.39.jar:10.1.39]
	at org.apache.catalina.core.ApplicationFilterChain.doFilter(ApplicationFilterChain.java:140) ~[tomcat-embed-core-10.1.39.jar:10.1.39]
	at org.springframework.web.filter.FormContentFilter.doFilterInternal(FormContentFilter.java:93) ~[spring-web-6.2.5.jar:6.2.5]
	at org.springframework.web.filter.OncePerRequestFilter.doFilter(OncePerRequestFilter.java:116) ~[spring-web-6.2.5.jar:6.2.5]
	at org.apache.catalina.core.ApplicationFilterChain.internalDoFilter(ApplicationFilterChain.java:164) ~[tomcat-embed-core-10.1.39.jar:10.1.39]
	at org.apache.catalina.core.ApplicationFilterChain.doFilter(ApplicationFilterChain.java:140) ~[tomcat-embed-core-10.1.39.jar:10.1.39]
	at org.springframework.web.filter.ServerHttpObservationFilter.doFilterInternal(ServerHttpObservationFilter.java:114) ~[spring-web-6.2.5.jar:6.2.5]
	at org.springframework.web.filter.OncePerRequestFilter.doFilter(OncePerRequestFilter.java:116) ~[spring-web-6.2.5.jar:6.2.5]
	at org.apache.catalina.core.ApplicationFilterChain.internalDoFilter(ApplicationFilterChain.java:164) ~[tomcat-embed-core-10.1.39.jar:10.1.39]
	at org.apache.catalina.core.ApplicationFilterChain.doFilter(ApplicationFilterChain.java:140) ~[tomcat-embed-core-10.1.39.jar:10.1.39]
	at org.springframework.web.filter.CharacterEncodingFilter.doFilterInternal(CharacterEncodingFilter.java:201) ~[spring-web-6.2.5.jar:6.2.5]
	at org.springframework.web.filter.OncePerRequestFilter.doFilter(OncePerRequestFilter.java:116) ~[spring-web-6.2.5.jar:6.2.5]
	at org.apache.catalina.core.ApplicationFilterChain.internalDoFilter(ApplicationFilterChain.java:164) ~[tomcat-embed-core-10.1.39.jar:10.1.39]
	at org.apache.catalina.core.ApplicationFilterChain.doFilter(ApplicationFilterChain.java:140) ~[tomcat-embed-core-10.1.39.jar:10.1.39]
	at org.apache.catalina.core.StandardWrapperValve.invoke(StandardWrapperValve.java:167) ~[tomcat-embed-core-10.1.39.jar:10.1.39]
	at org.apache.catalina.core.StandardContextValve.invoke(StandardContextValve.java:90) ~[tomcat-embed-core-10.1.39.jar:10.1.39]
	at org.apache.catalina.authenticator.AuthenticatorBase.invoke(AuthenticatorBase.java:483) ~[tomcat-embed-core-10.1.39.jar:10.1.39]
	at org.apache.catalina.core.StandardHostValve.invoke(StandardHostValve.java:115) ~[tomcat-embed-core-10.1.39.jar:10.1.39]
	at org.apache.catalina.valves.ErrorReportValve.invoke(ErrorReportValve.java:93) ~[tomcat-embed-core-10.1.39.jar:10.1.39]
	at org.apache.catalina.core.StandardEngineValve.invoke(StandardEngineValve.java:74) ~[tomcat-embed-core-10.1.39.jar:10.1.39]
	at org.apache.catalina.connector.CoyoteAdapter.service(CoyoteAdapter.java:344) ~[tomcat-embed-core-10.1.39.jar:10.1.39]
	at org.apache.coyote.http11.Http11Processor.service(Http11Processor.java:397) ~[tomcat-embed-core-10.1.39.jar:10.1.39]
	at org.apache.coyote.AbstractProcessorLight.process(AbstractProcessorLight.java:63) ~[tomcat-embed-core-10.1.39.jar:10.1.39]
	at org.apache.coyote.AbstractProtocol$ConnectionHandler.process(AbstractProtocol.java:905) ~[tomcat-embed-core-10.1.39.jar:10.1.39]
	at org.apache.tomcat.util.net.NioEndpoint$SocketProcessor.doRun(NioEndpoint.java:1743) ~[tomcat-embed-core-10.1.39.jar:10.1.39]
	at org.apache.tomcat.util.net.SocketProcessorBase.run(SocketProcessorBase.java:52) ~[tomcat-embed-core-10.1.39.jar:10.1.39]
	at org.apache.tomcat.util.threads.ThreadPoolExecutor.runWorker(ThreadPoolExecutor.java:1190) ~[tomcat-embed-core-10.1.39.jar:10.1.39]
	at org.apache.tomcat.util.threads.ThreadPoolExecutor$Worker.run(ThreadPoolExecutor.java:659) ~[tomcat-embed-core-10.1.39.jar:10.1.39]
	at org.apache.tomcat.util.threads.TaskThread$WrappingRunnable.run(TaskThread.java:63) ~[tomcat-embed-core-10.1.39.jar:10.1.39]
	at java.base/java.lang.Thread.run(Thread.java:842) ~[na:na]

2025-03-25T10:59:04.485+05:30 DEBUG 11476 --- [Address Book] [http-nio-8080-exec-2] o.s.security.web.FilterChainProxy        : Securing OPTIONS /error
2025-03-25T10:59:04.486+05:30 DEBUG 11476 --- [Address Book] [http-nio-8080-exec-2] o.s.s.w.a.AnonymousAuthenticationFilter  : Set SecurityContextHolder to anonymous SecurityContext
2025-03-25T10:59:04.487+05:30 DEBUG 11476 --- [Address Book] [http-nio-8080-exec-2] o.s.s.w.a.Http403ForbiddenEntryPoint     : Pre-authenticated entry point called. Rejecting access
2025-03-25T10:59:05.422+05:30 DEBUG 11476 --- [Address Book] [http-nio-8080-exec-3] o.s.security.web.FilterChainProxy        : Securing OPTIONS /api/addressbook
2025-03-25T10:59:05.424+05:30 ERROR 11476 --- [Address Book] [http-nio-8080-exec-3] o.a.c.c.C.[.[.[/].[dispatcherServlet]    : Servlet.service() for servlet [dispatcherServlet] in context with path [] threw exception

java.lang.IllegalArgumentException: When allowCredentials is true, allowedOrigins cannot contain the special value "*" since that cannot be set on the "Access-Control-Allow-Origin" response header. To allow credentials to a set of origins, list them explicitly or consider using "allowedOriginPatterns" instead.
	at org.springframework.web.cors.CorsConfiguration.validateAllowCredentials(CorsConfiguration.java:568) ~[spring-web-6.2.5.jar:6.2.5]
	at org.springframework.web.cors.CorsConfiguration.checkOrigin(CorsConfiguration.java:695) ~[spring-web-6.2.5.jar:6.2.5]
	at org.springframework.web.cors.DefaultCorsProcessor.checkOrigin(DefaultCorsProcessor.java:197) ~[spring-web-6.2.5.jar:6.2.5]
	at org.springframework.web.cors.DefaultCorsProcessor.handleInternal(DefaultCorsProcessor.java:134) ~[spring-web-6.2.5.jar:6.2.5]
	at org.springframework.web.cors.DefaultCorsProcessor.processRequest(DefaultCorsProcessor.java:113) ~[spring-web-6.2.5.jar:6.2.5]
	at org.springframework.web.filter.CorsFilter.doFilterInternal(CorsFilter.java:87) ~[spring-web-6.2.5.jar:6.2.5]
	at org.springframework.web.filter.OncePerRequestFilter.doFilter(OncePerRequestFilter.java:116) ~[spring-web-6.2.5.jar:6.2.5]
	at org.springframework.security.web.ObservationFilterChainDecorator$ObservationFilter.wrapFilter(ObservationFilterChainDecorator.java:240) ~[spring-security-web-6.5.0-M3.jar:6.5.0-M3]
	at org.springframework.security.web.ObservationFilterChainDecorator$ObservationFilter.doFilter(ObservationFilterChainDecorator.java:227) ~[spring-security-web-6.5.0-M3.jar:6.5.0-M3]
	at org.springframework.security.web.ObservationFilterChainDecorator$VirtualFilterChain.doFilter(ObservationFilterChainDecorator.java:137) ~[spring-security-web-6.5.0-M3.jar:6.5.0-M3]
	at org.springframework.security.web.header.HeaderWriterFilter.doHeadersAfter(HeaderWriterFilter.java:90) ~[spring-security-web-6.5.0-M3.jar:6.5.0-M3]
	at org.springframework.security.web.header.HeaderWriterFilter.doFilterInternal(HeaderWriterFilter.java:75) ~[spring-security-web-6.5.0-M3.jar:6.5.0-M3]
	at org.springframework.web.filter.OncePerRequestFilter.doFilter(OncePerRequestFilter.java:116) ~[spring-web-6.2.5.jar:6.2.5]
	at org.springframework.security.web.ObservationFilterChainDecorator$ObservationFilter.wrapFilter(ObservationFilterChainDecorator.java:240) ~[spring-security-web-6.5.0-M3.jar:6.5.0-M3]
	at org.springframework.security.web.ObservationFilterChainDecorator$ObservationFilter.doFilter(ObservationFilterChainDecorator.java:227) ~[spring-security-web-6.5.0-M3.jar:6.5.0-M3]
	at org.springframework.security.web.ObservationFilterChainDecorator$VirtualFilterChain.doFilter(ObservationFilterChainDecorator.java:137) ~[spring-security-web-6.5.0-M3.jar:6.5.0-M3]
	at org.springframework.security.web.context.SecurityContextHolderFilter.doFilter(SecurityContextHolderFilter.java:82) ~[spring-security-web-6.5.0-M3.jar:6.5.0-M3]
	at org.springframework.security.web.context.SecurityContextHolderFilter.doFilter(SecurityContextHolderFilter.java:69) ~[spring-security-web-6.5.0-M3.jar:6.5.0-M3]
	at org.springframework.security.web.ObservationFilterChainDecorator$ObservationFilter.wrapFilter(ObservationFilterChainDecorator.java:240) ~[spring-security-web-6.5.0-M3.jar:6.5.0-M3]
	at org.springframework.security.web.ObservationFilterChainDecorator$ObservationFilter.doFilter(ObservationFilterChainDecorator.java:227) ~[spring-security-web-6.5.0-M3.jar:6.5.0-M3]
	at org.springframework.security.web.ObservationFilterChainDecorator$VirtualFilterChain.doFilter(ObservationFilterChainDecorator.java:137) ~[spring-security-web-6.5.0-M3.jar:6.5.0-M3]
	at org.springframework.security.web.context.request.async.WebAsyncManagerIntegrationFilter.doFilterInternal(WebAsyncManagerIntegrationFilter.java:62) ~[spring-security-web-6.5.0-M3.jar:6.5.0-M3]
	at org.springframework.web.filter.OncePerRequestFilter.doFilter(OncePerRequestFilter.java:116) ~[spring-web-6.2.5.jar:6.2.5]
	at org.springframework.security.web.ObservationFilterChainDecorator$ObservationFilter.wrapFilter(ObservationFilterChainDecorator.java:240) ~[spring-security-web-6.5.0-M3.jar:6.5.0-M3]
	at org.springframework.security.web.ObservationFilterChainDecorator$ObservationFilter.doFilter(ObservationFilterChainDecorator.java:227) ~[spring-security-web-6.5.0-M3.jar:6.5.0-M3]
	at org.springframework.security.web.ObservationFilterChainDecorator$VirtualFilterChain.doFilter(ObservationFilterChainDecorator.java:137) ~[spring-security-web-6.5.0-M3.jar:6.5.0-M3]
	at org.springframework.security.web.session.DisableEncodeUrlFilter.doFilterInternal(DisableEncodeUrlFilter.java:42) ~[spring-security-web-6.5.0-M3.jar:6.5.0-M3]
	at org.springframework.web.filter.OncePerRequestFilter.doFilter(OncePerRequestFilter.java:116) ~[spring-web-6.2.5.jar:6.2.5]
	at org.springframework.security.web.ObservationFilterChainDecorator$ObservationFilter.wrapFilter(ObservationFilterChainDecorator.java:240) ~[spring-security-web-6.5.0-M3.jar:6.5.0-M3]
	at org.springframework.security.web.ObservationFilterChainDecorator$AroundFilterObservation$SimpleAroundFilterObservation.lambda$wrap$0(ObservationFilterChainDecorator.java:323) ~[spring-security-web-6.5.0-M3.jar:6.5.0-M3]
	at org.springframework.security.web.ObservationFilterChainDecorator$ObservationFilter.doFilter(ObservationFilterChainDecorator.java:224) ~[spring-security-web-6.5.0-M3.jar:6.5.0-M3]
	at org.springframework.security.web.ObservationFilterChainDecorator$VirtualFilterChain.doFilter(ObservationFilterChainDecorator.java:137) ~[spring-security-web-6.5.0-M3.jar:6.5.0-M3]
	at org.springframework.security.web.FilterChainProxy.lambda$doFilterInternal$4(FilterChainProxy.java:237) ~[spring-security-web-6.5.0-M3.jar:6.5.0-M3]
	at org.springframework.web.filter.ServletRequestPathFilter.doFilter(ServletRequestPathFilter.java:52) ~[spring-web-6.2.5.jar:6.2.5]
	at org.springframework.security.web.FilterChainProxy.doFilterInternal(FilterChainProxy.java:216) ~[spring-security-web-6.5.0-M3.jar:6.5.0-M3]
	at org.springframework.security.web.FilterChainProxy.doFilter(FilterChainProxy.java:194) ~[spring-security-web-6.5.0-M3.jar:6.5.0-M3]
	at org.springframework.web.filter.CompositeFilter$VirtualFilterChain.doFilter(CompositeFilter.java:113) ~[spring-web-6.2.5.jar:6.2.5]
	at org.springframework.web.servlet.handler.HandlerMappingIntrospector.lambda$createCacheFilter$3(HandlerMappingIntrospector.java:243) ~[spring-webmvc-6.2.5.jar:6.2.5]
	at org.springframework.web.filter.CompositeFilter$VirtualFilterChain.doFilter(CompositeFilter.java:113) ~[spring-web-6.2.5.jar:6.2.5]
	at org.springframework.web.filter.CompositeFilter.doFilter(CompositeFilter.java:74) ~[spring-web-6.2.5.jar:6.2.5]
	at org.springframework.security.config.annotation.web.configuration.WebMvcSecurityConfiguration$CompositeFilterChainProxy.doFilter(WebMvcSecurityConfiguration.java:238) ~[spring-security-config-6.5.0-M3.jar:6.5.0-M3]
	at org.springframework.web.filter.DelegatingFilterProxy.invokeDelegate(DelegatingFilterProxy.java:362) ~[spring-web-6.2.5.jar:6.2.5]
	at org.springframework.web.filter.DelegatingFilterProxy.doFilter(DelegatingFilterProxy.java:278) ~[spring-web-6.2.5.jar:6.2.5]
	at org.apache.catalina.core.ApplicationFilterChain.internalDoFilter(ApplicationFilterChain.java:164) ~[tomcat-embed-core-10.1.39.jar:10.1.39]
	at org.apache.catalina.core.ApplicationFilterChain.doFilter(ApplicationFilterChain.java:140) ~[tomcat-embed-core-10.1.39.jar:10.1.39]
	at org.springframework.web.filter.RequestContextFilter.doFilterInternal(RequestContextFilter.java:100) ~[spring-web-6.2.5.jar:6.2.5]
	at org.springframework.web.filter.OncePerRequestFilter.doFilter(OncePerRequestFilter.java:116) ~[spring-web-6.2.5.jar:6.2.5]
	at org.apache.catalina.core.ApplicationFilterChain.internalDoFilter(ApplicationFilterChain.java:164) ~[tomcat-embed-core-10.1.39.jar:10.1.39]
	at org.apache.catalina.core.ApplicationFilterChain.doFilter(ApplicationFilterChain.java:140) ~[tomcat-embed-core-10.1.39.jar:10.1.39]
	at org.springframework.web.filter.FormContentFilter.doFilterInternal(FormContentFilter.java:93) ~[spring-web-6.2.5.jar:6.2.5]
	at org.springframework.web.filter.OncePerRequestFilter.doFilter(OncePerRequestFilter.java:116) ~[spring-web-6.2.5.jar:6.2.5]
	at org.apache.catalina.core.ApplicationFilterChain.internalDoFilter(ApplicationFilterChain.java:164) ~[tomcat-embed-core-10.1.39.jar:10.1.39]
	at org.apache.catalina.core.ApplicationFilterChain.doFilter(ApplicationFilterChain.java:140) ~[tomcat-embed-core-10.1.39.jar:10.1.39]
	at org.springframework.web.filter.ServerHttpObservationFilter.doFilterInternal(ServerHttpObservationFilter.java:114) ~[spring-web-6.2.5.jar:6.2.5]
	at org.springframework.web.filter.OncePerRequestFilter.doFilter(OncePerRequestFilter.java:116) ~[spring-web-6.2.5.jar:6.2.5]
	at org.apache.catalina.core.ApplicationFilterChain.internalDoFilter(ApplicationFilterChain.java:164) ~[tomcat-embed-core-10.1.39.jar:10.1.39]
	at org.apache.catalina.core.ApplicationFilterChain.doFilter(ApplicationFilterChain.java:140) ~[tomcat-embed-core-10.1.39.jar:10.1.39]
	at org.springframework.web.filter.CharacterEncodingFilter.doFilterInternal(CharacterEncodingFilter.java:201) ~[spring-web-6.2.5.jar:6.2.5]
	at org.springframework.web.filter.OncePerRequestFilter.doFilter(OncePerRequestFilter.java:116) ~[spring-web-6.2.5.jar:6.2.5]
	at org.apache.catalina.core.ApplicationFilterChain.internalDoFilter(ApplicationFilterChain.java:164) ~[tomcat-embed-core-10.1.39.jar:10.1.39]
	at org.apache.catalina.core.ApplicationFilterChain.doFilter(ApplicationFilterChain.java:140) ~[tomcat-embed-core-10.1.39.jar:10.1.39]
	at org.apache.catalina.core.StandardWrapperValve.invoke(StandardWrapperValve.java:167) ~[tomcat-embed-core-10.1.39.jar:10.1.39]
	at org.apache.catalina.core.StandardContextValve.invoke(StandardContextValve.java:90) ~[tomcat-embed-core-10.1.39.jar:10.1.39]
	at org.apache.catalina.authenticator.AuthenticatorBase.invoke(AuthenticatorBase.java:483) ~[tomcat-embed-core-10.1.39.jar:10.1.39]
	at org.apache.catalina.core.StandardHostValve.invoke(StandardHostValve.java:115) ~[tomcat-embed-core-10.1.39.jar:10.1.39]
	at org.apache.catalina.valves.ErrorReportValve.invoke(ErrorReportValve.java:93) ~[tomcat-embed-core-10.1.39.jar:10.1.39]
	at org.apache.catalina.core.StandardEngineValve.invoke(StandardEngineValve.java:74) ~[tomcat-embed-core-10.1.39.jar:10.1.39]
	at org.apache.catalina.connector.CoyoteAdapter.service(CoyoteAdapter.java:344) ~[tomcat-embed-core-10.1.39.jar:10.1.39]
	at org.apache.coyote.http11.Http11Processor.service(Http11Processor.java:397) ~[tomcat-embed-core-10.1.39.jar:10.1.39]
	at org.apache.coyote.AbstractProcessorLight.process(AbstractProcessorLight.java:63) ~[tomcat-embed-core-10.1.39.jar:10.1.39]
	at org.apache.coyote.AbstractProtocol$ConnectionHandler.process(AbstractProtocol.java:905) ~[tomcat-embed-core-10.1.39.jar:10.1.39]
	at org.apache.tomcat.util.net.NioEndpoint$SocketProcessor.doRun(NioEndpoint.java:1743) ~[tomcat-embed-core-10.1.39.jar:10.1.39]
	at org.apache.tomcat.util.net.SocketProcessorBase.run(SocketProcessorBase.java:52) ~[tomcat-embed-core-10.1.39.jar:10.1.39]
	at org.apache.tomcat.util.threads.ThreadPoolExecutor.runWorker(ThreadPoolExecutor.java:1190) ~[tomcat-embed-core-10.1.39.jar:10.1.39]
	at org.apache.tomcat.util.threads.ThreadPoolExecutor$Worker.run(ThreadPoolExecutor.java:659) ~[tomcat-embed-core-10.1.39.jar:10.1.39]
	at org.apache.tomcat.util.threads.TaskThread$WrappingRunnable.run(TaskThread.java:63) ~[tomcat-embed-core-10.1.39.jar:10.1.39]
	at java.base/java.lang.Thread.run(Thread.java:842) ~[na:na]

2025-03-25T10:59:05.427+05:30 DEBUG 11476 --- [Address Book] [http-nio-8080-exec-3] o.s.security.web.FilterChainProxy        : Securing OPTIONS /error
2025-03-25T10:59:05.428+05:30 DEBUG 11476 --- [Address Book] [http-nio-8080-exec-3] o.s.s.w.a.AnonymousAuthenticationFilter  : Set SecurityContextHolder to anonymous SecurityContext
2025-03-25T10:59:05.430+05:30 DEBUG 11476 --- [Address Book] [http-nio-8080-exec-3] o.s.s.w.a.Http403ForbiddenEntryPoint     : Pre-authenticated entry point called. Rejecting access
2025-03-25T11:01:14.625+05:30  INFO 11476 --- [Address Book] [SpringApplicationShutdownHook] o.s.b.w.e.tomcat.GracefulShutdown        : Commencing graceful shutdown. Waiting for active requests to complete
2025-03-25T11:01:14.632+05:30  INFO 11476 --- [Address Book] [tomcat-shutdown] o.s.b.w.e.tomcat.GracefulShutdown        : Graceful shutdown complete
2025-03-25T11:01:14.636+05:30  INFO 11476 --- [Address Book] [SpringApplicationShutdownHook] j.LocalContainerEntityManagerFactoryBean : Closing JPA EntityManagerFactory for persistence unit 'default'
2025-03-25T11:01:14.640+05:30  INFO 11476 --- [Address Book] [SpringApplicationShutdownHook] com.zaxxer.hikari.HikariDataSource       : HikariPool-1 - Shutdown initiated...
2025-03-25T11:01:14.655+05:30  INFO 11476 --- [Address Book] [SpringApplicationShutdownHook] com.zaxxer.hikari.HikariDataSource       : HikariPool-1 - Shutdown completed.
2025-03-25T11:01:46.938+05:30  INFO 12110 --- [Address Book] [main] c.e.a.AddressBookApplicationTests        : Starting AddressBookApplicationTests using Java 23.0.2 with PID 12110 (started by samikshathakur in /Users/samikshathakur/Documents/Capgemini/BL_SpringAddressBookApp)
2025-03-25T11:01:46.939+05:30 DEBUG 12110 --- [Address Book] [main] c.e.a.AddressBookApplicationTests        : Running with Spring Boot v3.5.0-SNAPSHOT, Spring v6.2.5
2025-03-25T11:01:46.940+05:30  INFO 12110 --- [Address Book] [main] c.e.a.AddressBookApplicationTests        : No active profile set, falling back to 1 default profile: "default"
2025-03-25T11:01:47.256+05:30  INFO 12110 --- [Address Book] [main] .s.d.r.c.RepositoryConfigurationDelegate : Bootstrapping Spring Data JPA repositories in DEFAULT mode.
2025-03-25T11:01:47.278+05:30  INFO 12110 --- [Address Book] [main] .s.d.r.c.RepositoryConfigurationDelegate : Finished Spring Data repository scanning in 16 ms. Found 2 JPA repository interfaces.
2025-03-25T11:01:47.791+05:30  INFO 12110 --- [Address Book] [main] o.hibernate.jpa.internal.util.LogHelper  : HHH000204: Processing PersistenceUnitInfo [name: default]
2025-03-25T11:01:47.830+05:30  INFO 12110 --- [Address Book] [main] org.hibernate.Version                    : HHH000412: Hibernate ORM core version 6.6.11.Final
2025-03-25T11:01:47.849+05:30  INFO 12110 --- [Address Book] [main] o.h.c.internal.RegionFactoryInitiator    : HHH000026: Second-level cache disabled
2025-03-25T11:01:48.008+05:30  INFO 12110 --- [Address Book] [main] o.s.o.j.p.SpringPersistenceUnitInfo      : No LoadTimeWeaver setup: ignoring JPA class transformer
2025-03-25T11:01:48.022+05:30  INFO 12110 --- [Address Book] [main] com.zaxxer.hikari.HikariDataSource       : HikariPool-1 - Starting...
2025-03-25T11:01:48.234+05:30  INFO 12110 --- [Address Book] [main] com.zaxxer.hikari.pool.HikariPool        : HikariPool-1 - Added connection com.mysql.cj.jdbc.ConnectionImpl@552ffa44
2025-03-25T11:01:48.235+05:30  INFO 12110 --- [Address Book] [main] com.zaxxer.hikari.HikariDataSource       : HikariPool-1 - Start completed.
2025-03-25T11:01:48.263+05:30  WARN 12110 --- [Address Book] [main] org.hibernate.orm.deprecation            : HHH90000025: MySQL8Dialect does not need to be specified explicitly using 'hibernate.dialect' (remove the property setting and it will be selected by default)
2025-03-25T11:01:48.263+05:30  WARN 12110 --- [Address Book] [main] org.hibernate.orm.deprecation            : HHH90000026: MySQL8Dialect has been deprecated; use org.hibernate.dialect.MySQLDialect instead
2025-03-25T11:01:48.272+05:30  INFO 12110 --- [Address Book] [main] org.hibernate.orm.connections.pooling    : HHH10001005: Database info:
	Database JDBC URL [Connecting through datasource 'HikariDataSource (HikariPool-1)']
	Database driver: undefined/unknown
	Database version: 8.0
	Autocommit mode: undefined/unknown
	Isolation level: undefined/unknown
	Minimum pool size: undefined/unknown
	Maximum pool size: undefined/unknown
2025-03-25T11:01:48.710+05:30  INFO 12110 --- [Address Book] [main] o.h.e.t.j.p.i.JtaPlatformInitiator       : HHH000489: No JTA platform available (set 'hibernate.transaction.jta.platform' to enable JTA platform integration)
2025-03-25T11:01:48.757+05:30  INFO 12110 --- [Address Book] [main] j.LocalContainerEntityManagerFactoryBean : Initialized JPA EntityManagerFactory for persistence unit 'default'
2025-03-25T11:01:48.769+05:30  WARN 12110 --- [Address Book] [main] o.s.w.c.s.GenericWebApplicationContext   : Exception encountered during context initialization - cancelling refresh attempt: org.springframework.beans.factory.UnsatisfiedDependencyException: Error creating bean with name 'securityConfig' defined in file [/Users/samikshathakur/Documents/Capgemini/BL_SpringAddressBookApp/target/classes/com/example/addressbook/config/SecurityConfig.class]: Unsatisfied dependency expressed through constructor parameter 0: Error creating bean with name 'jwtAuthenticationFilter': Unsatisfied dependency expressed through field 'userDetailsService': Error creating bean with name 'securityConfig': Requested bean is currently in creation: Is there an unresolvable circular reference or an asynchronous initialization dependency?
2025-03-25T11:01:48.769+05:30  INFO 12110 --- [Address Book] [main] j.LocalContainerEntityManagerFactoryBean : Closing JPA EntityManagerFactory for persistence unit 'default'
2025-03-25T11:01:48.771+05:30  INFO 12110 --- [Address Book] [main] com.zaxxer.hikari.HikariDataSource       : HikariPool-1 - Shutdown initiated...
2025-03-25T11:01:48.776+05:30  INFO 12110 --- [Address Book] [main] com.zaxxer.hikari.HikariDataSource       : HikariPool-1 - Shutdown completed.
2025-03-25T11:01:48.798+05:30  INFO 12110 --- [Address Book] [main] .s.b.a.l.ConditionEvaluationReportLogger : 

Error starting ApplicationContext. To display the condition evaluation report re-run your application with 'debug' enabled.
2025-03-25T11:01:48.813+05:30 ERROR 12110 --- [Address Book] [main] o.s.b.d.LoggingFailureAnalysisReporter   : 

***************************
APPLICATION FAILED TO START
***************************

Description:

The dependencies of some of the beans in the application context form a cycle:

┌─────┐
|  securityConfig defined in file [/Users/samikshathakur/Documents/Capgemini/BL_SpringAddressBookApp/target/classes/com/example/addressbook/config/SecurityConfig.class]
↑     ↓
|  jwtAuthenticationFilter (field private org.springframework.security.core.userdetails.UserDetailsService com.example.addressbook.security.JwtAuthenticationFilter.userDetailsService)
└─────┘


Action:

Despite circular references being allowed, the dependency cycle between beans could not be broken. Update your application to remove the dependency cycle.

2025-03-25T11:01:48.816+05:30  WARN 12110 --- [Address Book] [main] o.s.test.context.TestContextManager      : Caught exception while allowing TestExecutionListener [org.springframework.test.context.web.ServletTestExecutionListener] to prepare test instance [com.example.addressbook.AddressBookApplicationTests@1e186006]

java.lang.IllegalStateException: Failed to load ApplicationContext for [WebMergedContextConfiguration@2f0b5d79 testClass = com.example.addressbook.AddressBookApplicationTests, locations = [], classes = [com.example.addressbook.AddressBookApplication], contextInitializerClasses = [], activeProfiles = [], propertySourceDescriptors = [], propertySourceProperties = ["org.springframework.boot.test.context.SpringBootTestContextBootstrapper=true"], contextCustomizers = [org.springframework.boot.test.context.filter.ExcludeFilterContextCustomizer@9816741, org.springframework.boot.test.json.DuplicateJsonObjectContextCustomizerFactory$DuplicateJsonObjectContextCustomizer@2f67a4d3, org.springframework.boot.test.mock.mockito.MockitoContextCustomizer@0, org.springframework.boot.test.web.client.TestRestTemplateContextCustomizer@5c86dbc5, org.springframework.boot.test.web.reactor.netty.DisableReactorResourceFactoryGlobalResourcesContextCustomizerFactory$DisableReactorResourceFactoryGlobalResourcesContextCustomizerCustomizer@5038d0b5, org.springframework.boot.test.autoconfigure.OnFailureConditionReportContextCustomizerFactory$OnFailureConditionReportContextCustomizer@6bb4dd34, org.springframework.boot.test.autoconfigure.actuate.observability.ObservabilityContextCustomizerFactory$DisableObservabilityContextCustomizer@1f, org.springframework.boot.test.autoconfigure.properties.PropertyMappingContextCustomizer@0, org.springframework.boot.test.autoconfigure.web.servlet.WebDriverContextCustomizer@536dbea0, org.springframework.test.context.support.DynamicPropertiesContextCustomizer@0, org.springframework.boot.test.context.SpringBootTestAnnotation@12ec596f], resourceBasePath = "src/main/webapp", contextLoader = org.springframework.boot.test.context.SpringBootContextLoader, parent = null]
	at org.springframework.test.context.cache.DefaultCacheAwareContextLoaderDelegate.loadContext(DefaultCacheAwareContextLoaderDelegate.java:180) ~[spring-test-6.2.5.jar:6.2.5]
	at org.springframework.test.context.support.DefaultTestContext.getApplicationContext(DefaultTestContext.java:130) ~[spring-test-6.2.5.jar:6.2.5]
	at org.springframework.test.context.web.ServletTestExecutionListener.setUpRequestContextIfNecessary(ServletTestExecutionListener.java:200) ~[spring-test-6.2.5.jar:6.2.5]
	at org.springframework.test.context.web.ServletTestExecutionListener.prepareTestInstance(ServletTestExecutionListener.java:139) ~[spring-test-6.2.5.jar:6.2.5]
	at org.springframework.test.context.TestContextManager.prepareTestInstance(TestContextManager.java:260) ~[spring-test-6.2.5.jar:6.2.5]
	at org.springframework.test.context.junit.jupiter.SpringExtension.postProcessTestInstance(SpringExtension.java:160) ~[spring-test-6.2.5.jar:6.2.5]
	at org.junit.jupiter.engine.descriptor.ClassBasedTestDescriptor.lambda$invokeTestInstancePostProcessors$10(ClassBasedTestDescriptor.java:383) ~[junit-jupiter-engine-5.12.1.jar:5.12.1]
	at org.junit.jupiter.engine.descriptor.ClassBasedTestDescriptor.executeAndMaskThrowable(ClassBasedTestDescriptor.java:388) ~[junit-jupiter-engine-5.12.1.jar:5.12.1]
	at org.junit.jupiter.engine.descriptor.ClassBasedTestDescriptor.lambda$invokeTestInstancePostProcessors$11(ClassBasedTestDescriptor.java:382) ~[junit-jupiter-engine-5.12.1.jar:5.12.1]
	at java.base/java.util.stream.ForEachOps$ForEachOp$OfRef.accept(ForEachOps.java:184) ~[na:na]
	at java.base/java.util.stream.ReferencePipeline$3$1.accept(ReferencePipeline.java:215) ~[na:na]
	at java.base/java.util.stream.ReferencePipeline$2$1.accept(ReferencePipeline.java:197) ~[na:na]
	at java.base/java.util.stream.ReferencePipeline$3$1.accept(ReferencePipeline.java:215) ~[na:na]
	at java.base/java.util.ArrayList$ArrayListSpliterator.forEachRemaining(ArrayList.java:1709) ~[na:na]
	at java.base/java.util.stream.AbstractPipeline.copyInto(AbstractPipeline.java:570) ~[na:na]
	at java.base/java.util.stream.AbstractPipeline.wrapAndCopyInto(AbstractPipeline.java:560) ~[na:na]
	at java.base/java.util.stream.ForEachOps$ForEachOp.evaluateSequential(ForEachOps.java:151) ~[na:na]
	at java.base/java.util.stream.ForEachOps$ForEachOp$OfRef.evaluateSequential(ForEachOps.java:174) ~[na:na]
	at java.base/java.util.stream.AbstractPipeline.evaluate(AbstractPipeline.java:265) ~[na:na]
	at java.base/java.util.stream.ReferencePipeline.forEach(ReferencePipeline.java:636) ~[na:na]
	at org.junit.jupiter.engine.descriptor.ClassBasedTestDescriptor.invokeTestInstancePostProcessors(ClassBasedTestDescriptor.java:382) ~[junit-jupiter-engine-5.12.1.jar:5.12.1]
	at org.junit.jupiter.engine.descriptor.ClassBasedTestDescriptor.lambda$instantiateAndPostProcessTestInstance$6(ClassBasedTestDescriptor.java:293) ~[junit-jupiter-engine-5.12.1.jar:5.12.1]
	at org.junit.platform.engine.support.hierarchical.ThrowableCollector.execute(ThrowableCollector.java:73) ~[junit-platform-engine-1.12.1.jar:1.12.1]
	at org.junit.jupiter.engine.descriptor.ClassBasedTestDescriptor.instantiateAndPostProcessTestInstance(ClassBasedTestDescriptor.java:292) ~[junit-jupiter-engine-5.12.1.jar:5.12.1]
	at org.junit.jupiter.engine.descriptor.ClassBasedTestDescriptor.lambda$testInstancesProvider$4(ClassBasedTestDescriptor.java:281) ~[junit-jupiter-engine-5.12.1.jar:5.12.1]
	at java.base/java.util.Optional.orElseGet(Optional.java:364) ~[na:na]
	at org.junit.jupiter.engine.descriptor.ClassBasedTestDescriptor.lambda$testInstancesProvider$5(ClassBasedTestDescriptor.java:280) ~[junit-jupiter-engine-5.12.1.jar:5.12.1]
	at org.junit.jupiter.engine.execution.TestInstancesProvider.getTestInstances(TestInstancesProvider.java:27) ~[junit-jupiter-engine-5.12.1.jar:5.12.1]
	at org.junit.jupiter.engine.descriptor.TestMethodTestDescriptor.lambda$prepare$0(TestMethodTestDescriptor.java:112) ~[junit-jupiter-engine-5.12.1.jar:5.12.1]
	at org.junit.platform.engine.support.hierarchical.ThrowableCollector.execute(ThrowableCollector.java:73) ~[junit-platform-engine-1.12.1.jar:1.12.1]
	at org.junit.jupiter.engine.descriptor.TestMethodTestDescriptor.prepare(TestMethodTestDescriptor.java:111) ~[junit-jupiter-engine-5.12.1.jar:5.12.1]
	at org.junit.jupiter.engine.descriptor.TestMethodTestDescriptor.prepare(TestMethodTestDescriptor.java:69) ~[junit-jupiter-engine-5.12.1.jar:5.12.1]
	at org.junit.platform.engine.support.hierarchical.NodeTestTask.lambda$prepare$2(NodeTestTask.java:128) ~[junit-platform-engine-1.12.1.jar:1.12.1]
	at org.junit.platform.engine.support.hierarchical.ThrowableCollector.execute(ThrowableCollector.java:73) ~[junit-platform-engine-1.12.1.jar:1.12.1]
	at org.junit.platform.engine.support.hierarchical.NodeTestTask.prepare(NodeTestTask.java:128) ~[junit-platform-engine-1.12.1.jar:1.12.1]
	at org.junit.platform.engine.support.hierarchical.NodeTestTask.execute(NodeTestTask.java:95) ~[junit-platform-engine-1.12.1.jar:1.12.1]
	at java.base/java.util.ArrayList.forEach(ArrayList.java:1597) ~[na:na]
	at org.junit.platform.engine.support.hierarchical.SameThreadHierarchicalTestExecutorService.invokeAll(SameThreadHierarchicalTestExecutorService.java:41) ~[junit-platform-engine-1.12.1.jar:1.12.1]
	at org.junit.platform.engine.support.hierarchical.NodeTestTask.lambda$executeRecursively$6(NodeTestTask.java:160) ~[junit-platform-engine-1.12.1.jar:1.12.1]
	at org.junit.platform.engine.support.hierarchical.ThrowableCollector.execute(ThrowableCollector.java:73) ~[junit-platform-engine-1.12.1.jar:1.12.1]
	at org.junit.platform.engine.support.hierarchical.NodeTestTask.lambda$executeRecursively$8(NodeTestTask.java:146) ~[junit-platform-engine-1.12.1.jar:1.12.1]
	at org.junit.platform.engine.support.hierarchical.Node.around(Node.java:137) ~[junit-platform-engine-1.12.1.jar:1.12.1]
	at org.junit.platform.engine.support.hierarchical.NodeTestTask.lambda$executeRecursively$9(NodeTestTask.java:144) ~[junit-platform-engine-1.12.1.jar:1.12.1]
	at org.junit.platform.engine.support.hierarchical.ThrowableCollector.execute(ThrowableCollector.java:73) ~[junit-platform-engine-1.12.1.jar:1.12.1]
	at org.junit.platform.engine.support.hierarchical.NodeTestTask.executeRecursively(NodeTestTask.java:143) ~[junit-platform-engine-1.12.1.jar:1.12.1]
	at org.junit.platform.engine.support.hierarchical.NodeTestTask.execute(NodeTestTask.java:100) ~[junit-platform-engine-1.12.1.jar:1.12.1]
	at java.base/java.util.ArrayList.forEach(ArrayList.java:1597) ~[na:na]
	at org.junit.platform.engine.support.hierarchical.SameThreadHierarchicalTestExecutorService.invokeAll(SameThreadHierarchicalTestExecutorService.java:41) ~[junit-platform-engine-1.12.1.jar:1.12.1]
	at org.junit.platform.engine.support.hierarchical.NodeTestTask.lambda$executeRecursively$6(NodeTestTask.java:160) ~[junit-platform-engine-1.12.1.jar:1.12.1]
	at org.junit.platform.engine.support.hierarchical.ThrowableCollector.execute(ThrowableCollector.java:73) ~[junit-platform-engine-1.12.1.jar:1.12.1]
	at org.junit.platform.engine.support.hierarchical.NodeTestTask.lambda$executeRecursively$8(NodeTestTask.java:146) ~[junit-platform-engine-1.12.1.jar:1.12.1]
	at org.junit.platform.engine.support.hierarchical.Node.around(Node.java:137) ~[junit-platform-engine-1.12.1.jar:1.12.1]
	at org.junit.platform.engine.support.hierarchical.NodeTestTask.lambda$executeRecursively$9(NodeTestTask.java:144) ~[junit-platform-engine-1.12.1.jar:1.12.1]
	at org.junit.platform.engine.support.hierarchical.ThrowableCollector.execute(ThrowableCollector.java:73) ~[junit-platform-engine-1.12.1.jar:1.12.1]
	at org.junit.platform.engine.support.hierarchical.NodeTestTask.executeRecursively(NodeTestTask.java:143) ~[junit-platform-engine-1.12.1.jar:1.12.1]
	at org.junit.platform.engine.support.hierarchical.NodeTestTask.execute(NodeTestTask.java:100) ~[junit-platform-engine-1.12.1.jar:1.12.1]
	at org.junit.platform.engine.support.hierarchical.SameThreadHierarchicalTestExecutorService.submit(SameThreadHierarchicalTestExecutorService.java:35) ~[junit-platform-engine-1.12.1.jar:1.12.1]
	at org.junit.platform.engine.support.hierarchical.HierarchicalTestExecutor.execute(HierarchicalTestExecutor.java:57) ~[junit-platform-engine-1.12.1.jar:1.12.1]
	at org.junit.platform.engine.support.hierarchical.HierarchicalTestEngine.execute(HierarchicalTestEngine.java:54) ~[junit-platform-engine-1.12.1.jar:1.12.1]
	at org.junit.platform.launcher.core.EngineExecutionOrchestrator.execute(EngineExecutionOrchestrator.java:201) ~[junit-platform-launcher-1.12.1.jar:1.12.1]
	at org.junit.platform.launcher.core.EngineExecutionOrchestrator.execute(EngineExecutionOrchestrator.java:170) ~[junit-platform-launcher-1.12.1.jar:1.12.1]
	at org.junit.platform.launcher.core.EngineExecutionOrchestrator.execute(EngineExecutionOrchestrator.java:94) ~[junit-platform-launcher-1.12.1.jar:1.12.1]
	at org.junit.platform.launcher.core.EngineExecutionOrchestrator.lambda$execute$0(EngineExecutionOrchestrator.java:59) ~[junit-platform-launcher-1.12.1.jar:1.12.1]
	at org.junit.platform.launcher.core.EngineExecutionOrchestrator.withInterceptedStreams(EngineExecutionOrchestrator.java:142) ~[junit-platform-launcher-1.12.1.jar:1.12.1]
	at org.junit.platform.launcher.core.EngineExecutionOrchestrator.execute(EngineExecutionOrchestrator.java:58) ~[junit-platform-launcher-1.12.1.jar:1.12.1]
	at org.junit.platform.launcher.core.DefaultLauncher.execute(DefaultLauncher.java:103) ~[junit-platform-launcher-1.12.1.jar:1.12.1]
	at org.junit.platform.launcher.core.DefaultLauncher.execute(DefaultLauncher.java:85) ~[junit-platform-launcher-1.12.1.jar:1.12.1]
	at org.junit.platform.launcher.core.DelegatingLauncher.execute(DelegatingLauncher.java:47) ~[junit-platform-launcher-1.12.1.jar:1.12.1]
	at org.junit.platform.launcher.core.InterceptingLauncher.lambda$execute$1(InterceptingLauncher.java:39) ~[junit-platform-launcher-1.12.1.jar:1.12.1]
	at org.junit.platform.launcher.core.ClasspathAlignmentCheckingLauncherInterceptor.intercept(ClasspathAlignmentCheckingLauncherInterceptor.java:25) ~[junit-platform-launcher-1.12.1.jar:1.12.1]
	at org.junit.platform.launcher.core.InterceptingLauncher.execute(InterceptingLauncher.java:38) ~[junit-platform-launcher-1.12.1.jar:1.12.1]
	at org.junit.platform.launcher.core.DelegatingLauncher.execute(DelegatingLauncher.java:47) ~[junit-platform-launcher-1.12.1.jar:1.12.1]
	at org.apache.maven.surefire.junitplatform.LazyLauncher.execute(LazyLauncher.java:56) ~[surefire-junit-platform-3.5.2.jar:3.5.2]
	at org.apache.maven.surefire.junitplatform.JUnitPlatformProvider.execute(JUnitPlatformProvider.java:184) ~[surefire-junit-platform-3.5.2.jar:3.5.2]
	at org.apache.maven.surefire.junitplatform.JUnitPlatformProvider.invokeAllTests(JUnitPlatformProvider.java:148) ~[surefire-junit-platform-3.5.2.jar:3.5.2]
	at org.apache.maven.surefire.junitplatform.JUnitPlatformProvider.invoke(JUnitPlatformProvider.java:122) ~[surefire-junit-platform-3.5.2.jar:3.5.2]
	at org.apache.maven.surefire.booter.ForkedBooter.runSuitesInProcess(ForkedBooter.java:385) ~[surefire-booter-3.5.2.jar:3.5.2]
	at org.apache.maven.surefire.booter.ForkedBooter.execute(ForkedBooter.java:162) ~[surefire-booter-3.5.2.jar:3.5.2]
	at org.apache.maven.surefire.booter.ForkedBooter.run(ForkedBooter.java:507) ~[surefire-booter-3.5.2.jar:3.5.2]
	at org.apache.maven.surefire.booter.ForkedBooter.main(ForkedBooter.java:495) ~[surefire-booter-3.5.2.jar:3.5.2]
Caused by: org.springframework.beans.factory.UnsatisfiedDependencyException: Error creating bean with name 'securityConfig' defined in file [/Users/samikshathakur/Documents/Capgemini/BL_SpringAddressBookApp/target/classes/com/example/addressbook/config/SecurityConfig.class]: Unsatisfied dependency expressed through constructor parameter 0: Error creating bean with name 'jwtAuthenticationFilter': Unsatisfied dependency expressed through field 'userDetailsService': Error creating bean with name 'securityConfig': Requested bean is currently in creation: Is there an unresolvable circular reference or an asynchronous initialization dependency?
	at org.springframework.beans.factory.support.ConstructorResolver.createArgumentArray(ConstructorResolver.java:804) ~[spring-beans-6.2.5.jar:6.2.5]
	at org.springframework.beans.factory.support.ConstructorResolver.autowireConstructor(ConstructorResolver.java:240) ~[spring-beans-6.2.5.jar:6.2.5]
	at org.springframework.beans.factory.support.AbstractAutowireCapableBeanFactory.autowireConstructor(AbstractAutowireCapableBeanFactory.java:1381) ~[spring-beans-6.2.5.jar:6.2.5]
	at org.springframework.beans.factory.support.AbstractAutowireCapableBeanFactory.createBeanInstance(AbstractAutowireCapableBeanFactory.java:1218) ~[spring-beans-6.2.5.jar:6.2.5]
	at org.springframework.beans.factory.support.AbstractAutowireCapableBeanFactory.doCreateBean(AbstractAutowireCapableBeanFactory.java:563) ~[spring-beans-6.2.5.jar:6.2.5]
	at org.springframework.beans.factory.support.AbstractAutowireCapableBeanFactory.createBean(AbstractAutowireCapableBeanFactory.java:523) ~[spring-beans-6.2.5.jar:6.2.5]
	at org.springframework.beans.factory.support.AbstractBeanFactory.lambda$doGetBean$0(AbstractBeanFactory.java:339) ~[spring-beans-6.2.5.jar:6.2.5]
	at org.springframework.beans.factory.support.DefaultSingletonBeanRegistry.getSingleton(DefaultSingletonBeanRegistry.java:347) ~[spring-beans-6.2.5.jar:6.2.5]
	at org.springframework.beans.factory.support.AbstractBeanFactory.doGetBean(AbstractBeanFactory.java:337) ~[spring-beans-6.2.5.jar:6.2.5]
	at org.springframework.beans.factory.support.AbstractBeanFactory.getBean(AbstractBeanFactory.java:202) ~[spring-beans-6.2.5.jar:6.2.5]
	at org.springframework.beans.factory.support.DefaultListableBeanFactory.instantiateSingleton(DefaultListableBeanFactory.java:1155) ~[spring-beans-6.2.5.jar:6.2.5]
	at org.springframework.beans.factory.support.DefaultListableBeanFactory.preInstantiateSingleton(DefaultListableBeanFactory.java:1121) ~[spring-beans-6.2.5.jar:6.2.5]
	at org.springframework.beans.factory.support.DefaultListableBeanFactory.preInstantiateSingletons(DefaultListableBeanFactory.java:1056) ~[spring-beans-6.2.5.jar:6.2.5]
	at org.springframework.context.support.AbstractApplicationContext.finishBeanFactoryInitialization(AbstractApplicationContext.java:987) ~[spring-context-6.2.5.jar:6.2.5]
	at org.springframework.context.support.AbstractApplicationContext.refresh(AbstractApplicationContext.java:627) ~[spring-context-6.2.5.jar:6.2.5]
	at org.springframework.boot.SpringApplication.refresh(SpringApplication.java:752) ~[spring-boot-3.5.0-SNAPSHOT.jar:3.5.0-SNAPSHOT]
	at org.springframework.boot.SpringApplication.refreshContext(SpringApplication.java:439) ~[spring-boot-3.5.0-SNAPSHOT.jar:3.5.0-SNAPSHOT]
	at org.springframework.boot.SpringApplication.run(SpringApplication.java:318) ~[spring-boot-3.5.0-SNAPSHOT.jar:3.5.0-SNAPSHOT]
	at org.springframework.boot.test.context.SpringBootContextLoader.lambda$loadContext$3(SpringBootContextLoader.java:144) ~[spring-boot-test-3.5.0-SNAPSHOT.jar:3.5.0-SNAPSHOT]
	at org.springframework.util.function.ThrowingSupplier.get(ThrowingSupplier.java:58) ~[spring-core-6.2.5.jar:6.2.5]
	at org.springframework.util.function.ThrowingSupplier.get(ThrowingSupplier.java:46) ~[spring-core-6.2.5.jar:6.2.5]
	at org.springframework.boot.SpringApplication.withHook(SpringApplication.java:1461) ~[spring-boot-3.5.0-SNAPSHOT.jar:3.5.0-SNAPSHOT]
	at org.springframework.boot.test.context.SpringBootContextLoader$ContextLoaderHook.run(SpringBootContextLoader.java:563) ~[spring-boot-test-3.5.0-SNAPSHOT.jar:3.5.0-SNAPSHOT]
	at org.springframework.boot.test.context.SpringBootContextLoader.loadContext(SpringBootContextLoader.java:144) ~[spring-boot-test-3.5.0-SNAPSHOT.jar:3.5.0-SNAPSHOT]
	at org.springframework.boot.test.context.SpringBootContextLoader.loadContext(SpringBootContextLoader.java:110) ~[spring-boot-test-3.5.0-SNAPSHOT.jar:3.5.0-SNAPSHOT]
	at org.springframework.test.context.cache.DefaultCacheAwareContextLoaderDelegate.loadContextInternal(DefaultCacheAwareContextLoaderDelegate.java:225) ~[spring-test-6.2.5.jar:6.2.5]
	at org.springframework.test.context.cache.DefaultCacheAwareContextLoaderDelegate.loadContext(DefaultCacheAwareContextLoaderDelegate.java:152) ~[spring-test-6.2.5.jar:6.2.5]
	... 79 common frames omitted
Caused by: org.springframework.beans.factory.UnsatisfiedDependencyException: Error creating bean with name 'jwtAuthenticationFilter': Unsatisfied dependency expressed through field 'userDetailsService': Error creating bean with name 'securityConfig': Requested bean is currently in creation: Is there an unresolvable circular reference or an asynchronous initialization dependency?
	at org.springframework.beans.factory.annotation.AutowiredAnnotationBeanPostProcessor$AutowiredFieldElement.resolveFieldValue(AutowiredAnnotationBeanPostProcessor.java:788) ~[spring-beans-6.2.5.jar:6.2.5]
	at org.springframework.beans.factory.annotation.AutowiredAnnotationBeanPostProcessor$AutowiredFieldElement.inject(AutowiredAnnotationBeanPostProcessor.java:768) ~[spring-beans-6.2.5.jar:6.2.5]
	at org.springframework.beans.factory.annotation.InjectionMetadata.inject(InjectionMetadata.java:146) ~[spring-beans-6.2.5.jar:6.2.5]
	at org.springframework.beans.factory.annotation.AutowiredAnnotationBeanPostProcessor.postProcessProperties(AutowiredAnnotationBeanPostProcessor.java:509) ~[spring-beans-6.2.5.jar:6.2.5]
	at org.springframework.beans.factory.support.AbstractAutowireCapableBeanFactory.populateBean(AbstractAutowireCapableBeanFactory.java:1445) ~[spring-beans-6.2.5.jar:6.2.5]
	at org.springframework.beans.factory.support.AbstractAutowireCapableBeanFactory.doCreateBean(AbstractAutowireCapableBeanFactory.java:600) ~[spring-beans-6.2.5.jar:6.2.5]
	at org.springframework.beans.factory.support.AbstractAutowireCapableBeanFactory.createBean(AbstractAutowireCapableBeanFactory.java:523) ~[spring-beans-6.2.5.jar:6.2.5]
	at org.springframework.beans.factory.support.AbstractBeanFactory.lambda$doGetBean$0(AbstractBeanFactory.java:339) ~[spring-beans-6.2.5.jar:6.2.5]
	at org.springframework.beans.factory.support.DefaultSingletonBeanRegistry.getSingleton(DefaultSingletonBeanRegistry.java:347) ~[spring-beans-6.2.5.jar:6.2.5]
	at org.springframework.beans.factory.support.AbstractBeanFactory.doGetBean(AbstractBeanFactory.java:337) ~[spring-beans-6.2.5.jar:6.2.5]
	at org.springframework.beans.factory.support.AbstractBeanFactory.getBean(AbstractBeanFactory.java:202) ~[spring-beans-6.2.5.jar:6.2.5]
	at org.springframework.beans.factory.support.DefaultListableBeanFactory.doResolveDependency(DefaultListableBeanFactory.java:1609) ~[spring-beans-6.2.5.jar:6.2.5]
	at org.springframework.beans.factory.support.DefaultListableBeanFactory.resolveDependency(DefaultListableBeanFactory.java:1555) ~[spring-beans-6.2.5.jar:6.2.5]
	at org.springframework.beans.factory.support.ConstructorResolver.resolveAutowiredArgument(ConstructorResolver.java:913) ~[spring-beans-6.2.5.jar:6.2.5]
	at org.springframework.beans.factory.support.ConstructorResolver.createArgumentArray(ConstructorResolver.java:791) ~[spring-beans-6.2.5.jar:6.2.5]
	... 105 common frames omitted
Caused by: org.springframework.beans.factory.BeanCurrentlyInCreationException: Error creating bean with name 'securityConfig': Requested bean is currently in creation: Is there an unresolvable circular reference or an asynchronous initialization dependency?
	at org.springframework.beans.factory.support.DefaultSingletonBeanRegistry.beforeSingletonCreation(DefaultSingletonBeanRegistry.java:498) ~[spring-beans-6.2.5.jar:6.2.5]
	at org.springframework.beans.factory.support.DefaultSingletonBeanRegistry.getSingleton(DefaultSingletonBeanRegistry.java:301) ~[spring-beans-6.2.5.jar:6.2.5]
	at org.springframework.beans.factory.support.AbstractBeanFactory.doGetBean(AbstractBeanFactory.java:337) ~[spring-beans-6.2.5.jar:6.2.5]
	at org.springframework.beans.factory.support.AbstractBeanFactory.getBean(AbstractBeanFactory.java:202) ~[spring-beans-6.2.5.jar:6.2.5]
	at org.springframework.beans.factory.support.ConstructorResolver.instantiateUsingFactoryMethod(ConstructorResolver.java:413) ~[spring-beans-6.2.5.jar:6.2.5]
	at org.springframework.beans.factory.support.AbstractAutowireCapableBeanFactory.instantiateUsingFactoryMethod(AbstractAutowireCapableBeanFactory.java:1361) ~[spring-beans-6.2.5.jar:6.2.5]
	at org.springframework.beans.factory.support.AbstractAutowireCapableBeanFactory.createBeanInstance(AbstractAutowireCapableBeanFactory.java:1191) ~[spring-beans-6.2.5.jar:6.2.5]
	at org.springframework.beans.factory.support.AbstractAutowireCapableBeanFactory.doCreateBean(AbstractAutowireCapableBeanFactory.java:563) ~[spring-beans-6.2.5.jar:6.2.5]
	at org.springframework.beans.factory.support.AbstractAutowireCapableBeanFactory.createBean(AbstractAutowireCapableBeanFactory.java:523) ~[spring-beans-6.2.5.jar:6.2.5]
	at org.springframework.beans.factory.support.AbstractBeanFactory.lambda$doGetBean$0(AbstractBeanFactory.java:339) ~[spring-beans-6.2.5.jar:6.2.5]
	at org.springframework.beans.factory.support.DefaultSingletonBeanRegistry.getSingleton(DefaultSingletonBeanRegistry.java:347) ~[spring-beans-6.2.5.jar:6.2.5]
	at org.springframework.beans.factory.support.AbstractBeanFactory.doGetBean(AbstractBeanFactory.java:337) ~[spring-beans-6.2.5.jar:6.2.5]
	at org.springframework.beans.factory.support.AbstractBeanFactory.getBean(AbstractBeanFactory.java:202) ~[spring-beans-6.2.5.jar:6.2.5]
	at org.springframework.beans.factory.support.DefaultListableBeanFactory.doResolveDependency(DefaultListableBeanFactory.java:1609) ~[spring-beans-6.2.5.jar:6.2.5]
	at org.springframework.beans.factory.support.DefaultListableBeanFactory.resolveDependency(DefaultListableBeanFactory.java:1555) ~[spring-beans-6.2.5.jar:6.2.5]
	at org.springframework.beans.factory.annotation.AutowiredAnnotationBeanPostProcessor$AutowiredFieldElement.resolveFieldValue(AutowiredAnnotationBeanPostProcessor.java:785) ~[spring-beans-6.2.5.jar:6.2.5]
	... 119 common frames omitted

2025-03-25T11:02:25.587+05:30  INFO 12252 --- [Address Book] [main] c.e.a.AddressBookApplicationTests        : Starting AddressBookApplicationTests using Java 23.0.2 with PID 12252 (started by samikshathakur in /Users/samikshathakur/Documents/Capgemini/BL_SpringAddressBookApp)
2025-03-25T11:02:25.588+05:30 DEBUG 12252 --- [Address Book] [main] c.e.a.AddressBookApplicationTests        : Running with Spring Boot v3.5.0-SNAPSHOT, Spring v6.2.5
2025-03-25T11:02:25.588+05:30  INFO 12252 --- [Address Book] [main] c.e.a.AddressBookApplicationTests        : No active profile set, falling back to 1 default profile: "default"
2025-03-25T11:02:25.915+05:30  INFO 12252 --- [Address Book] [main] .s.d.r.c.RepositoryConfigurationDelegate : Bootstrapping Spring Data JPA repositories in DEFAULT mode.
2025-03-25T11:02:25.938+05:30  INFO 12252 --- [Address Book] [main] .s.d.r.c.RepositoryConfigurationDelegate : Finished Spring Data repository scanning in 17 ms. Found 2 JPA repository interfaces.
2025-03-25T11:02:26.450+05:30  INFO 12252 --- [Address Book] [main] o.hibernate.jpa.internal.util.LogHelper  : HHH000204: Processing PersistenceUnitInfo [name: default]
2025-03-25T11:02:26.489+05:30  INFO 12252 --- [Address Book] [main] org.hibernate.Version                    : HHH000412: Hibernate ORM core version 6.6.11.Final
2025-03-25T11:02:26.508+05:30  INFO 12252 --- [Address Book] [main] o.h.c.internal.RegionFactoryInitiator    : HHH000026: Second-level cache disabled
2025-03-25T11:02:26.669+05:30  INFO 12252 --- [Address Book] [main] o.s.o.j.p.SpringPersistenceUnitInfo      : No LoadTimeWeaver setup: ignoring JPA class transformer
2025-03-25T11:02:26.684+05:30  INFO 12252 --- [Address Book] [main] com.zaxxer.hikari.HikariDataSource       : HikariPool-1 - Starting...
2025-03-25T11:02:26.928+05:30  INFO 12252 --- [Address Book] [main] com.zaxxer.hikari.pool.HikariPool        : HikariPool-1 - Added connection com.mysql.cj.jdbc.ConnectionImpl@39004e4f
2025-03-25T11:02:26.929+05:30  INFO 12252 --- [Address Book] [main] com.zaxxer.hikari.HikariDataSource       : HikariPool-1 - Start completed.
2025-03-25T11:02:26.956+05:30  WARN 12252 --- [Address Book] [main] org.hibernate.orm.deprecation            : HHH90000025: MySQL8Dialect does not need to be specified explicitly using 'hibernate.dialect' (remove the property setting and it will be selected by default)
2025-03-25T11:02:26.956+05:30  WARN 12252 --- [Address Book] [main] org.hibernate.orm.deprecation            : HHH90000026: MySQL8Dialect has been deprecated; use org.hibernate.dialect.MySQLDialect instead
2025-03-25T11:02:26.965+05:30  INFO 12252 --- [Address Book] [main] org.hibernate.orm.connections.pooling    : HHH10001005: Database info:
	Database JDBC URL [Connecting through datasource 'HikariDataSource (HikariPool-1)']
	Database driver: undefined/unknown
	Database version: 8.0
	Autocommit mode: undefined/unknown
	Isolation level: undefined/unknown
	Minimum pool size: undefined/unknown
	Maximum pool size: undefined/unknown
2025-03-25T11:02:27.402+05:30  INFO 12252 --- [Address Book] [main] o.h.e.t.j.p.i.JtaPlatformInitiator       : HHH000489: No JTA platform available (set 'hibernate.transaction.jta.platform' to enable JTA platform integration)
2025-03-25T11:02:27.459+05:30  INFO 12252 --- [Address Book] [main] j.LocalContainerEntityManagerFactoryBean : Initialized JPA EntityManagerFactory for persistence unit 'default'
2025-03-25T11:02:27.471+05:30  WARN 12252 --- [Address Book] [main] o.s.w.c.s.GenericWebApplicationContext   : Exception encountered during context initialization - cancelling refresh attempt: org.springframework.beans.factory.UnsatisfiedDependencyException: Error creating bean with name 'securityConfig' defined in file [/Users/samikshathakur/Documents/Capgemini/BL_SpringAddressBookApp/target/classes/com/example/addressbook/config/SecurityConfig.class]: Unsatisfied dependency expressed through constructor parameter 0: Error creating bean with name 'jwtAuthenticationFilter': Unsatisfied dependency expressed through field 'userDetailsService': Error creating bean with name 'securityConfig': Requested bean is currently in creation: Is there an unresolvable circular reference or an asynchronous initialization dependency?
2025-03-25T11:02:27.471+05:30  INFO 12252 --- [Address Book] [main] j.LocalContainerEntityManagerFactoryBean : Closing JPA EntityManagerFactory for persistence unit 'default'
2025-03-25T11:02:27.472+05:30  INFO 12252 --- [Address Book] [main] com.zaxxer.hikari.HikariDataSource       : HikariPool-1 - Shutdown initiated...
2025-03-25T11:02:27.476+05:30  INFO 12252 --- [Address Book] [main] com.zaxxer.hikari.HikariDataSource       : HikariPool-1 - Shutdown completed.
2025-03-25T11:02:27.498+05:30  INFO 12252 --- [Address Book] [main] .s.b.a.l.ConditionEvaluationReportLogger : 

Error starting ApplicationContext. To display the condition evaluation report re-run your application with 'debug' enabled.
2025-03-25T11:02:27.508+05:30 ERROR 12252 --- [Address Book] [main] o.s.b.d.LoggingFailureAnalysisReporter   : 

***************************
APPLICATION FAILED TO START
***************************

Description:

The dependencies of some of the beans in the application context form a cycle:

┌─────┐
|  securityConfig defined in file [/Users/samikshathakur/Documents/Capgemini/BL_SpringAddressBookApp/target/classes/com/example/addressbook/config/SecurityConfig.class]
↑     ↓
|  jwtAuthenticationFilter (field private org.springframework.security.core.userdetails.UserDetailsService com.example.addressbook.security.JwtAuthenticationFilter.userDetailsService)
└─────┘


Action:

Despite circular references being allowed, the dependency cycle between beans could not be broken. Update your application to remove the dependency cycle.

2025-03-25T11:02:27.512+05:30  WARN 12252 --- [Address Book] [main] o.s.test.context.TestContextManager      : Caught exception while allowing TestExecutionListener [org.springframework.test.context.web.ServletTestExecutionListener] to prepare test instance [com.example.addressbook.AddressBookApplicationTests@1a0e5c0c]

java.lang.IllegalStateException: Failed to load ApplicationContext for [WebMergedContextConfiguration@2472ba04 testClass = com.example.addressbook.AddressBookApplicationTests, locations = [], classes = [com.example.addressbook.AddressBookApplication], contextInitializerClasses = [], activeProfiles = [], propertySourceDescriptors = [], propertySourceProperties = ["org.springframework.boot.test.context.SpringBootTestContextBootstrapper=true"], contextCustomizers = [org.springframework.boot.test.context.filter.ExcludeFilterContextCustomizer@9816741, org.springframework.boot.test.json.DuplicateJsonObjectContextCustomizerFactory$DuplicateJsonObjectContextCustomizer@2f67a4d3, org.springframework.boot.test.mock.mockito.MockitoContextCustomizer@0, org.springframework.boot.test.web.client.TestRestTemplateContextCustomizer@5c86dbc5, org.springframework.boot.test.web.reactor.netty.DisableReactorResourceFactoryGlobalResourcesContextCustomizerFactory$DisableReactorResourceFactoryGlobalResourcesContextCustomizerCustomizer@5038d0b5, org.springframework.boot.test.autoconfigure.OnFailureConditionReportContextCustomizerFactory$OnFailureConditionReportContextCustomizer@6bb4dd34, org.springframework.boot.test.autoconfigure.actuate.observability.ObservabilityContextCustomizerFactory$DisableObservabilityContextCustomizer@1f, org.springframework.boot.test.autoconfigure.properties.PropertyMappingContextCustomizer@0, org.springframework.boot.test.autoconfigure.web.servlet.WebDriverContextCustomizer@536dbea0, org.springframework.test.context.support.DynamicPropertiesContextCustomizer@0, org.springframework.boot.test.context.SpringBootTestAnnotation@12ec596f], resourceBasePath = "src/main/webapp", contextLoader = org.springframework.boot.test.context.SpringBootContextLoader, parent = null]
	at org.springframework.test.context.cache.DefaultCacheAwareContextLoaderDelegate.loadContext(DefaultCacheAwareContextLoaderDelegate.java:180) ~[spring-test-6.2.5.jar:6.2.5]
	at org.springframework.test.context.support.DefaultTestContext.getApplicationContext(DefaultTestContext.java:130) ~[spring-test-6.2.5.jar:6.2.5]
	at org.springframework.test.context.web.ServletTestExecutionListener.setUpRequestContextIfNecessary(ServletTestExecutionListener.java:200) ~[spring-test-6.2.5.jar:6.2.5]
	at org.springframework.test.context.web.ServletTestExecutionListener.prepareTestInstance(ServletTestExecutionListener.java:139) ~[spring-test-6.2.5.jar:6.2.5]
	at org.springframework.test.context.TestContextManager.prepareTestInstance(TestContextManager.java:260) ~[spring-test-6.2.5.jar:6.2.5]
	at org.springframework.test.context.junit.jupiter.SpringExtension.postProcessTestInstance(SpringExtension.java:160) ~[spring-test-6.2.5.jar:6.2.5]
	at org.junit.jupiter.engine.descriptor.ClassBasedTestDescriptor.lambda$invokeTestInstancePostProcessors$10(ClassBasedTestDescriptor.java:383) ~[junit-jupiter-engine-5.12.1.jar:5.12.1]
	at org.junit.jupiter.engine.descriptor.ClassBasedTestDescriptor.executeAndMaskThrowable(ClassBasedTestDescriptor.java:388) ~[junit-jupiter-engine-5.12.1.jar:5.12.1]
	at org.junit.jupiter.engine.descriptor.ClassBasedTestDescriptor.lambda$invokeTestInstancePostProcessors$11(ClassBasedTestDescriptor.java:382) ~[junit-jupiter-engine-5.12.1.jar:5.12.1]
	at java.base/java.util.stream.ForEachOps$ForEachOp$OfRef.accept(ForEachOps.java:184) ~[na:na]
	at java.base/java.util.stream.ReferencePipeline$3$1.accept(ReferencePipeline.java:215) ~[na:na]
	at java.base/java.util.stream.ReferencePipeline$2$1.accept(ReferencePipeline.java:197) ~[na:na]
	at java.base/java.util.stream.ReferencePipeline$3$1.accept(ReferencePipeline.java:215) ~[na:na]
	at java.base/java.util.ArrayList$ArrayListSpliterator.forEachRemaining(ArrayList.java:1709) ~[na:na]
	at java.base/java.util.stream.AbstractPipeline.copyInto(AbstractPipeline.java:570) ~[na:na]
	at java.base/java.util.stream.AbstractPipeline.wrapAndCopyInto(AbstractPipeline.java:560) ~[na:na]
	at java.base/java.util.stream.ForEachOps$ForEachOp.evaluateSequential(ForEachOps.java:151) ~[na:na]
	at java.base/java.util.stream.ForEachOps$ForEachOp$OfRef.evaluateSequential(ForEachOps.java:174) ~[na:na]
	at java.base/java.util.stream.AbstractPipeline.evaluate(AbstractPipeline.java:265) ~[na:na]
	at java.base/java.util.stream.ReferencePipeline.forEach(ReferencePipeline.java:636) ~[na:na]
	at org.junit.jupiter.engine.descriptor.ClassBasedTestDescriptor.invokeTestInstancePostProcessors(ClassBasedTestDescriptor.java:382) ~[junit-jupiter-engine-5.12.1.jar:5.12.1]
	at org.junit.jupiter.engine.descriptor.ClassBasedTestDescriptor.lambda$instantiateAndPostProcessTestInstance$6(ClassBasedTestDescriptor.java:293) ~[junit-jupiter-engine-5.12.1.jar:5.12.1]
	at org.junit.platform.engine.support.hierarchical.ThrowableCollector.execute(ThrowableCollector.java:73) ~[junit-platform-engine-1.12.1.jar:1.12.1]
	at org.junit.jupiter.engine.descriptor.ClassBasedTestDescriptor.instantiateAndPostProcessTestInstance(ClassBasedTestDescriptor.java:292) ~[junit-jupiter-engine-5.12.1.jar:5.12.1]
	at org.junit.jupiter.engine.descriptor.ClassBasedTestDescriptor.lambda$testInstancesProvider$4(ClassBasedTestDescriptor.java:281) ~[junit-jupiter-engine-5.12.1.jar:5.12.1]
	at java.base/java.util.Optional.orElseGet(Optional.java:364) ~[na:na]
	at org.junit.jupiter.engine.descriptor.ClassBasedTestDescriptor.lambda$testInstancesProvider$5(ClassBasedTestDescriptor.java:280) ~[junit-jupiter-engine-5.12.1.jar:5.12.1]
	at org.junit.jupiter.engine.execution.TestInstancesProvider.getTestInstances(TestInstancesProvider.java:27) ~[junit-jupiter-engine-5.12.1.jar:5.12.1]
	at org.junit.jupiter.engine.descriptor.TestMethodTestDescriptor.lambda$prepare$0(TestMethodTestDescriptor.java:112) ~[junit-jupiter-engine-5.12.1.jar:5.12.1]
	at org.junit.platform.engine.support.hierarchical.ThrowableCollector.execute(ThrowableCollector.java:73) ~[junit-platform-engine-1.12.1.jar:1.12.1]
	at org.junit.jupiter.engine.descriptor.TestMethodTestDescriptor.prepare(TestMethodTestDescriptor.java:111) ~[junit-jupiter-engine-5.12.1.jar:5.12.1]
	at org.junit.jupiter.engine.descriptor.TestMethodTestDescriptor.prepare(TestMethodTestDescriptor.java:69) ~[junit-jupiter-engine-5.12.1.jar:5.12.1]
	at org.junit.platform.engine.support.hierarchical.NodeTestTask.lambda$prepare$2(NodeTestTask.java:128) ~[junit-platform-engine-1.12.1.jar:1.12.1]
	at org.junit.platform.engine.support.hierarchical.ThrowableCollector.execute(ThrowableCollector.java:73) ~[junit-platform-engine-1.12.1.jar:1.12.1]
	at org.junit.platform.engine.support.hierarchical.NodeTestTask.prepare(NodeTestTask.java:128) ~[junit-platform-engine-1.12.1.jar:1.12.1]
	at org.junit.platform.engine.support.hierarchical.NodeTestTask.execute(NodeTestTask.java:95) ~[junit-platform-engine-1.12.1.jar:1.12.1]
	at java.base/java.util.ArrayList.forEach(ArrayList.java:1597) ~[na:na]
	at org.junit.platform.engine.support.hierarchical.SameThreadHierarchicalTestExecutorService.invokeAll(SameThreadHierarchicalTestExecutorService.java:41) ~[junit-platform-engine-1.12.1.jar:1.12.1]
	at org.junit.platform.engine.support.hierarchical.NodeTestTask.lambda$executeRecursively$6(NodeTestTask.java:160) ~[junit-platform-engine-1.12.1.jar:1.12.1]
	at org.junit.platform.engine.support.hierarchical.ThrowableCollector.execute(ThrowableCollector.java:73) ~[junit-platform-engine-1.12.1.jar:1.12.1]
	at org.junit.platform.engine.support.hierarchical.NodeTestTask.lambda$executeRecursively$8(NodeTestTask.java:146) ~[junit-platform-engine-1.12.1.jar:1.12.1]
	at org.junit.platform.engine.support.hierarchical.Node.around(Node.java:137) ~[junit-platform-engine-1.12.1.jar:1.12.1]
	at org.junit.platform.engine.support.hierarchical.NodeTestTask.lambda$executeRecursively$9(NodeTestTask.java:144) ~[junit-platform-engine-1.12.1.jar:1.12.1]
	at org.junit.platform.engine.support.hierarchical.ThrowableCollector.execute(ThrowableCollector.java:73) ~[junit-platform-engine-1.12.1.jar:1.12.1]
	at org.junit.platform.engine.support.hierarchical.NodeTestTask.executeRecursively(NodeTestTask.java:143) ~[junit-platform-engine-1.12.1.jar:1.12.1]
	at org.junit.platform.engine.support.hierarchical.NodeTestTask.execute(NodeTestTask.java:100) ~[junit-platform-engine-1.12.1.jar:1.12.1]
	at java.base/java.util.ArrayList.forEach(ArrayList.java:1597) ~[na:na]
	at org.junit.platform.engine.support.hierarchical.SameThreadHierarchicalTestExecutorService.invokeAll(SameThreadHierarchicalTestExecutorService.java:41) ~[junit-platform-engine-1.12.1.jar:1.12.1]
	at org.junit.platform.engine.support.hierarchical.NodeTestTask.lambda$executeRecursively$6(NodeTestTask.java:160) ~[junit-platform-engine-1.12.1.jar:1.12.1]
	at org.junit.platform.engine.support.hierarchical.ThrowableCollector.execute(ThrowableCollector.java:73) ~[junit-platform-engine-1.12.1.jar:1.12.1]
	at org.junit.platform.engine.support.hierarchical.NodeTestTask.lambda$executeRecursively$8(NodeTestTask.java:146) ~[junit-platform-engine-1.12.1.jar:1.12.1]
	at org.junit.platform.engine.support.hierarchical.Node.around(Node.java:137) ~[junit-platform-engine-1.12.1.jar:1.12.1]
	at org.junit.platform.engine.support.hierarchical.NodeTestTask.lambda$executeRecursively$9(NodeTestTask.java:144) ~[junit-platform-engine-1.12.1.jar:1.12.1]
	at org.junit.platform.engine.support.hierarchical.ThrowableCollector.execute(ThrowableCollector.java:73) ~[junit-platform-engine-1.12.1.jar:1.12.1]
	at org.junit.platform.engine.support.hierarchical.NodeTestTask.executeRecursively(NodeTestTask.java:143) ~[junit-platform-engine-1.12.1.jar:1.12.1]
	at org.junit.platform.engine.support.hierarchical.NodeTestTask.execute(NodeTestTask.java:100) ~[junit-platform-engine-1.12.1.jar:1.12.1]
	at org.junit.platform.engine.support.hierarchical.SameThreadHierarchicalTestExecutorService.submit(SameThreadHierarchicalTestExecutorService.java:35) ~[junit-platform-engine-1.12.1.jar:1.12.1]
	at org.junit.platform.engine.support.hierarchical.HierarchicalTestExecutor.execute(HierarchicalTestExecutor.java:57) ~[junit-platform-engine-1.12.1.jar:1.12.1]
	at org.junit.platform.engine.support.hierarchical.HierarchicalTestEngine.execute(HierarchicalTestEngine.java:54) ~[junit-platform-engine-1.12.1.jar:1.12.1]
	at org.junit.platform.launcher.core.EngineExecutionOrchestrator.execute(EngineExecutionOrchestrator.java:201) ~[junit-platform-launcher-1.12.1.jar:1.12.1]
	at org.junit.platform.launcher.core.EngineExecutionOrchestrator.execute(EngineExecutionOrchestrator.java:170) ~[junit-platform-launcher-1.12.1.jar:1.12.1]
	at org.junit.platform.launcher.core.EngineExecutionOrchestrator.execute(EngineExecutionOrchestrator.java:94) ~[junit-platform-launcher-1.12.1.jar:1.12.1]
	at org.junit.platform.launcher.core.EngineExecutionOrchestrator.lambda$execute$0(EngineExecutionOrchestrator.java:59) ~[junit-platform-launcher-1.12.1.jar:1.12.1]
	at org.junit.platform.launcher.core.EngineExecutionOrchestrator.withInterceptedStreams(EngineExecutionOrchestrator.java:142) ~[junit-platform-launcher-1.12.1.jar:1.12.1]
	at org.junit.platform.launcher.core.EngineExecutionOrchestrator.execute(EngineExecutionOrchestrator.java:58) ~[junit-platform-launcher-1.12.1.jar:1.12.1]
	at org.junit.platform.launcher.core.DefaultLauncher.execute(DefaultLauncher.java:103) ~[junit-platform-launcher-1.12.1.jar:1.12.1]
	at org.junit.platform.launcher.core.DefaultLauncher.execute(DefaultLauncher.java:85) ~[junit-platform-launcher-1.12.1.jar:1.12.1]
	at org.junit.platform.launcher.core.DelegatingLauncher.execute(DelegatingLauncher.java:47) ~[junit-platform-launcher-1.12.1.jar:1.12.1]
	at org.junit.platform.launcher.core.InterceptingLauncher.lambda$execute$1(InterceptingLauncher.java:39) ~[junit-platform-launcher-1.12.1.jar:1.12.1]
	at org.junit.platform.launcher.core.ClasspathAlignmentCheckingLauncherInterceptor.intercept(ClasspathAlignmentCheckingLauncherInterceptor.java:25) ~[junit-platform-launcher-1.12.1.jar:1.12.1]
	at org.junit.platform.launcher.core.InterceptingLauncher.execute(InterceptingLauncher.java:38) ~[junit-platform-launcher-1.12.1.jar:1.12.1]
	at org.junit.platform.launcher.core.DelegatingLauncher.execute(DelegatingLauncher.java:47) ~[junit-platform-launcher-1.12.1.jar:1.12.1]
	at org.apache.maven.surefire.junitplatform.LazyLauncher.execute(LazyLauncher.java:56) ~[surefire-junit-platform-3.5.2.jar:3.5.2]
	at org.apache.maven.surefire.junitplatform.JUnitPlatformProvider.execute(JUnitPlatformProvider.java:184) ~[surefire-junit-platform-3.5.2.jar:3.5.2]
	at org.apache.maven.surefire.junitplatform.JUnitPlatformProvider.invokeAllTests(JUnitPlatformProvider.java:148) ~[surefire-junit-platform-3.5.2.jar:3.5.2]
	at org.apache.maven.surefire.junitplatform.JUnitPlatformProvider.invoke(JUnitPlatformProvider.java:122) ~[surefire-junit-platform-3.5.2.jar:3.5.2]
	at org.apache.maven.surefire.booter.ForkedBooter.runSuitesInProcess(ForkedBooter.java:385) ~[surefire-booter-3.5.2.jar:3.5.2]
	at org.apache.maven.surefire.booter.ForkedBooter.execute(ForkedBooter.java:162) ~[surefire-booter-3.5.2.jar:3.5.2]
	at org.apache.maven.surefire.booter.ForkedBooter.run(ForkedBooter.java:507) ~[surefire-booter-3.5.2.jar:3.5.2]
	at org.apache.maven.surefire.booter.ForkedBooter.main(ForkedBooter.java:495) ~[surefire-booter-3.5.2.jar:3.5.2]
Caused by: org.springframework.beans.factory.UnsatisfiedDependencyException: Error creating bean with name 'securityConfig' defined in file [/Users/samikshathakur/Documents/Capgemini/BL_SpringAddressBookApp/target/classes/com/example/addressbook/config/SecurityConfig.class]: Unsatisfied dependency expressed through constructor parameter 0: Error creating bean with name 'jwtAuthenticationFilter': Unsatisfied dependency expressed through field 'userDetailsService': Error creating bean with name 'securityConfig': Requested bean is currently in creation: Is there an unresolvable circular reference or an asynchronous initialization dependency?
	at org.springframework.beans.factory.support.ConstructorResolver.createArgumentArray(ConstructorResolver.java:804) ~[spring-beans-6.2.5.jar:6.2.5]
	at org.springframework.beans.factory.support.ConstructorResolver.autowireConstructor(ConstructorResolver.java:240) ~[spring-beans-6.2.5.jar:6.2.5]
	at org.springframework.beans.factory.support.AbstractAutowireCapableBeanFactory.autowireConstructor(AbstractAutowireCapableBeanFactory.java:1381) ~[spring-beans-6.2.5.jar:6.2.5]
	at org.springframework.beans.factory.support.AbstractAutowireCapableBeanFactory.createBeanInstance(AbstractAutowireCapableBeanFactory.java:1218) ~[spring-beans-6.2.5.jar:6.2.5]
	at org.springframework.beans.factory.support.AbstractAutowireCapableBeanFactory.doCreateBean(AbstractAutowireCapableBeanFactory.java:563) ~[spring-beans-6.2.5.jar:6.2.5]
	at org.springframework.beans.factory.support.AbstractAutowireCapableBeanFactory.createBean(AbstractAutowireCapableBeanFactory.java:523) ~[spring-beans-6.2.5.jar:6.2.5]
	at org.springframework.beans.factory.support.AbstractBeanFactory.lambda$doGetBean$0(AbstractBeanFactory.java:339) ~[spring-beans-6.2.5.jar:6.2.5]
	at org.springframework.beans.factory.support.DefaultSingletonBeanRegistry.getSingleton(DefaultSingletonBeanRegistry.java:347) ~[spring-beans-6.2.5.jar:6.2.5]
	at org.springframework.beans.factory.support.AbstractBeanFactory.doGetBean(AbstractBeanFactory.java:337) ~[spring-beans-6.2.5.jar:6.2.5]
	at org.springframework.beans.factory.support.AbstractBeanFactory.getBean(AbstractBeanFactory.java:202) ~[spring-beans-6.2.5.jar:6.2.5]
	at org.springframework.beans.factory.support.DefaultListableBeanFactory.instantiateSingleton(DefaultListableBeanFactory.java:1155) ~[spring-beans-6.2.5.jar:6.2.5]
	at org.springframework.beans.factory.support.DefaultListableBeanFactory.preInstantiateSingleton(DefaultListableBeanFactory.java:1121) ~[spring-beans-6.2.5.jar:6.2.5]
	at org.springframework.beans.factory.support.DefaultListableBeanFactory.preInstantiateSingletons(DefaultListableBeanFactory.java:1056) ~[spring-beans-6.2.5.jar:6.2.5]
	at org.springframework.context.support.AbstractApplicationContext.finishBeanFactoryInitialization(AbstractApplicationContext.java:987) ~[spring-context-6.2.5.jar:6.2.5]
	at org.springframework.context.support.AbstractApplicationContext.refresh(AbstractApplicationContext.java:627) ~[spring-context-6.2.5.jar:6.2.5]
	at org.springframework.boot.SpringApplication.refresh(SpringApplication.java:752) ~[spring-boot-3.5.0-SNAPSHOT.jar:3.5.0-SNAPSHOT]
	at org.springframework.boot.SpringApplication.refreshContext(SpringApplication.java:439) ~[spring-boot-3.5.0-SNAPSHOT.jar:3.5.0-SNAPSHOT]
	at org.springframework.boot.SpringApplication.run(SpringApplication.java:318) ~[spring-boot-3.5.0-SNAPSHOT.jar:3.5.0-SNAPSHOT]
	at org.springframework.boot.test.context.SpringBootContextLoader.lambda$loadContext$3(SpringBootContextLoader.java:144) ~[spring-boot-test-3.5.0-SNAPSHOT.jar:3.5.0-SNAPSHOT]
	at org.springframework.util.function.ThrowingSupplier.get(ThrowingSupplier.java:58) ~[spring-core-6.2.5.jar:6.2.5]
	at org.springframework.util.function.ThrowingSupplier.get(ThrowingSupplier.java:46) ~[spring-core-6.2.5.jar:6.2.5]
	at org.springframework.boot.SpringApplication.withHook(SpringApplication.java:1461) ~[spring-boot-3.5.0-SNAPSHOT.jar:3.5.0-SNAPSHOT]
	at org.springframework.boot.test.context.SpringBootContextLoader$ContextLoaderHook.run(SpringBootContextLoader.java:563) ~[spring-boot-test-3.5.0-SNAPSHOT.jar:3.5.0-SNAPSHOT]
	at org.springframework.boot.test.context.SpringBootContextLoader.loadContext(SpringBootContextLoader.java:144) ~[spring-boot-test-3.5.0-SNAPSHOT.jar:3.5.0-SNAPSHOT]
	at org.springframework.boot.test.context.SpringBootContextLoader.loadContext(SpringBootContextLoader.java:110) ~[spring-boot-test-3.5.0-SNAPSHOT.jar:3.5.0-SNAPSHOT]
	at org.springframework.test.context.cache.DefaultCacheAwareContextLoaderDelegate.loadContextInternal(DefaultCacheAwareContextLoaderDelegate.java:225) ~[spring-test-6.2.5.jar:6.2.5]
	at org.springframework.test.context.cache.DefaultCacheAwareContextLoaderDelegate.loadContext(DefaultCacheAwareContextLoaderDelegate.java:152) ~[spring-test-6.2.5.jar:6.2.5]
	... 79 common frames omitted
Caused by: org.springframework.beans.factory.UnsatisfiedDependencyException: Error creating bean with name 'jwtAuthenticationFilter': Unsatisfied dependency expressed through field 'userDetailsService': Error creating bean with name 'securityConfig': Requested bean is currently in creation: Is there an unresolvable circular reference or an asynchronous initialization dependency?
	at org.springframework.beans.factory.annotation.AutowiredAnnotationBeanPostProcessor$AutowiredFieldElement.resolveFieldValue(AutowiredAnnotationBeanPostProcessor.java:788) ~[spring-beans-6.2.5.jar:6.2.5]
	at org.springframework.beans.factory.annotation.AutowiredAnnotationBeanPostProcessor$AutowiredFieldElement.inject(AutowiredAnnotationBeanPostProcessor.java:768) ~[spring-beans-6.2.5.jar:6.2.5]
	at org.springframework.beans.factory.annotation.InjectionMetadata.inject(InjectionMetadata.java:146) ~[spring-beans-6.2.5.jar:6.2.5]
	at org.springframework.beans.factory.annotation.AutowiredAnnotationBeanPostProcessor.postProcessProperties(AutowiredAnnotationBeanPostProcessor.java:509) ~[spring-beans-6.2.5.jar:6.2.5]
	at org.springframework.beans.factory.support.AbstractAutowireCapableBeanFactory.populateBean(AbstractAutowireCapableBeanFactory.java:1445) ~[spring-beans-6.2.5.jar:6.2.5]
	at org.springframework.beans.factory.support.AbstractAutowireCapableBeanFactory.doCreateBean(AbstractAutowireCapableBeanFactory.java:600) ~[spring-beans-6.2.5.jar:6.2.5]
	at org.springframework.beans.factory.support.AbstractAutowireCapableBeanFactory.createBean(AbstractAutowireCapableBeanFactory.java:523) ~[spring-beans-6.2.5.jar:6.2.5]
	at org.springframework.beans.factory.support.AbstractBeanFactory.lambda$doGetBean$0(AbstractBeanFactory.java:339) ~[spring-beans-6.2.5.jar:6.2.5]
	at org.springframework.beans.factory.support.DefaultSingletonBeanRegistry.getSingleton(DefaultSingletonBeanRegistry.java:347) ~[spring-beans-6.2.5.jar:6.2.5]
	at org.springframework.beans.factory.support.AbstractBeanFactory.doGetBean(AbstractBeanFactory.java:337) ~[spring-beans-6.2.5.jar:6.2.5]
	at org.springframework.beans.factory.support.AbstractBeanFactory.getBean(AbstractBeanFactory.java:202) ~[spring-beans-6.2.5.jar:6.2.5]
	at org.springframework.beans.factory.support.DefaultListableBeanFactory.doResolveDependency(DefaultListableBeanFactory.java:1609) ~[spring-beans-6.2.5.jar:6.2.5]
	at org.springframework.beans.factory.support.DefaultListableBeanFactory.resolveDependency(DefaultListableBeanFactory.java:1555) ~[spring-beans-6.2.5.jar:6.2.5]
	at org.springframework.beans.factory.support.ConstructorResolver.resolveAutowiredArgument(ConstructorResolver.java:913) ~[spring-beans-6.2.5.jar:6.2.5]
	at org.springframework.beans.factory.support.ConstructorResolver.createArgumentArray(ConstructorResolver.java:791) ~[spring-beans-6.2.5.jar:6.2.5]
	... 105 common frames omitted
Caused by: org.springframework.beans.factory.BeanCurrentlyInCreationException: Error creating bean with name 'securityConfig': Requested bean is currently in creation: Is there an unresolvable circular reference or an asynchronous initialization dependency?
	at org.springframework.beans.factory.support.DefaultSingletonBeanRegistry.beforeSingletonCreation(DefaultSingletonBeanRegistry.java:498) ~[spring-beans-6.2.5.jar:6.2.5]
	at org.springframework.beans.factory.support.DefaultSingletonBeanRegistry.getSingleton(DefaultSingletonBeanRegistry.java:301) ~[spring-beans-6.2.5.jar:6.2.5]
	at org.springframework.beans.factory.support.AbstractBeanFactory.doGetBean(AbstractBeanFactory.java:337) ~[spring-beans-6.2.5.jar:6.2.5]
	at org.springframework.beans.factory.support.AbstractBeanFactory.getBean(AbstractBeanFactory.java:202) ~[spring-beans-6.2.5.jar:6.2.5]
	at org.springframework.beans.factory.support.ConstructorResolver.instantiateUsingFactoryMethod(ConstructorResolver.java:413) ~[spring-beans-6.2.5.jar:6.2.5]
	at org.springframework.beans.factory.support.AbstractAutowireCapableBeanFactory.instantiateUsingFactoryMethod(AbstractAutowireCapableBeanFactory.java:1361) ~[spring-beans-6.2.5.jar:6.2.5]
	at org.springframework.beans.factory.support.AbstractAutowireCapableBeanFactory.createBeanInstance(AbstractAutowireCapableBeanFactory.java:1191) ~[spring-beans-6.2.5.jar:6.2.5]
	at org.springframework.beans.factory.support.AbstractAutowireCapableBeanFactory.doCreateBean(AbstractAutowireCapableBeanFactory.java:563) ~[spring-beans-6.2.5.jar:6.2.5]
	at org.springframework.beans.factory.support.AbstractAutowireCapableBeanFactory.createBean(AbstractAutowireCapableBeanFactory.java:523) ~[spring-beans-6.2.5.jar:6.2.5]
	at org.springframework.beans.factory.support.AbstractBeanFactory.lambda$doGetBean$0(AbstractBeanFactory.java:339) ~[spring-beans-6.2.5.jar:6.2.5]
	at org.springframework.beans.factory.support.DefaultSingletonBeanRegistry.getSingleton(DefaultSingletonBeanRegistry.java:347) ~[spring-beans-6.2.5.jar:6.2.5]
	at org.springframework.beans.factory.support.AbstractBeanFactory.doGetBean(AbstractBeanFactory.java:337) ~[spring-beans-6.2.5.jar:6.2.5]
	at org.springframework.beans.factory.support.AbstractBeanFactory.getBean(AbstractBeanFactory.java:202) ~[spring-beans-6.2.5.jar:6.2.5]
	at org.springframework.beans.factory.support.DefaultListableBeanFactory.doResolveDependency(DefaultListableBeanFactory.java:1609) ~[spring-beans-6.2.5.jar:6.2.5]
	at org.springframework.beans.factory.support.DefaultListableBeanFactory.resolveDependency(DefaultListableBeanFactory.java:1555) ~[spring-beans-6.2.5.jar:6.2.5]
	at org.springframework.beans.factory.annotation.AutowiredAnnotationBeanPostProcessor$AutowiredFieldElement.resolveFieldValue(AutowiredAnnotationBeanPostProcessor.java:785) ~[spring-beans-6.2.5.jar:6.2.5]
	... 119 common frames omitted

2025-03-25T11:09:27.370+05:30  INFO 13493 --- [Address Book] [restartedMain] c.e.addressbook.AddressBookApplication   : Starting AddressBookApplication using Java 17.0.9 with PID 13493 (/Users/samikshathakur/Documents/Capgemini/BL_SpringAddressBookApp/target/classes started by samikshathakur in /Users/samikshathakur/Documents/Capgemini/BL_SpringAddressBookApp)
2025-03-25T11:09:27.372+05:30 DEBUG 13493 --- [Address Book] [restartedMain] c.e.addressbook.AddressBookApplication   : Running with Spring Boot v3.5.0-SNAPSHOT, Spring v6.2.5
2025-03-25T11:09:27.372+05:30  INFO 13493 --- [Address Book] [restartedMain] c.e.addressbook.AddressBookApplication   : No active profile set, falling back to 1 default profile: "default"
2025-03-25T11:09:27.414+05:30  INFO 13493 --- [Address Book] [restartedMain] .e.DevToolsPropertyDefaultsPostProcessor : Devtools property defaults active! Set 'spring.devtools.add-properties' to 'false' to disable
2025-03-25T11:09:27.414+05:30  INFO 13493 --- [Address Book] [restartedMain] .e.DevToolsPropertyDefaultsPostProcessor : For additional web related logging consider setting the 'logging.level.web' property to 'DEBUG'
2025-03-25T11:09:27.812+05:30  INFO 13493 --- [Address Book] [restartedMain] .s.d.r.c.RepositoryConfigurationDelegate : Bootstrapping Spring Data JPA repositories in DEFAULT mode.
2025-03-25T11:09:27.840+05:30  INFO 13493 --- [Address Book] [restartedMain] .s.d.r.c.RepositoryConfigurationDelegate : Finished Spring Data repository scanning in 19 ms. Found 2 JPA repository interfaces.
2025-03-25T11:09:28.405+05:30  INFO 13493 --- [Address Book] [restartedMain] o.s.b.w.embedded.tomcat.TomcatWebServer  : Tomcat initialized with port 8080 (http)
2025-03-25T11:09:28.412+05:30  INFO 13493 --- [Address Book] [restartedMain] o.apache.catalina.core.StandardService   : Starting service [Tomcat]
2025-03-25T11:09:28.412+05:30  INFO 13493 --- [Address Book] [restartedMain] o.apache.catalina.core.StandardEngine    : Starting Servlet engine: [Apache Tomcat/10.1.39]
2025-03-25T11:09:28.431+05:30  INFO 13493 --- [Address Book] [restartedMain] o.a.c.c.C.[Tomcat].[localhost].[/]       : Initializing Spring embedded WebApplicationContext
2025-03-25T11:09:28.431+05:30  INFO 13493 --- [Address Book] [restartedMain] w.s.c.ServletWebServerApplicationContext : Root WebApplicationContext: initialization completed in 1017 ms
2025-03-25T11:09:28.596+05:30  INFO 13493 --- [Address Book] [restartedMain] o.hibernate.jpa.internal.util.LogHelper  : HHH000204: Processing PersistenceUnitInfo [name: default]
2025-03-25T11:09:28.641+05:30  INFO 13493 --- [Address Book] [restartedMain] org.hibernate.Version                    : HHH000412: Hibernate ORM core version 6.6.11.Final
2025-03-25T11:09:28.662+05:30  INFO 13493 --- [Address Book] [restartedMain] o.h.c.internal.RegionFactoryInitiator    : HHH000026: Second-level cache disabled
2025-03-25T11:09:28.807+05:30  INFO 13493 --- [Address Book] [restartedMain] o.s.o.j.p.SpringPersistenceUnitInfo      : No LoadTimeWeaver setup: ignoring JPA class transformer
2025-03-25T11:09:28.823+05:30  INFO 13493 --- [Address Book] [restartedMain] com.zaxxer.hikari.HikariDataSource       : HikariPool-1 - Starting...
2025-03-25T11:09:29.006+05:30  INFO 13493 --- [Address Book] [restartedMain] com.zaxxer.hikari.pool.HikariPool        : HikariPool-1 - Added connection com.mysql.cj.jdbc.ConnectionImpl@1a4c3c27
2025-03-25T11:09:29.007+05:30  INFO 13493 --- [Address Book] [restartedMain] com.zaxxer.hikari.HikariDataSource       : HikariPool-1 - Start completed.
2025-03-25T11:09:29.034+05:30  WARN 13493 --- [Address Book] [restartedMain] org.hibernate.orm.deprecation            : HHH90000025: MySQL8Dialect does not need to be specified explicitly using 'hibernate.dialect' (remove the property setting and it will be selected by default)
2025-03-25T11:09:29.035+05:30  WARN 13493 --- [Address Book] [restartedMain] org.hibernate.orm.deprecation            : HHH90000026: MySQL8Dialect has been deprecated; use org.hibernate.dialect.MySQLDialect instead
2025-03-25T11:09:29.043+05:30  INFO 13493 --- [Address Book] [restartedMain] org.hibernate.orm.connections.pooling    : HHH10001005: Database info:
	Database JDBC URL [Connecting through datasource 'HikariDataSource (HikariPool-1)']
	Database driver: undefined/unknown
	Database version: 8.0
	Autocommit mode: undefined/unknown
	Isolation level: undefined/unknown
	Minimum pool size: undefined/unknown
	Maximum pool size: undefined/unknown
2025-03-25T11:09:29.470+05:30  INFO 13493 --- [Address Book] [restartedMain] o.h.e.t.j.p.i.JtaPlatformInitiator       : HHH000489: No JTA platform available (set 'hibernate.transaction.jta.platform' to enable JTA platform integration)
2025-03-25T11:09:29.511+05:30  INFO 13493 --- [Address Book] [restartedMain] j.LocalContainerEntityManagerFactoryBean : Initialized JPA EntityManagerFactory for persistence unit 'default'
2025-03-25T11:09:29.689+05:30 DEBUG 13493 --- [Address Book] [restartedMain] c.e.a.security.JwtAuthenticationFilter   : Filter 'jwtAuthenticationFilter' configured for use
2025-03-25T11:09:29.714+05:30  WARN 13493 --- [Address Book] [restartedMain] r$InitializeUserDetailsManagerConfigurer : Found 2 UserDetailsService beans, with names [customUserDetailsService, userDetailsService]. Global Authentication Manager will not use a UserDetailsService for username/password login. Consider publishing a single UserDetailsService bean.
2025-03-25T11:09:29.714+05:30 DEBUG 13493 --- [Address Book] [restartedMain] swordEncoderAuthenticationManagerBuilder : No authenticationProviders and no parentAuthenticationManager defined. Returning null.
2025-03-25T11:09:29.746+05:30  WARN 13493 --- [Address Book] [restartedMain] JpaBaseConfiguration$JpaWebConfiguration : spring.jpa.open-in-view is enabled by default. Therefore, database queries may be performed during view rendering. Explicitly configure spring.jpa.open-in-view to disable this warning
2025-03-25T11:09:29.981+05:30  INFO 13493 --- [Address Book] [restartedMain] o.s.b.a.e.web.EndpointLinksResolver      : Exposing 1 endpoint beneath base path '/actuator'
2025-03-25T11:09:30.018+05:30 DEBUG 13493 --- [Address Book] [restartedMain] o.s.s.web.DefaultSecurityFilterChain     : Will secure any request with filters: DisableEncodeUrlFilter, WebAsyncManagerIntegrationFilter, SecurityContextHolderFilter, HeaderWriterFilter, CorsFilter, LogoutFilter, JwtAuthenticationFilter, RequestCacheAwareFilter, SecurityContextHolderAwareRequestFilter, AnonymousAuthenticationFilter, SessionManagementFilter, ExceptionTranslationFilter, AuthorizationFilter
2025-03-25T11:09:30.210+05:30  INFO 13493 --- [Address Book] [restartedMain] o.s.b.d.a.OptionalLiveReloadServer       : LiveReload server is running on port 35729
2025-03-25T11:09:30.247+05:30  INFO 13493 --- [Address Book] [restartedMain] o.s.b.w.embedded.tomcat.TomcatWebServer  : Tomcat started on port 8080 (http) with context path '/'
2025-03-25T11:09:30.260+05:30  INFO 13493 --- [Address Book] [restartedMain] c.e.addressbook.AddressBookApplication   : Started AddressBookApplication in 3.168 seconds (process running for 3.451)
2025-03-25T11:09:42.299+05:30  INFO 13493 --- [Address Book] [http-nio-8080-exec-1] o.a.c.c.C.[Tomcat].[localhost].[/]       : Initializing Spring DispatcherServlet 'dispatcherServlet'
2025-03-25T11:09:42.300+05:30  INFO 13493 --- [Address Book] [http-nio-8080-exec-1] o.s.web.servlet.DispatcherServlet        : Initializing Servlet 'dispatcherServlet'
2025-03-25T11:09:42.304+05:30  INFO 13493 --- [Address Book] [http-nio-8080-exec-1] o.s.web.servlet.DispatcherServlet        : Completed initialization in 4 ms
2025-03-25T11:09:42.320+05:30 DEBUG 13493 --- [Address Book] [http-nio-8080-exec-1] o.s.security.web.FilterChainProxy        : Securing OPTIONS /api/addressbook
2025-03-25T11:09:42.340+05:30 DEBUG 13493 --- [Address Book] [http-nio-8080-exec-2] o.s.security.web.FilterChainProxy        : Securing POST /api/addressbook
2025-03-25T11:09:42.344+05:30 DEBUG 13493 --- [Address Book] [http-nio-8080-exec-2] o.s.s.w.a.AnonymousAuthenticationFilter  : Set SecurityContextHolder to anonymous SecurityContext
2025-03-25T11:09:42.349+05:30 DEBUG 13493 --- [Address Book] [http-nio-8080-exec-2] o.s.s.w.a.Http403ForbiddenEntryPoint     : Pre-authenticated entry point called. Rejecting access
2025-03-25T11:09:42.354+05:30 DEBUG 13493 --- [Address Book] [http-nio-8080-exec-2] o.s.security.web.FilterChainProxy        : Securing POST /error
2025-03-25T11:09:42.355+05:30 DEBUG 13493 --- [Address Book] [http-nio-8080-exec-2] o.s.s.w.a.AnonymousAuthenticationFilter  : Set SecurityContextHolder to anonymous SecurityContext
2025-03-25T11:09:42.355+05:30 DEBUG 13493 --- [Address Book] [http-nio-8080-exec-2] o.s.s.w.a.Http403ForbiddenEntryPoint     : Pre-authenticated entry point called. Rejecting access
2025-03-25T11:17:47.032+05:30  INFO 13493 --- [Address Book] [SpringApplicationShutdownHook] o.s.b.w.e.tomcat.GracefulShutdown        : Commencing graceful shutdown. Waiting for active requests to complete
2025-03-25T11:17:47.041+05:30  INFO 13493 --- [Address Book] [tomcat-shutdown] o.s.b.w.e.tomcat.GracefulShutdown        : Graceful shutdown complete
2025-03-25T11:17:47.050+05:30  INFO 13493 --- [Address Book] [SpringApplicationShutdownHook] j.LocalContainerEntityManagerFactoryBean : Closing JPA EntityManagerFactory for persistence unit 'default'
2025-03-25T11:17:47.056+05:30  INFO 13493 --- [Address Book] [SpringApplicationShutdownHook] com.zaxxer.hikari.HikariDataSource       : HikariPool-1 - Shutdown initiated...
2025-03-25T11:17:47.067+05:30  INFO 13493 --- [Address Book] [SpringApplicationShutdownHook] com.zaxxer.hikari.HikariDataSource       : HikariPool-1 - Shutdown completed.
2025-03-25T11:41:16.749+05:30  INFO 19550 --- [Address Book] [restartedMain] c.e.addressbook.AddressBookApplication   : Starting AddressBookApplication using Java 17.0.9 with PID 19550 (/Users/samikshathakur/Documents/Capgemini/BL_SpringAddressBookApp/target/classes started by samikshathakur in /Users/samikshathakur/Documents/Capgemini/BL_SpringAddressBookApp)
2025-03-25T11:41:16.750+05:30 DEBUG 19550 --- [Address Book] [restartedMain] c.e.addressbook.AddressBookApplication   : Running with Spring Boot v3.5.0-SNAPSHOT, Spring v6.2.5
2025-03-25T11:41:16.750+05:30  INFO 19550 --- [Address Book] [restartedMain] c.e.addressbook.AddressBookApplication   : No active profile set, falling back to 1 default profile: "default"
2025-03-25T11:41:16.782+05:30  INFO 19550 --- [Address Book] [restartedMain] .e.DevToolsPropertyDefaultsPostProcessor : Devtools property defaults active! Set 'spring.devtools.add-properties' to 'false' to disable
2025-03-25T11:41:16.782+05:30  INFO 19550 --- [Address Book] [restartedMain] .e.DevToolsPropertyDefaultsPostProcessor : For additional web related logging consider setting the 'logging.level.web' property to 'DEBUG'
2025-03-25T11:41:17.245+05:30  INFO 19550 --- [Address Book] [restartedMain] .s.d.r.c.RepositoryConfigurationDelegate : Multiple Spring Data modules found, entering strict repository configuration mode
2025-03-25T11:41:17.245+05:30  INFO 19550 --- [Address Book] [restartedMain] .s.d.r.c.RepositoryConfigurationDelegate : Bootstrapping Spring Data JPA repositories in DEFAULT mode.
2025-03-25T11:41:17.316+05:30  INFO 19550 --- [Address Book] [restartedMain] .s.d.r.c.RepositoryConfigurationDelegate : Finished Spring Data repository scanning in 64 ms. Found 2 JPA repository interfaces.
2025-03-25T11:41:17.552+05:30  INFO 19550 --- [Address Book] [restartedMain] .s.d.r.c.RepositoryConfigurationDelegate : Multiple Spring Data modules found, entering strict repository configuration mode
2025-03-25T11:41:17.552+05:30  INFO 19550 --- [Address Book] [restartedMain] .s.d.r.c.RepositoryConfigurationDelegate : Bootstrapping Spring Data Redis repositories in DEFAULT mode.
2025-03-25T11:41:17.567+05:30  INFO 19550 --- [Address Book] [restartedMain] .RepositoryConfigurationExtensionSupport : Spring Data Redis - Could not safely identify store assignment for repository candidate interface com.example.addressbook.repository.AddressBookRepository; If you want this repository to be a Redis repository, consider annotating your entities with one of these annotations: org.springframework.data.redis.core.RedisHash (preferred), or consider extending one of the following types with your repository: org.springframework.data.keyvalue.repository.KeyValueRepository
2025-03-25T11:41:17.568+05:30  INFO 19550 --- [Address Book] [restartedMain] .RepositoryConfigurationExtensionSupport : Spring Data Redis - Could not safely identify store assignment for repository candidate interface com.example.addressbook.repository.UserRepository; If you want this repository to be a Redis repository, consider annotating your entities with one of these annotations: org.springframework.data.redis.core.RedisHash (preferred), or consider extending one of the following types with your repository: org.springframework.data.keyvalue.repository.KeyValueRepository
2025-03-25T11:41:17.568+05:30  INFO 19550 --- [Address Book] [restartedMain] .s.d.r.c.RepositoryConfigurationDelegate : Finished Spring Data repository scanning in 8 ms. Found 0 Redis repository interfaces.
2025-03-25T11:41:18.043+05:30  INFO 19550 --- [Address Book] [restartedMain] o.s.b.w.embedded.tomcat.TomcatWebServer  : Tomcat initialized with port 8080 (http)
2025-03-25T11:41:18.051+05:30  INFO 19550 --- [Address Book] [restartedMain] o.apache.catalina.core.StandardService   : Starting service [Tomcat]
2025-03-25T11:41:18.052+05:30  INFO 19550 --- [Address Book] [restartedMain] o.apache.catalina.core.StandardEngine    : Starting Servlet engine: [Apache Tomcat/10.1.39]
2025-03-25T11:41:18.076+05:30  INFO 19550 --- [Address Book] [restartedMain] o.a.c.c.C.[Tomcat].[localhost].[/]       : Initializing Spring embedded WebApplicationContext
2025-03-25T11:41:18.076+05:30  INFO 19550 --- [Address Book] [restartedMain] w.s.c.ServletWebServerApplicationContext : Root WebApplicationContext: initialization completed in 1293 ms
2025-03-25T11:41:18.253+05:30  INFO 19550 --- [Address Book] [restartedMain] o.hibernate.jpa.internal.util.LogHelper  : HHH000204: Processing PersistenceUnitInfo [name: default]
2025-03-25T11:41:18.296+05:30  INFO 19550 --- [Address Book] [restartedMain] org.hibernate.Version                    : HHH000412: Hibernate ORM core version 6.6.11.Final
2025-03-25T11:41:18.316+05:30  INFO 19550 --- [Address Book] [restartedMain] o.h.c.internal.RegionFactoryInitiator    : HHH000026: Second-level cache disabled
2025-03-25T11:41:18.465+05:30  INFO 19550 --- [Address Book] [restartedMain] o.s.o.j.p.SpringPersistenceUnitInfo      : No LoadTimeWeaver setup: ignoring JPA class transformer
2025-03-25T11:41:18.488+05:30  INFO 19550 --- [Address Book] [restartedMain] com.zaxxer.hikari.HikariDataSource       : HikariPool-1 - Starting...
2025-03-25T11:41:18.764+05:30  INFO 19550 --- [Address Book] [restartedMain] com.zaxxer.hikari.pool.HikariPool        : HikariPool-1 - Added connection com.mysql.cj.jdbc.ConnectionImpl@10d23479
2025-03-25T11:41:18.765+05:30  INFO 19550 --- [Address Book] [restartedMain] com.zaxxer.hikari.HikariDataSource       : HikariPool-1 - Start completed.
2025-03-25T11:41:18.815+05:30  WARN 19550 --- [Address Book] [restartedMain] org.hibernate.orm.deprecation            : HHH90000025: MySQL8Dialect does not need to be specified explicitly using 'hibernate.dialect' (remove the property setting and it will be selected by default)
2025-03-25T11:41:18.815+05:30  WARN 19550 --- [Address Book] [restartedMain] org.hibernate.orm.deprecation            : HHH90000026: MySQL8Dialect has been deprecated; use org.hibernate.dialect.MySQLDialect instead
2025-03-25T11:41:18.825+05:30  INFO 19550 --- [Address Book] [restartedMain] org.hibernate.orm.connections.pooling    : HHH10001005: Database info:
	Database JDBC URL [Connecting through datasource 'HikariDataSource (HikariPool-1)']
	Database driver: undefined/unknown
	Database version: 8.0
	Autocommit mode: undefined/unknown
	Isolation level: undefined/unknown
	Minimum pool size: undefined/unknown
	Maximum pool size: undefined/unknown
2025-03-25T11:41:19.290+05:30  INFO 19550 --- [Address Book] [restartedMain] o.h.e.t.j.p.i.JtaPlatformInitiator       : HHH000489: No JTA platform available (set 'hibernate.transaction.jta.platform' to enable JTA platform integration)
2025-03-25T11:41:19.361+05:30  INFO 19550 --- [Address Book] [restartedMain] j.LocalContainerEntityManagerFactoryBean : Initialized JPA EntityManagerFactory for persistence unit 'default'
2025-03-25T11:41:19.547+05:30 DEBUG 19550 --- [Address Book] [restartedMain] c.e.a.security.JwtAuthenticationFilter   : Filter 'jwtAuthenticationFilter' configured for use
2025-03-25T11:41:19.585+05:30  WARN 19550 --- [Address Book] [restartedMain] r$InitializeUserDetailsManagerConfigurer : Found 2 UserDetailsService beans, with names [customUserDetailsService, userDetailsService]. Global Authentication Manager will not use a UserDetailsService for username/password login. Consider publishing a single UserDetailsService bean.
2025-03-25T11:41:19.585+05:30 DEBUG 19550 --- [Address Book] [restartedMain] swordEncoderAuthenticationManagerBuilder : No authenticationProviders and no parentAuthenticationManager defined. Returning null.
2025-03-25T11:41:19.916+05:30  WARN 19550 --- [Address Book] [restartedMain] JpaBaseConfiguration$JpaWebConfiguration : spring.jpa.open-in-view is enabled by default. Therefore, database queries may be performed during view rendering. Explicitly configure spring.jpa.open-in-view to disable this warning
2025-03-25T11:41:20.183+05:30  INFO 19550 --- [Address Book] [restartedMain] o.s.b.a.e.web.EndpointLinksResolver      : Exposing 1 endpoint beneath base path '/actuator'
2025-03-25T11:41:20.221+05:30 DEBUG 19550 --- [Address Book] [restartedMain] o.s.s.web.DefaultSecurityFilterChain     : Will secure any request with filters: DisableEncodeUrlFilter, WebAsyncManagerIntegrationFilter, SecurityContextHolderFilter, HeaderWriterFilter, CorsFilter, LogoutFilter, JwtAuthenticationFilter, RequestCacheAwareFilter, SecurityContextHolderAwareRequestFilter, AnonymousAuthenticationFilter, SessionManagementFilter, ExceptionTranslationFilter, AuthorizationFilter
2025-03-25T11:41:20.559+05:30  INFO 19550 --- [Address Book] [restartedMain] o.s.b.d.a.OptionalLiveReloadServer       : LiveReload server is running on port 35729
2025-03-25T11:41:20.601+05:30  INFO 19550 --- [Address Book] [restartedMain] o.s.b.w.embedded.tomcat.TomcatWebServer  : Tomcat started on port 8080 (http) with context path '/'
2025-03-25T11:41:20.613+05:30  INFO 19550 --- [Address Book] [restartedMain] c.e.addressbook.AddressBookApplication   : Started AddressBookApplication in 4.139 seconds (process running for 4.534)
2025-03-25T11:41:46.742+05:30  INFO 19550 --- [Address Book] [http-nio-8080-exec-1] o.a.c.c.C.[Tomcat].[localhost].[/]       : Initializing Spring DispatcherServlet 'dispatcherServlet'
2025-03-25T11:41:46.743+05:30  INFO 19550 --- [Address Book] [http-nio-8080-exec-1] o.s.web.servlet.DispatcherServlet        : Initializing Servlet 'dispatcherServlet'
2025-03-25T11:41:46.752+05:30  INFO 19550 --- [Address Book] [http-nio-8080-exec-1] o.s.web.servlet.DispatcherServlet        : Completed initialization in 9 ms
2025-03-25T11:41:46.778+05:30 DEBUG 19550 --- [Address Book] [http-nio-8080-exec-1] o.s.security.web.FilterChainProxy        : Securing GET /api/addressbook
2025-03-25T11:41:46.798+05:30 DEBUG 19550 --- [Address Book] [http-nio-8080-exec-1] o.s.s.w.a.AnonymousAuthenticationFilter  : Set SecurityContextHolder to anonymous SecurityContext
2025-03-25T11:41:46.807+05:30 DEBUG 19550 --- [Address Book] [http-nio-8080-exec-1] o.s.s.w.a.Http403ForbiddenEntryPoint     : Pre-authenticated entry point called. Rejecting access
2025-03-25T11:41:46.813+05:30 DEBUG 19550 --- [Address Book] [http-nio-8080-exec-1] o.s.security.web.FilterChainProxy        : Securing GET /error
2025-03-25T11:41:46.813+05:30 DEBUG 19550 --- [Address Book] [http-nio-8080-exec-1] o.s.s.w.a.AnonymousAuthenticationFilter  : Set SecurityContextHolder to anonymous SecurityContext
2025-03-25T11:41:46.813+05:30 DEBUG 19550 --- [Address Book] [http-nio-8080-exec-1] o.s.s.w.a.Http403ForbiddenEntryPoint     : Pre-authenticated entry point called. Rejecting access
2025-03-25T11:42:07.852+05:30 DEBUG 19550 --- [Address Book] [http-nio-8080-exec-3] o.s.security.web.FilterChainProxy        : Securing OPTIONS /api/addressbook
2025-03-25T11:42:07.860+05:30 DEBUG 19550 --- [Address Book] [http-nio-8080-exec-4] o.s.security.web.FilterChainProxy        : Securing POST /api/addressbook
2025-03-25T11:42:07.863+05:30 DEBUG 19550 --- [Address Book] [http-nio-8080-exec-4] o.s.s.w.a.AnonymousAuthenticationFilter  : Set SecurityContextHolder to anonymous SecurityContext
2025-03-25T11:42:07.864+05:30 DEBUG 19550 --- [Address Book] [http-nio-8080-exec-4] o.s.s.w.a.Http403ForbiddenEntryPoint     : Pre-authenticated entry point called. Rejecting access
2025-03-25T11:42:07.867+05:30 DEBUG 19550 --- [Address Book] [http-nio-8080-exec-4] o.s.security.web.FilterChainProxy        : Securing POST /error
2025-03-25T11:42:07.868+05:30 DEBUG 19550 --- [Address Book] [http-nio-8080-exec-4] o.s.s.w.a.AnonymousAuthenticationFilter  : Set SecurityContextHolder to anonymous SecurityContext
2025-03-25T11:42:07.869+05:30 DEBUG 19550 --- [Address Book] [http-nio-8080-exec-4] o.s.s.w.a.Http403ForbiddenEntryPoint     : Pre-authenticated entry point called. Rejecting access
2025-03-25T11:42:10.418+05:30 DEBUG 19550 --- [Address Book] [http-nio-8080-exec-5] o.s.security.web.FilterChainProxy        : Securing POST /api/addressbook
2025-03-25T11:42:10.420+05:30 DEBUG 19550 --- [Address Book] [http-nio-8080-exec-5] o.s.s.w.a.AnonymousAuthenticationFilter  : Set SecurityContextHolder to anonymous SecurityContext
2025-03-25T11:42:10.421+05:30 DEBUG 19550 --- [Address Book] [http-nio-8080-exec-5] o.s.s.w.a.Http403ForbiddenEntryPoint     : Pre-authenticated entry point called. Rejecting access
2025-03-25T11:42:10.424+05:30 DEBUG 19550 --- [Address Book] [http-nio-8080-exec-5] o.s.security.web.FilterChainProxy        : Securing POST /error
2025-03-25T11:42:10.425+05:30 DEBUG 19550 --- [Address Book] [http-nio-8080-exec-5] o.s.s.w.a.AnonymousAuthenticationFilter  : Set SecurityContextHolder to anonymous SecurityContext
2025-03-25T11:42:10.426+05:30 DEBUG 19550 --- [Address Book] [http-nio-8080-exec-5] o.s.s.w.a.Http403ForbiddenEntryPoint     : Pre-authenticated entry point called. Rejecting access
2025-03-25T11:42:11.120+05:30 DEBUG 19550 --- [Address Book] [http-nio-8080-exec-7] o.s.security.web.FilterChainProxy        : Securing POST /api/addressbook
2025-03-25T11:42:11.122+05:30 DEBUG 19550 --- [Address Book] [http-nio-8080-exec-7] o.s.s.w.a.AnonymousAuthenticationFilter  : Set SecurityContextHolder to anonymous SecurityContext
2025-03-25T11:42:11.124+05:30 DEBUG 19550 --- [Address Book] [http-nio-8080-exec-7] o.s.s.w.a.Http403ForbiddenEntryPoint     : Pre-authenticated entry point called. Rejecting access
2025-03-25T11:42:11.130+05:30 DEBUG 19550 --- [Address Book] [http-nio-8080-exec-7] o.s.security.web.FilterChainProxy        : Securing POST /error
2025-03-25T11:42:11.132+05:30 DEBUG 19550 --- [Address Book] [http-nio-8080-exec-7] o.s.s.w.a.AnonymousAuthenticationFilter  : Set SecurityContextHolder to anonymous SecurityContext
2025-03-25T11:42:11.133+05:30 DEBUG 19550 --- [Address Book] [http-nio-8080-exec-7] o.s.s.w.a.Http403ForbiddenEntryPoint     : Pre-authenticated entry point called. Rejecting access
2025-03-25T11:42:11.453+05:30 DEBUG 19550 --- [Address Book] [http-nio-8080-exec-8] o.s.security.web.FilterChainProxy        : Securing POST /api/addressbook
2025-03-25T11:42:11.455+05:30 DEBUG 19550 --- [Address Book] [http-nio-8080-exec-8] o.s.s.w.a.AnonymousAuthenticationFilter  : Set SecurityContextHolder to anonymous SecurityContext
2025-03-25T11:42:11.456+05:30 DEBUG 19550 --- [Address Book] [http-nio-8080-exec-8] o.s.s.w.a.Http403ForbiddenEntryPoint     : Pre-authenticated entry point called. Rejecting access
2025-03-25T11:42:11.458+05:30 DEBUG 19550 --- [Address Book] [http-nio-8080-exec-8] o.s.security.web.FilterChainProxy        : Securing POST /error
2025-03-25T11:42:11.459+05:30 DEBUG 19550 --- [Address Book] [http-nio-8080-exec-8] o.s.s.w.a.AnonymousAuthenticationFilter  : Set SecurityContextHolder to anonymous SecurityContext
2025-03-25T11:42:11.460+05:30 DEBUG 19550 --- [Address Book] [http-nio-8080-exec-8] o.s.s.w.a.Http403ForbiddenEntryPoint     : Pre-authenticated entry point called. Rejecting access
2025-03-25T11:43:22.924+05:30  INFO 19550 --- [Address Book] [SpringApplicationShutdownHook] o.s.b.w.e.tomcat.GracefulShutdown        : Commencing graceful shutdown. Waiting for active requests to complete
2025-03-25T11:43:22.932+05:30  INFO 19550 --- [Address Book] [tomcat-shutdown] o.s.b.w.e.tomcat.GracefulShutdown        : Graceful shutdown complete
2025-03-25T11:43:23.061+05:30  INFO 19550 --- [Address Book] [SpringApplicationShutdownHook] j.LocalContainerEntityManagerFactoryBean : Closing JPA EntityManagerFactory for persistence unit 'default'
2025-03-25T11:43:23.067+05:30  INFO 19550 --- [Address Book] [SpringApplicationShutdownHook] com.zaxxer.hikari.HikariDataSource       : HikariPool-1 - Shutdown initiated...
2025-03-25T11:43:23.076+05:30  INFO 19550 --- [Address Book] [SpringApplicationShutdownHook] com.zaxxer.hikari.HikariDataSource       : HikariPool-1 - Shutdown completed.
2025-03-25T11:43:25.402+05:30  INFO 20007 --- [Address Book] [restartedMain] c.e.addressbook.AddressBookApplication   : Starting AddressBookApplication using Java 17.0.9 with PID 20007 (/Users/samikshathakur/Documents/Capgemini/BL_SpringAddressBookApp/target/classes started by samikshathakur in /Users/samikshathakur/Documents/Capgemini/BL_SpringAddressBookApp)
2025-03-25T11:43:25.404+05:30 DEBUG 20007 --- [Address Book] [restartedMain] c.e.addressbook.AddressBookApplication   : Running with Spring Boot v3.5.0-SNAPSHOT, Spring v6.2.5
2025-03-25T11:43:25.405+05:30  INFO 20007 --- [Address Book] [restartedMain] c.e.addressbook.AddressBookApplication   : No active profile set, falling back to 1 default profile: "default"
2025-03-25T11:43:25.457+05:30  INFO 20007 --- [Address Book] [restartedMain] .e.DevToolsPropertyDefaultsPostProcessor : Devtools property defaults active! Set 'spring.devtools.add-properties' to 'false' to disable
2025-03-25T11:43:25.458+05:30  INFO 20007 --- [Address Book] [restartedMain] .e.DevToolsPropertyDefaultsPostProcessor : For additional web related logging consider setting the 'logging.level.web' property to 'DEBUG'
2025-03-25T11:43:25.923+05:30  INFO 20007 --- [Address Book] [restartedMain] .s.d.r.c.RepositoryConfigurationDelegate : Multiple Spring Data modules found, entering strict repository configuration mode
2025-03-25T11:43:25.923+05:30  INFO 20007 --- [Address Book] [restartedMain] .s.d.r.c.RepositoryConfigurationDelegate : Bootstrapping Spring Data JPA repositories in DEFAULT mode.
2025-03-25T11:43:25.998+05:30  INFO 20007 --- [Address Book] [restartedMain] .s.d.r.c.RepositoryConfigurationDelegate : Finished Spring Data repository scanning in 68 ms. Found 2 JPA repository interfaces.
2025-03-25T11:43:26.223+05:30  INFO 20007 --- [Address Book] [restartedMain] .s.d.r.c.RepositoryConfigurationDelegate : Multiple Spring Data modules found, entering strict repository configuration mode
2025-03-25T11:43:26.224+05:30  INFO 20007 --- [Address Book] [restartedMain] .s.d.r.c.RepositoryConfigurationDelegate : Bootstrapping Spring Data Redis repositories in DEFAULT mode.
2025-03-25T11:43:26.239+05:30  INFO 20007 --- [Address Book] [restartedMain] .RepositoryConfigurationExtensionSupport : Spring Data Redis - Could not safely identify store assignment for repository candidate interface com.example.addressbook.repository.AddressBookRepository; If you want this repository to be a Redis repository, consider annotating your entities with one of these annotations: org.springframework.data.redis.core.RedisHash (preferred), or consider extending one of the following types with your repository: org.springframework.data.keyvalue.repository.KeyValueRepository
2025-03-25T11:43:26.239+05:30  INFO 20007 --- [Address Book] [restartedMain] .RepositoryConfigurationExtensionSupport : Spring Data Redis - Could not safely identify store assignment for repository candidate interface com.example.addressbook.repository.UserRepository; If you want this repository to be a Redis repository, consider annotating your entities with one of these annotations: org.springframework.data.redis.core.RedisHash (preferred), or consider extending one of the following types with your repository: org.springframework.data.keyvalue.repository.KeyValueRepository
2025-03-25T11:43:26.239+05:30  INFO 20007 --- [Address Book] [restartedMain] .s.d.r.c.RepositoryConfigurationDelegate : Finished Spring Data repository scanning in 7 ms. Found 0 Redis repository interfaces.
2025-03-25T11:43:26.708+05:30  INFO 20007 --- [Address Book] [restartedMain] o.s.b.w.embedded.tomcat.TomcatWebServer  : Tomcat initialized with port 8080 (http)
2025-03-25T11:43:26.715+05:30  INFO 20007 --- [Address Book] [restartedMain] o.apache.catalina.core.StandardService   : Starting service [Tomcat]
2025-03-25T11:43:26.715+05:30  INFO 20007 --- [Address Book] [restartedMain] o.apache.catalina.core.StandardEngine    : Starting Servlet engine: [Apache Tomcat/10.1.39]
2025-03-25T11:43:26.739+05:30  INFO 20007 --- [Address Book] [restartedMain] o.a.c.c.C.[Tomcat].[localhost].[/]       : Initializing Spring embedded WebApplicationContext
2025-03-25T11:43:26.739+05:30  INFO 20007 --- [Address Book] [restartedMain] w.s.c.ServletWebServerApplicationContext : Root WebApplicationContext: initialization completed in 1281 ms
2025-03-25T11:43:26.913+05:30  INFO 20007 --- [Address Book] [restartedMain] o.hibernate.jpa.internal.util.LogHelper  : HHH000204: Processing PersistenceUnitInfo [name: default]
2025-03-25T11:43:26.955+05:30  INFO 20007 --- [Address Book] [restartedMain] org.hibernate.Version                    : HHH000412: Hibernate ORM core version 6.6.11.Final
2025-03-25T11:43:26.974+05:30  INFO 20007 --- [Address Book] [restartedMain] o.h.c.internal.RegionFactoryInitiator    : HHH000026: Second-level cache disabled
2025-03-25T11:43:27.119+05:30  INFO 20007 --- [Address Book] [restartedMain] o.s.o.j.p.SpringPersistenceUnitInfo      : No LoadTimeWeaver setup: ignoring JPA class transformer
2025-03-25T11:43:27.137+05:30  INFO 20007 --- [Address Book] [restartedMain] com.zaxxer.hikari.HikariDataSource       : HikariPool-1 - Starting...
2025-03-25T11:43:27.373+05:30  INFO 20007 --- [Address Book] [restartedMain] com.zaxxer.hikari.pool.HikariPool        : HikariPool-1 - Added connection com.mysql.cj.jdbc.ConnectionImpl@233b743a
2025-03-25T11:43:27.374+05:30  INFO 20007 --- [Address Book] [restartedMain] com.zaxxer.hikari.HikariDataSource       : HikariPool-1 - Start completed.
2025-03-25T11:43:27.421+05:30  WARN 20007 --- [Address Book] [restartedMain] org.hibernate.orm.deprecation            : HHH90000025: MySQL8Dialect does not need to be specified explicitly using 'hibernate.dialect' (remove the property setting and it will be selected by default)
2025-03-25T11:43:27.421+05:30  WARN 20007 --- [Address Book] [restartedMain] org.hibernate.orm.deprecation            : HHH90000026: MySQL8Dialect has been deprecated; use org.hibernate.dialect.MySQLDialect instead
2025-03-25T11:43:27.430+05:30  INFO 20007 --- [Address Book] [restartedMain] org.hibernate.orm.connections.pooling    : HHH10001005: Database info:
	Database JDBC URL [Connecting through datasource 'HikariDataSource (HikariPool-1)']
	Database driver: undefined/unknown
	Database version: 8.0
	Autocommit mode: undefined/unknown
	Isolation level: undefined/unknown
	Minimum pool size: undefined/unknown
	Maximum pool size: undefined/unknown
2025-03-25T11:43:27.888+05:30  INFO 20007 --- [Address Book] [restartedMain] o.h.e.t.j.p.i.JtaPlatformInitiator       : HHH000489: No JTA platform available (set 'hibernate.transaction.jta.platform' to enable JTA platform integration)
2025-03-25T11:43:27.959+05:30  INFO 20007 --- [Address Book] [restartedMain] j.LocalContainerEntityManagerFactoryBean : Initialized JPA EntityManagerFactory for persistence unit 'default'
2025-03-25T11:43:28.141+05:30 DEBUG 20007 --- [Address Book] [restartedMain] c.e.a.security.JwtAuthenticationFilter   : Filter 'jwtAuthenticationFilter' configured for use
2025-03-25T11:43:28.170+05:30  WARN 20007 --- [Address Book] [restartedMain] r$InitializeUserDetailsManagerConfigurer : Found 2 UserDetailsService beans, with names [customUserDetailsService, userDetailsService]. Global Authentication Manager will not use a UserDetailsService for username/password login. Consider publishing a single UserDetailsService bean.
2025-03-25T11:43:28.171+05:30 DEBUG 20007 --- [Address Book] [restartedMain] swordEncoderAuthenticationManagerBuilder : No authenticationProviders and no parentAuthenticationManager defined. Returning null.
2025-03-25T11:43:28.493+05:30  WARN 20007 --- [Address Book] [restartedMain] JpaBaseConfiguration$JpaWebConfiguration : spring.jpa.open-in-view is enabled by default. Therefore, database queries may be performed during view rendering. Explicitly configure spring.jpa.open-in-view to disable this warning
2025-03-25T11:43:28.760+05:30  INFO 20007 --- [Address Book] [restartedMain] o.s.b.a.e.web.EndpointLinksResolver      : Exposing 1 endpoint beneath base path '/actuator'
2025-03-25T11:43:28.798+05:30 DEBUG 20007 --- [Address Book] [restartedMain] o.s.s.web.DefaultSecurityFilterChain     : Will secure any request with filters: DisableEncodeUrlFilter, WebAsyncManagerIntegrationFilter, SecurityContextHolderFilter, HeaderWriterFilter, CorsFilter, LogoutFilter, JwtAuthenticationFilter, RequestCacheAwareFilter, SecurityContextHolderAwareRequestFilter, AnonymousAuthenticationFilter, SessionManagementFilter, ExceptionTranslationFilter, AuthorizationFilter
2025-03-25T11:43:29.149+05:30  INFO 20007 --- [Address Book] [restartedMain] o.s.b.d.a.OptionalLiveReloadServer       : LiveReload server is running on port 35729
2025-03-25T11:43:29.189+05:30  INFO 20007 --- [Address Book] [restartedMain] o.s.b.w.embedded.tomcat.TomcatWebServer  : Tomcat started on port 8080 (http) with context path '/'
2025-03-25T11:43:29.201+05:30  INFO 20007 --- [Address Book] [restartedMain] c.e.addressbook.AddressBookApplication   : Started AddressBookApplication in 4.077 seconds (process running for 4.372)
2025-03-25T11:43:42.744+05:30  INFO 20007 --- [Address Book] [http-nio-8080-exec-1] o.a.c.c.C.[Tomcat].[localhost].[/]       : Initializing Spring DispatcherServlet 'dispatcherServlet'
2025-03-25T11:43:42.745+05:30  INFO 20007 --- [Address Book] [http-nio-8080-exec-1] o.s.web.servlet.DispatcherServlet        : Initializing Servlet 'dispatcherServlet'
2025-03-25T11:43:42.750+05:30  INFO 20007 --- [Address Book] [http-nio-8080-exec-1] o.s.web.servlet.DispatcherServlet        : Completed initialization in 4 ms
2025-03-25T11:43:42.765+05:30 DEBUG 20007 --- [Address Book] [http-nio-8080-exec-1] o.s.security.web.FilterChainProxy        : Securing GET /api/addressbook
2025-03-25T11:43:42.787+05:30 DEBUG 20007 --- [Address Book] [http-nio-8080-exec-1] o.s.s.w.a.AnonymousAuthenticationFilter  : Set SecurityContextHolder to anonymous SecurityContext
2025-03-25T11:43:42.792+05:30 DEBUG 20007 --- [Address Book] [http-nio-8080-exec-1] o.s.security.web.FilterChainProxy        : Secured GET /api/addressbook
2025-03-25T11:44:02.673+05:30 DEBUG 20007 --- [Address Book] [http-nio-8080-exec-3] o.s.security.web.FilterChainProxy        : Securing OPTIONS /api/addressbook
2025-03-25T11:44:02.680+05:30 DEBUG 20007 --- [Address Book] [http-nio-8080-exec-4] o.s.security.web.FilterChainProxy        : Securing POST /api/addressbook
2025-03-25T11:44:02.682+05:30 DEBUG 20007 --- [Address Book] [http-nio-8080-exec-4] o.s.s.w.a.AnonymousAuthenticationFilter  : Set SecurityContextHolder to anonymous SecurityContext
2025-03-25T11:44:02.684+05:30 DEBUG 20007 --- [Address Book] [http-nio-8080-exec-4] o.s.security.web.FilterChainProxy        : Secured POST /api/addressbook
2025-03-25T11:44:02.868+05:30 DEBUG 20007 --- [Address Book] [http-nio-8080-exec-5] o.s.security.web.FilterChainProxy        : Securing GET /api/addressbook
2025-03-25T11:44:02.869+05:30 DEBUG 20007 --- [Address Book] [http-nio-8080-exec-5] o.s.s.w.a.AnonymousAuthenticationFilter  : Set SecurityContextHolder to anonymous SecurityContext
2025-03-25T11:44:02.869+05:30 DEBUG 20007 --- [Address Book] [http-nio-8080-exec-5] o.s.security.web.FilterChainProxy        : Secured GET /api/addressbook
2025-03-25T11:44:08.312+05:30 DEBUG 20007 --- [Address Book] [http-nio-8080-exec-7] o.s.security.web.FilterChainProxy        : Securing OPTIONS /api/addressbook/1
2025-03-25T11:44:08.320+05:30 DEBUG 20007 --- [Address Book] [http-nio-8080-exec-8] o.s.security.web.FilterChainProxy        : Securing DELETE /api/addressbook/1
2025-03-25T11:44:08.323+05:30 DEBUG 20007 --- [Address Book] [http-nio-8080-exec-8] o.s.s.w.a.AnonymousAuthenticationFilter  : Set SecurityContextHolder to anonymous SecurityContext
2025-03-25T11:44:08.324+05:30 DEBUG 20007 --- [Address Book] [http-nio-8080-exec-8] o.s.security.web.FilterChainProxy        : Secured DELETE /api/addressbook/1
2025-03-25T11:44:12.934+05:30 DEBUG 20007 --- [Address Book] [http-nio-8080-exec-10] o.s.security.web.FilterChainProxy        : Securing PUT /api/addressbook/1
2025-03-25T11:44:12.935+05:30 DEBUG 20007 --- [Address Book] [http-nio-8080-exec-10] o.s.s.w.a.AnonymousAuthenticationFilter  : Set SecurityContextHolder to anonymous SecurityContext
2025-03-25T11:44:12.937+05:30 DEBUG 20007 --- [Address Book] [http-nio-8080-exec-10] o.s.security.web.FilterChainProxy        : Secured PUT /api/addressbook/1
2025-03-25T11:44:12.954+05:30 DEBUG 20007 --- [Address Book] [http-nio-8080-exec-1] o.s.security.web.FilterChainProxy        : Securing GET /api/addressbook
2025-03-25T11:44:12.957+05:30 DEBUG 20007 --- [Address Book] [http-nio-8080-exec-1] o.s.s.w.a.AnonymousAuthenticationFilter  : Set SecurityContextHolder to anonymous SecurityContext
2025-03-25T11:44:12.958+05:30 DEBUG 20007 --- [Address Book] [http-nio-8080-exec-1] o.s.security.web.FilterChainProxy        : Secured GET /api/addressbook
2025-03-25T11:44:39.002+05:30 DEBUG 20007 --- [Address Book] [http-nio-8080-exec-3] o.s.security.web.FilterChainProxy        : Securing OPTIONS /api/addressbook
2025-03-25T11:44:39.007+05:30 DEBUG 20007 --- [Address Book] [http-nio-8080-exec-4] o.s.security.web.FilterChainProxy        : Securing POST /api/addressbook
2025-03-25T11:44:39.009+05:30 DEBUG 20007 --- [Address Book] [http-nio-8080-exec-4] o.s.s.w.a.AnonymousAuthenticationFilter  : Set SecurityContextHolder to anonymous SecurityContext
2025-03-25T11:44:39.010+05:30 DEBUG 20007 --- [Address Book] [http-nio-8080-exec-4] o.s.security.web.FilterChainProxy        : Secured POST /api/addressbook
2025-03-25T11:44:39.096+05:30 DEBUG 20007 --- [Address Book] [http-nio-8080-exec-5] o.s.security.web.FilterChainProxy        : Securing GET /api/addressbook
2025-03-25T11:44:39.099+05:30 DEBUG 20007 --- [Address Book] [http-nio-8080-exec-5] o.s.s.w.a.AnonymousAuthenticationFilter  : Set SecurityContextHolder to anonymous SecurityContext
2025-03-25T11:44:39.100+05:30 DEBUG 20007 --- [Address Book] [http-nio-8080-exec-5] o.s.security.web.FilterChainProxy        : Secured GET /api/addressbook
2025-03-25T11:44:42.570+05:30 DEBUG 20007 --- [Address Book] [http-nio-8080-exec-7] o.s.security.web.FilterChainProxy        : Securing OPTIONS /api/addressbook/2
2025-03-25T11:44:42.575+05:30 DEBUG 20007 --- [Address Book] [http-nio-8080-exec-8] o.s.security.web.FilterChainProxy        : Securing DELETE /api/addressbook/2
2025-03-25T11:44:42.577+05:30 DEBUG 20007 --- [Address Book] [http-nio-8080-exec-8] o.s.s.w.a.AnonymousAuthenticationFilter  : Set SecurityContextHolder to anonymous SecurityContext
2025-03-25T11:44:42.578+05:30 DEBUG 20007 --- [Address Book] [http-nio-8080-exec-8] o.s.security.web.FilterChainProxy        : Secured DELETE /api/addressbook/2
2025-03-25T11:44:47.736+05:30 DEBUG 20007 --- [Address Book] [http-nio-8080-exec-10] o.s.security.web.FilterChainProxy        : Securing OPTIONS /api/addressbook/2
2025-03-25T11:44:47.742+05:30 DEBUG 20007 --- [Address Book] [http-nio-8080-exec-1] o.s.security.web.FilterChainProxy        : Securing DELETE /api/addressbook/2
2025-03-25T11:44:47.744+05:30 DEBUG 20007 --- [Address Book] [http-nio-8080-exec-1] o.s.s.w.a.AnonymousAuthenticationFilter  : Set SecurityContextHolder to anonymous SecurityContext
2025-03-25T11:44:47.745+05:30 DEBUG 20007 --- [Address Book] [http-nio-8080-exec-1] o.s.security.web.FilterChainProxy        : Secured DELETE /api/addressbook/2
2025-03-25T11:45:05.925+05:30 DEBUG 20007 --- [Address Book] [http-nio-8080-exec-3] o.s.security.web.FilterChainProxy        : Securing OPTIONS /api/addressbook/2
2025-03-25T11:45:05.933+05:30 DEBUG 20007 --- [Address Book] [http-nio-8080-exec-4] o.s.security.web.FilterChainProxy        : Securing PUT /api/addressbook/2
2025-03-25T11:45:05.935+05:30 DEBUG 20007 --- [Address Book] [http-nio-8080-exec-4] o.s.s.w.a.AnonymousAuthenticationFilter  : Set SecurityContextHolder to anonymous SecurityContext
2025-03-25T11:45:05.936+05:30 DEBUG 20007 --- [Address Book] [http-nio-8080-exec-4] o.s.security.web.FilterChainProxy        : Secured PUT /api/addressbook/2
2025-03-25T11:45:05.950+05:30 DEBUG 20007 --- [Address Book] [http-nio-8080-exec-5] o.s.security.web.FilterChainProxy        : Securing GET /api/addressbook
2025-03-25T11:45:05.952+05:30 DEBUG 20007 --- [Address Book] [http-nio-8080-exec-5] o.s.s.w.a.AnonymousAuthenticationFilter  : Set SecurityContextHolder to anonymous SecurityContext
2025-03-25T11:45:05.953+05:30 DEBUG 20007 --- [Address Book] [http-nio-8080-exec-5] o.s.security.web.FilterChainProxy        : Secured GET /api/addressbook
2025-03-25T11:45:09.790+05:30 DEBUG 20007 --- [Address Book] [http-nio-8080-exec-7] o.s.security.web.FilterChainProxy        : Securing GET /api/addressbook
2025-03-25T11:45:09.791+05:30 DEBUG 20007 --- [Address Book] [http-nio-8080-exec-7] o.s.s.w.a.AnonymousAuthenticationFilter  : Set SecurityContextHolder to anonymous SecurityContext
2025-03-25T11:45:09.792+05:30 DEBUG 20007 --- [Address Book] [http-nio-8080-exec-7] o.s.security.web.FilterChainProxy        : Secured GET /api/addressbook
2025-03-25T11:45:47.517+05:30 DEBUG 20007 --- [Address Book] [http-nio-8080-exec-9] o.s.security.web.FilterChainProxy        : Securing OPTIONS /api/addressbook
2025-03-25T11:45:47.525+05:30 DEBUG 20007 --- [Address Book] [http-nio-8080-exec-10] o.s.security.web.FilterChainProxy        : Securing POST /api/addressbook
2025-03-25T11:45:47.527+05:30 DEBUG 20007 --- [Address Book] [http-nio-8080-exec-10] o.s.s.w.a.AnonymousAuthenticationFilter  : Set SecurityContextHolder to anonymous SecurityContext
2025-03-25T11:45:47.528+05:30 DEBUG 20007 --- [Address Book] [http-nio-8080-exec-10] o.s.security.web.FilterChainProxy        : Secured POST /api/addressbook
2025-03-25T11:45:47.617+05:30 DEBUG 20007 --- [Address Book] [http-nio-8080-exec-1] o.s.security.web.FilterChainProxy        : Securing GET /api/addressbook
2025-03-25T11:45:47.619+05:30 DEBUG 20007 --- [Address Book] [http-nio-8080-exec-1] o.s.s.w.a.AnonymousAuthenticationFilter  : Set SecurityContextHolder to anonymous SecurityContext
2025-03-25T11:45:47.619+05:30 DEBUG 20007 --- [Address Book] [http-nio-8080-exec-1] o.s.security.web.FilterChainProxy        : Secured GET /api/addressbook
2025-03-25T11:57:27.414+05:30  INFO 20007 --- [Address Book] [SpringApplicationShutdownHook] o.s.b.w.e.tomcat.GracefulShutdown        : Commencing graceful shutdown. Waiting for active requests to complete
2025-03-25T11:57:27.427+05:30  INFO 20007 --- [Address Book] [tomcat-shutdown] o.s.b.w.e.tomcat.GracefulShutdown        : Graceful shutdown complete
2025-03-25T11:57:27.561+05:30  INFO 20007 --- [Address Book] [SpringApplicationShutdownHook] j.LocalContainerEntityManagerFactoryBean : Closing JPA EntityManagerFactory for persistence unit 'default'
2025-03-25T11:57:27.567+05:30  INFO 20007 --- [Address Book] [SpringApplicationShutdownHook] com.zaxxer.hikari.HikariDataSource       : HikariPool-1 - Shutdown initiated...
2025-03-25T11:57:27.585+05:30  INFO 20007 --- [Address Book] [SpringApplicationShutdownHook] com.zaxxer.hikari.HikariDataSource       : HikariPool-1 - Shutdown completed.
2025-03-25T11:57:29.771+05:30  INFO 22814 --- [Address Book] [restartedMain] c.e.addressbook.AddressBookApplication   : Starting AddressBookApplication using Java 17.0.9 with PID 22814 (/Users/samikshathakur/Documents/Capgemini/BL_SpringAddressBookApp/target/classes started by samikshathakur in /Users/samikshathakur/Documents/Capgemini/BL_SpringAddressBookApp)
2025-03-25T11:57:29.772+05:30 DEBUG 22814 --- [Address Book] [restartedMain] c.e.addressbook.AddressBookApplication   : Running with Spring Boot v3.5.0-SNAPSHOT, Spring v6.2.5
2025-03-25T11:57:29.772+05:30  INFO 22814 --- [Address Book] [restartedMain] c.e.addressbook.AddressBookApplication   : No active profile set, falling back to 1 default profile: "default"
2025-03-25T11:57:29.817+05:30  INFO 22814 --- [Address Book] [restartedMain] .e.DevToolsPropertyDefaultsPostProcessor : Devtools property defaults active! Set 'spring.devtools.add-properties' to 'false' to disable
2025-03-25T11:57:29.817+05:30  INFO 22814 --- [Address Book] [restartedMain] .e.DevToolsPropertyDefaultsPostProcessor : For additional web related logging consider setting the 'logging.level.web' property to 'DEBUG'
2025-03-25T11:57:30.298+05:30  INFO 22814 --- [Address Book] [restartedMain] .s.d.r.c.RepositoryConfigurationDelegate : Multiple Spring Data modules found, entering strict repository configuration mode
2025-03-25T11:57:30.298+05:30  INFO 22814 --- [Address Book] [restartedMain] .s.d.r.c.RepositoryConfigurationDelegate : Bootstrapping Spring Data JPA repositories in DEFAULT mode.
2025-03-25T11:57:30.373+05:30  INFO 22814 --- [Address Book] [restartedMain] .s.d.r.c.RepositoryConfigurationDelegate : Finished Spring Data repository scanning in 68 ms. Found 2 JPA repository interfaces.
2025-03-25T11:57:30.599+05:30  INFO 22814 --- [Address Book] [restartedMain] .s.d.r.c.RepositoryConfigurationDelegate : Multiple Spring Data modules found, entering strict repository configuration mode
2025-03-25T11:57:30.600+05:30  INFO 22814 --- [Address Book] [restartedMain] .s.d.r.c.RepositoryConfigurationDelegate : Bootstrapping Spring Data Redis repositories in DEFAULT mode.
2025-03-25T11:57:30.615+05:30  INFO 22814 --- [Address Book] [restartedMain] .RepositoryConfigurationExtensionSupport : Spring Data Redis - Could not safely identify store assignment for repository candidate interface com.example.addressbook.repository.AddressBookRepository; If you want this repository to be a Redis repository, consider annotating your entities with one of these annotations: org.springframework.data.redis.core.RedisHash (preferred), or consider extending one of the following types with your repository: org.springframework.data.keyvalue.repository.KeyValueRepository
2025-03-25T11:57:30.615+05:30  INFO 22814 --- [Address Book] [restartedMain] .RepositoryConfigurationExtensionSupport : Spring Data Redis - Could not safely identify store assignment for repository candidate interface com.example.addressbook.repository.UserRepository; If you want this repository to be a Redis repository, consider annotating your entities with one of these annotations: org.springframework.data.redis.core.RedisHash (preferred), or consider extending one of the following types with your repository: org.springframework.data.keyvalue.repository.KeyValueRepository
2025-03-25T11:57:30.615+05:30  INFO 22814 --- [Address Book] [restartedMain] .s.d.r.c.RepositoryConfigurationDelegate : Finished Spring Data repository scanning in 7 ms. Found 0 Redis repository interfaces.
2025-03-25T11:57:31.093+05:30  INFO 22814 --- [Address Book] [restartedMain] o.s.b.w.embedded.tomcat.TomcatWebServer  : Tomcat initialized with port 8080 (http)
2025-03-25T11:57:31.100+05:30  INFO 22814 --- [Address Book] [restartedMain] o.apache.catalina.core.StandardService   : Starting service [Tomcat]
2025-03-25T11:57:31.100+05:30  INFO 22814 --- [Address Book] [restartedMain] o.apache.catalina.core.StandardEngine    : Starting Servlet engine: [Apache Tomcat/10.1.39]
2025-03-25T11:57:31.124+05:30  INFO 22814 --- [Address Book] [restartedMain] o.a.c.c.C.[Tomcat].[localhost].[/]       : Initializing Spring embedded WebApplicationContext
2025-03-25T11:57:31.124+05:30  INFO 22814 --- [Address Book] [restartedMain] w.s.c.ServletWebServerApplicationContext : Root WebApplicationContext: initialization completed in 1307 ms
2025-03-25T11:57:31.302+05:30  INFO 22814 --- [Address Book] [restartedMain] o.hibernate.jpa.internal.util.LogHelper  : HHH000204: Processing PersistenceUnitInfo [name: default]
2025-03-25T11:57:31.345+05:30  INFO 22814 --- [Address Book] [restartedMain] org.hibernate.Version                    : HHH000412: Hibernate ORM core version 6.6.11.Final
2025-03-25T11:57:31.365+05:30  INFO 22814 --- [Address Book] [restartedMain] o.h.c.internal.RegionFactoryInitiator    : HHH000026: Second-level cache disabled
2025-03-25T11:57:31.506+05:30  INFO 22814 --- [Address Book] [restartedMain] o.s.o.j.p.SpringPersistenceUnitInfo      : No LoadTimeWeaver setup: ignoring JPA class transformer
2025-03-25T11:57:31.522+05:30  INFO 22814 --- [Address Book] [restartedMain] com.zaxxer.hikari.HikariDataSource       : HikariPool-1 - Starting...
2025-03-25T11:57:31.729+05:30  INFO 22814 --- [Address Book] [restartedMain] com.zaxxer.hikari.pool.HikariPool        : HikariPool-1 - Added connection com.mysql.cj.jdbc.ConnectionImpl@646bb759
2025-03-25T11:57:31.729+05:30  INFO 22814 --- [Address Book] [restartedMain] com.zaxxer.hikari.HikariDataSource       : HikariPool-1 - Start completed.
2025-03-25T11:57:31.761+05:30  WARN 22814 --- [Address Book] [restartedMain] org.hibernate.orm.deprecation            : HHH90000025: MySQL8Dialect does not need to be specified explicitly using 'hibernate.dialect' (remove the property setting and it will be selected by default)
2025-03-25T11:57:31.761+05:30  WARN 22814 --- [Address Book] [restartedMain] org.hibernate.orm.deprecation            : HHH90000026: MySQL8Dialect has been deprecated; use org.hibernate.dialect.MySQLDialect instead
2025-03-25T11:57:31.771+05:30  INFO 22814 --- [Address Book] [restartedMain] org.hibernate.orm.connections.pooling    : HHH10001005: Database info:
	Database JDBC URL [Connecting through datasource 'HikariDataSource (HikariPool-1)']
	Database driver: undefined/unknown
	Database version: 8.0
	Autocommit mode: undefined/unknown
	Isolation level: undefined/unknown
	Minimum pool size: undefined/unknown
	Maximum pool size: undefined/unknown
2025-03-25T11:57:32.230+05:30  INFO 22814 --- [Address Book] [restartedMain] o.h.e.t.j.p.i.JtaPlatformInitiator       : HHH000489: No JTA platform available (set 'hibernate.transaction.jta.platform' to enable JTA platform integration)
2025-03-25T11:57:32.283+05:30  INFO 22814 --- [Address Book] [restartedMain] j.LocalContainerEntityManagerFactoryBean : Initialized JPA EntityManagerFactory for persistence unit 'default'
2025-03-25T11:57:32.476+05:30 DEBUG 22814 --- [Address Book] [restartedMain] c.e.a.security.JwtAuthenticationFilter   : Filter 'jwtAuthenticationFilter' configured for use
2025-03-25T11:57:32.507+05:30  WARN 22814 --- [Address Book] [restartedMain] r$InitializeUserDetailsManagerConfigurer : Found 2 UserDetailsService beans, with names [customUserDetailsService, userDetailsService]. Global Authentication Manager will not use a UserDetailsService for username/password login. Consider publishing a single UserDetailsService bean.
2025-03-25T11:57:32.508+05:30 DEBUG 22814 --- [Address Book] [restartedMain] swordEncoderAuthenticationManagerBuilder : No authenticationProviders and no parentAuthenticationManager defined. Returning null.
2025-03-25T11:57:32.841+05:30  WARN 22814 --- [Address Book] [restartedMain] JpaBaseConfiguration$JpaWebConfiguration : spring.jpa.open-in-view is enabled by default. Therefore, database queries may be performed during view rendering. Explicitly configure spring.jpa.open-in-view to disable this warning
2025-03-25T11:57:33.108+05:30  INFO 22814 --- [Address Book] [restartedMain] o.s.b.a.e.web.EndpointLinksResolver      : Exposing 1 endpoint beneath base path '/actuator'
2025-03-25T11:57:33.153+05:30 DEBUG 22814 --- [Address Book] [restartedMain] o.s.s.web.DefaultSecurityFilterChain     : Will secure any request with filters: DisableEncodeUrlFilter, WebAsyncManagerIntegrationFilter, SecurityContextHolderFilter, HeaderWriterFilter, CorsFilter, LogoutFilter, JwtAuthenticationFilter, RequestCacheAwareFilter, SecurityContextHolderAwareRequestFilter, AnonymousAuthenticationFilter, SessionManagementFilter, ExceptionTranslationFilter, AuthorizationFilter
2025-03-25T11:57:33.515+05:30  INFO 22814 --- [Address Book] [restartedMain] o.s.b.d.a.OptionalLiveReloadServer       : LiveReload server is running on port 35729
2025-03-25T11:57:33.563+05:30  INFO 22814 --- [Address Book] [restartedMain] o.s.b.w.embedded.tomcat.TomcatWebServer  : Tomcat started on port 8080 (http) with context path '/'
2025-03-25T11:57:33.575+05:30  INFO 22814 --- [Address Book] [restartedMain] c.e.addressbook.AddressBookApplication   : Started AddressBookApplication in 4.087 seconds (process running for 4.389)
2025-03-25T11:57:46.727+05:30  INFO 22814 --- [Address Book] [http-nio-8080-exec-1] o.a.c.c.C.[Tomcat].[localhost].[/]       : Initializing Spring DispatcherServlet 'dispatcherServlet'
2025-03-25T11:57:46.728+05:30  INFO 22814 --- [Address Book] [http-nio-8080-exec-1] o.s.web.servlet.DispatcherServlet        : Initializing Servlet 'dispatcherServlet'
2025-03-25T11:57:46.735+05:30  INFO 22814 --- [Address Book] [http-nio-8080-exec-1] o.s.web.servlet.DispatcherServlet        : Completed initialization in 7 ms
2025-03-25T11:57:46.759+05:30 DEBUG 22814 --- [Address Book] [http-nio-8080-exec-1] o.s.security.web.FilterChainProxy        : Securing GET /api/addressbook
2025-03-25T11:57:46.780+05:30 DEBUG 22814 --- [Address Book] [http-nio-8080-exec-1] o.s.s.w.a.AnonymousAuthenticationFilter  : Set SecurityContextHolder to anonymous SecurityContext
2025-03-25T11:57:46.787+05:30 DEBUG 22814 --- [Address Book] [http-nio-8080-exec-1] o.s.security.web.FilterChainProxy        : Secured GET /api/addressbook
2025-03-25T11:57:47.684+05:30 DEBUG 22814 --- [Address Book] [http-nio-8080-exec-2] o.s.security.web.FilterChainProxy        : Securing GET /api/addressbook
2025-03-25T11:57:47.686+05:30 DEBUG 22814 --- [Address Book] [http-nio-8080-exec-2] o.s.s.w.a.AnonymousAuthenticationFilter  : Set SecurityContextHolder to anonymous SecurityContext
2025-03-25T11:57:47.687+05:30 DEBUG 22814 --- [Address Book] [http-nio-8080-exec-2] o.s.security.web.FilterChainProxy        : Secured GET /api/addressbook
2025-03-25T11:58:08.521+05:30 DEBUG 22814 --- [Address Book] [http-nio-8080-exec-4] o.s.security.web.FilterChainProxy        : Securing GET /api/addressbook
2025-03-25T11:58:08.531+05:30 DEBUG 22814 --- [Address Book] [http-nio-8080-exec-4] o.s.s.w.a.AnonymousAuthenticationFilter  : Set SecurityContextHolder to anonymous SecurityContext
2025-03-25T11:58:08.532+05:30 DEBUG 22814 --- [Address Book] [http-nio-8080-exec-4] o.s.security.web.FilterChainProxy        : Secured GET /api/addressbook
2025-03-25T11:58:10.940+05:30 DEBUG 22814 --- [Address Book] [http-nio-8080-exec-5] o.s.security.web.FilterChainProxy        : Securing GET /api/addressbook
2025-03-25T11:58:10.943+05:30 DEBUG 22814 --- [Address Book] [http-nio-8080-exec-5] o.s.s.w.a.AnonymousAuthenticationFilter  : Set SecurityContextHolder to anonymous SecurityContext
2025-03-25T11:58:10.944+05:30 DEBUG 22814 --- [Address Book] [http-nio-8080-exec-5] o.s.security.web.FilterChainProxy        : Secured GET /api/addressbook
2025-03-25T11:58:11.684+05:30 DEBUG 22814 --- [Address Book] [http-nio-8080-exec-7] o.s.security.web.FilterChainProxy        : Securing GET /api/addressbook
2025-03-25T11:58:11.686+05:30 DEBUG 22814 --- [Address Book] [http-nio-8080-exec-7] o.s.s.w.a.AnonymousAuthenticationFilter  : Set SecurityContextHolder to anonymous SecurityContext
2025-03-25T11:58:11.687+05:30 DEBUG 22814 --- [Address Book] [http-nio-8080-exec-7] o.s.security.web.FilterChainProxy        : Secured GET /api/addressbook
2025-03-25T11:58:11.827+05:30 DEBUG 22814 --- [Address Book] [http-nio-8080-exec-8] o.s.security.web.FilterChainProxy        : Securing GET /api/addressbook
2025-03-25T11:58:11.829+05:30 DEBUG 22814 --- [Address Book] [http-nio-8080-exec-8] o.s.s.w.a.AnonymousAuthenticationFilter  : Set SecurityContextHolder to anonymous SecurityContext
2025-03-25T11:58:11.830+05:30 DEBUG 22814 --- [Address Book] [http-nio-8080-exec-8] o.s.security.web.FilterChainProxy        : Secured GET /api/addressbook
2025-03-25T12:05:07.866+05:30  INFO 22814 --- [Address Book] [SpringApplicationShutdownHook] o.s.b.w.e.tomcat.GracefulShutdown        : Commencing graceful shutdown. Waiting for active requests to complete
2025-03-25T12:05:07.874+05:30  INFO 22814 --- [Address Book] [tomcat-shutdown] o.s.b.w.e.tomcat.GracefulShutdown        : Graceful shutdown complete
2025-03-25T12:05:08.005+05:30  INFO 22814 --- [Address Book] [SpringApplicationShutdownHook] j.LocalContainerEntityManagerFactoryBean : Closing JPA EntityManagerFactory for persistence unit 'default'
2025-03-25T12:05:08.010+05:30  INFO 22814 --- [Address Book] [SpringApplicationShutdownHook] com.zaxxer.hikari.HikariDataSource       : HikariPool-1 - Shutdown initiated...
2025-03-25T12:05:08.033+05:30  INFO 22814 --- [Address Book] [SpringApplicationShutdownHook] com.zaxxer.hikari.HikariDataSource       : HikariPool-1 - Shutdown completed.
2025-03-25T12:05:10.145+05:30  INFO 24180 --- [Address Book] [restartedMain] c.e.addressbook.AddressBookApplication   : Starting AddressBookApplication using Java 17.0.9 with PID 24180 (/Users/samikshathakur/Documents/Capgemini/BL_SpringAddressBookApp/target/classes started by samikshathakur in /Users/samikshathakur/Documents/Capgemini/BL_SpringAddressBookApp)
2025-03-25T12:05:10.146+05:30 DEBUG 24180 --- [Address Book] [restartedMain] c.e.addressbook.AddressBookApplication   : Running with Spring Boot v3.5.0-SNAPSHOT, Spring v6.2.5
2025-03-25T12:05:10.147+05:30  INFO 24180 --- [Address Book] [restartedMain] c.e.addressbook.AddressBookApplication   : No active profile set, falling back to 1 default profile: "default"
2025-03-25T12:05:10.190+05:30  INFO 24180 --- [Address Book] [restartedMain] .e.DevToolsPropertyDefaultsPostProcessor : Devtools property defaults active! Set 'spring.devtools.add-properties' to 'false' to disable
2025-03-25T12:05:10.190+05:30  INFO 24180 --- [Address Book] [restartedMain] .e.DevToolsPropertyDefaultsPostProcessor : For additional web related logging consider setting the 'logging.level.web' property to 'DEBUG'
2025-03-25T12:05:10.670+05:30  INFO 24180 --- [Address Book] [restartedMain] .s.d.r.c.RepositoryConfigurationDelegate : Multiple Spring Data modules found, entering strict repository configuration mode
2025-03-25T12:05:10.670+05:30  INFO 24180 --- [Address Book] [restartedMain] .s.d.r.c.RepositoryConfigurationDelegate : Bootstrapping Spring Data JPA repositories in DEFAULT mode.
2025-03-25T12:05:10.747+05:30  INFO 24180 --- [Address Book] [restartedMain] .s.d.r.c.RepositoryConfigurationDelegate : Finished Spring Data repository scanning in 70 ms. Found 2 JPA repository interfaces.
2025-03-25T12:05:10.974+05:30  INFO 24180 --- [Address Book] [restartedMain] .s.d.r.c.RepositoryConfigurationDelegate : Multiple Spring Data modules found, entering strict repository configuration mode
2025-03-25T12:05:10.975+05:30  INFO 24180 --- [Address Book] [restartedMain] .s.d.r.c.RepositoryConfigurationDelegate : Bootstrapping Spring Data Redis repositories in DEFAULT mode.
2025-03-25T12:05:10.990+05:30  INFO 24180 --- [Address Book] [restartedMain] .RepositoryConfigurationExtensionSupport : Spring Data Redis - Could not safely identify store assignment for repository candidate interface com.example.addressbook.repository.AddressBookRepository; If you want this repository to be a Redis repository, consider annotating your entities with one of these annotations: org.springframework.data.redis.core.RedisHash (preferred), or consider extending one of the following types with your repository: org.springframework.data.keyvalue.repository.KeyValueRepository
2025-03-25T12:05:10.991+05:30  INFO 24180 --- [Address Book] [restartedMain] .RepositoryConfigurationExtensionSupport : Spring Data Redis - Could not safely identify store assignment for repository candidate interface com.example.addressbook.repository.UserRepository; If you want this repository to be a Redis repository, consider annotating your entities with one of these annotations: org.springframework.data.redis.core.RedisHash (preferred), or consider extending one of the following types with your repository: org.springframework.data.keyvalue.repository.KeyValueRepository
2025-03-25T12:05:10.991+05:30  INFO 24180 --- [Address Book] [restartedMain] .s.d.r.c.RepositoryConfigurationDelegate : Finished Spring Data repository scanning in 8 ms. Found 0 Redis repository interfaces.
2025-03-25T12:05:11.471+05:30  INFO 24180 --- [Address Book] [restartedMain] o.s.b.w.embedded.tomcat.TomcatWebServer  : Tomcat initialized with port 8080 (http)
2025-03-25T12:05:11.479+05:30  INFO 24180 --- [Address Book] [restartedMain] o.apache.catalina.core.StandardService   : Starting service [Tomcat]
2025-03-25T12:05:11.479+05:30  INFO 24180 --- [Address Book] [restartedMain] o.apache.catalina.core.StandardEngine    : Starting Servlet engine: [Apache Tomcat/10.1.39]
2025-03-25T12:05:11.502+05:30  INFO 24180 --- [Address Book] [restartedMain] o.a.c.c.C.[Tomcat].[localhost].[/]       : Initializing Spring embedded WebApplicationContext
2025-03-25T12:05:11.502+05:30  INFO 24180 --- [Address Book] [restartedMain] w.s.c.ServletWebServerApplicationContext : Root WebApplicationContext: initialization completed in 1311 ms
2025-03-25T12:05:11.680+05:30  INFO 24180 --- [Address Book] [restartedMain] o.hibernate.jpa.internal.util.LogHelper  : HHH000204: Processing PersistenceUnitInfo [name: default]
2025-03-25T12:05:11.724+05:30  INFO 24180 --- [Address Book] [restartedMain] org.hibernate.Version                    : HHH000412: Hibernate ORM core version 6.6.11.Final
2025-03-25T12:05:11.743+05:30  INFO 24180 --- [Address Book] [restartedMain] o.h.c.internal.RegionFactoryInitiator    : HHH000026: Second-level cache disabled
2025-03-25T12:05:11.886+05:30  INFO 24180 --- [Address Book] [restartedMain] o.s.o.j.p.SpringPersistenceUnitInfo      : No LoadTimeWeaver setup: ignoring JPA class transformer
2025-03-25T12:05:11.904+05:30  INFO 24180 --- [Address Book] [restartedMain] com.zaxxer.hikari.HikariDataSource       : HikariPool-1 - Starting...
2025-03-25T12:05:12.138+05:30  INFO 24180 --- [Address Book] [restartedMain] com.zaxxer.hikari.pool.HikariPool        : HikariPool-1 - Added connection com.mysql.cj.jdbc.ConnectionImpl@117539d4
2025-03-25T12:05:12.139+05:30  INFO 24180 --- [Address Book] [restartedMain] com.zaxxer.hikari.HikariDataSource       : HikariPool-1 - Start completed.
2025-03-25T12:05:12.184+05:30  WARN 24180 --- [Address Book] [restartedMain] org.hibernate.orm.deprecation            : HHH90000025: MySQL8Dialect does not need to be specified explicitly using 'hibernate.dialect' (remove the property setting and it will be selected by default)
2025-03-25T12:05:12.184+05:30  WARN 24180 --- [Address Book] [restartedMain] org.hibernate.orm.deprecation            : HHH90000026: MySQL8Dialect has been deprecated; use org.hibernate.dialect.MySQLDialect instead
2025-03-25T12:05:12.194+05:30  INFO 24180 --- [Address Book] [restartedMain] org.hibernate.orm.connections.pooling    : HHH10001005: Database info:
	Database JDBC URL [Connecting through datasource 'HikariDataSource (HikariPool-1)']
	Database driver: undefined/unknown
	Database version: 8.0
	Autocommit mode: undefined/unknown
	Isolation level: undefined/unknown
	Minimum pool size: undefined/unknown
	Maximum pool size: undefined/unknown
2025-03-25T12:05:12.662+05:30  INFO 24180 --- [Address Book] [restartedMain] o.h.e.t.j.p.i.JtaPlatformInitiator       : HHH000489: No JTA platform available (set 'hibernate.transaction.jta.platform' to enable JTA platform integration)
2025-03-25T12:05:12.728+05:30  INFO 24180 --- [Address Book] [restartedMain] j.LocalContainerEntityManagerFactoryBean : Initialized JPA EntityManagerFactory for persistence unit 'default'
2025-03-25T12:05:12.918+05:30 DEBUG 24180 --- [Address Book] [restartedMain] c.e.a.security.JwtAuthenticationFilter   : Filter 'jwtAuthenticationFilter' configured for use
2025-03-25T12:05:12.948+05:30  WARN 24180 --- [Address Book] [restartedMain] r$InitializeUserDetailsManagerConfigurer : Found 2 UserDetailsService beans, with names [customUserDetailsService, userDetailsService]. Global Authentication Manager will not use a UserDetailsService for username/password login. Consider publishing a single UserDetailsService bean.
2025-03-25T12:05:12.948+05:30 DEBUG 24180 --- [Address Book] [restartedMain] swordEncoderAuthenticationManagerBuilder : No authenticationProviders and no parentAuthenticationManager defined. Returning null.
2025-03-25T12:05:13.268+05:30  WARN 24180 --- [Address Book] [restartedMain] JpaBaseConfiguration$JpaWebConfiguration : spring.jpa.open-in-view is enabled by default. Therefore, database queries may be performed during view rendering. Explicitly configure spring.jpa.open-in-view to disable this warning
2025-03-25T12:05:13.543+05:30  INFO 24180 --- [Address Book] [restartedMain] o.s.b.a.e.web.EndpointLinksResolver      : Exposing 1 endpoint beneath base path '/actuator'
2025-03-25T12:05:13.584+05:30 DEBUG 24180 --- [Address Book] [restartedMain] o.s.s.web.DefaultSecurityFilterChain     : Will secure any request with filters: DisableEncodeUrlFilter, WebAsyncManagerIntegrationFilter, SecurityContextHolderFilter, HeaderWriterFilter, CorsFilter, LogoutFilter, JwtAuthenticationFilter, RequestCacheAwareFilter, SecurityContextHolderAwareRequestFilter, AnonymousAuthenticationFilter, SessionManagementFilter, ExceptionTranslationFilter, AuthorizationFilter
2025-03-25T12:05:13.943+05:30  INFO 24180 --- [Address Book] [restartedMain] o.s.b.d.a.OptionalLiveReloadServer       : LiveReload server is running on port 35729
2025-03-25T12:05:13.982+05:30  INFO 24180 --- [Address Book] [restartedMain] o.s.b.w.embedded.tomcat.TomcatWebServer  : Tomcat started on port 8080 (http) with context path '/'
2025-03-25T12:05:13.994+05:30  INFO 24180 --- [Address Book] [restartedMain] c.e.addressbook.AddressBookApplication   : Started AddressBookApplication in 4.139 seconds (process running for 4.43)
2025-03-25T12:05:56.029+05:30  INFO 24180 --- [Address Book] [http-nio-8080-exec-1] o.a.c.c.C.[Tomcat].[localhost].[/]       : Initializing Spring DispatcherServlet 'dispatcherServlet'
2025-03-25T12:05:56.030+05:30  INFO 24180 --- [Address Book] [http-nio-8080-exec-1] o.s.web.servlet.DispatcherServlet        : Initializing Servlet 'dispatcherServlet'
2025-03-25T12:05:56.035+05:30  INFO 24180 --- [Address Book] [http-nio-8080-exec-1] o.s.web.servlet.DispatcherServlet        : Completed initialization in 5 ms
2025-03-25T12:05:56.054+05:30 DEBUG 24180 --- [Address Book] [http-nio-8080-exec-1] o.s.security.web.FilterChainProxy        : Securing GET /api/addressbook
2025-03-25T12:05:56.072+05:30 DEBUG 24180 --- [Address Book] [http-nio-8080-exec-1] o.s.s.w.a.AnonymousAuthenticationFilter  : Set SecurityContextHolder to anonymous SecurityContext
2025-03-25T12:05:56.078+05:30 DEBUG 24180 --- [Address Book] [http-nio-8080-exec-1] o.s.security.web.FilterChainProxy        : Secured GET /api/addressbook
2025-03-25T12:06:12.325+05:30 DEBUG 24180 --- [Address Book] [http-nio-8080-exec-3] o.s.security.web.FilterChainProxy        : Securing OPTIONS /api/addressbook
2025-03-25T12:06:12.335+05:30 DEBUG 24180 --- [Address Book] [http-nio-8080-exec-4] o.s.security.web.FilterChainProxy        : Securing POST /api/addressbook
2025-03-25T12:06:12.336+05:30 DEBUG 24180 --- [Address Book] [http-nio-8080-exec-4] o.s.s.w.a.AnonymousAuthenticationFilter  : Set SecurityContextHolder to anonymous SecurityContext
2025-03-25T12:06:12.338+05:30 DEBUG 24180 --- [Address Book] [http-nio-8080-exec-4] o.s.security.web.FilterChainProxy        : Secured POST /api/addressbook
2025-03-25T12:06:12.488+05:30 DEBUG 24180 --- [Address Book] [http-nio-8080-exec-5] o.s.security.web.FilterChainProxy        : Securing GET /api/addressbook
2025-03-25T12:06:12.489+05:30 DEBUG 24180 --- [Address Book] [http-nio-8080-exec-5] o.s.s.w.a.AnonymousAuthenticationFilter  : Set SecurityContextHolder to anonymous SecurityContext
2025-03-25T12:06:12.490+05:30 DEBUG 24180 --- [Address Book] [http-nio-8080-exec-5] o.s.security.web.FilterChainProxy        : Secured GET /api/addressbook
2025-03-25T12:12:51.677+05:30  INFO 24180 --- [Address Book] [SpringApplicationShutdownHook] o.s.b.w.e.tomcat.GracefulShutdown        : Commencing graceful shutdown. Waiting for active requests to complete
2025-03-25T12:12:51.690+05:30  INFO 24180 --- [Address Book] [tomcat-shutdown] o.s.b.w.e.tomcat.GracefulShutdown        : Graceful shutdown complete
2025-03-25T12:12:51.827+05:30  INFO 24180 --- [Address Book] [SpringApplicationShutdownHook] j.LocalContainerEntityManagerFactoryBean : Closing JPA EntityManagerFactory for persistence unit 'default'
2025-03-25T12:12:51.833+05:30  INFO 24180 --- [Address Book] [SpringApplicationShutdownHook] com.zaxxer.hikari.HikariDataSource       : HikariPool-1 - Shutdown initiated...
2025-03-25T12:12:51.842+05:30  INFO 24180 --- [Address Book] [SpringApplicationShutdownHook] com.zaxxer.hikari.HikariDataSource       : HikariPool-1 - Shutdown completed.
2025-03-25T12:12:53.996+05:30  INFO 25634 --- [Address Book] [restartedMain] c.e.addressbook.AddressBookApplication   : Starting AddressBookApplication using Java 17.0.9 with PID 25634 (/Users/samikshathakur/Documents/Capgemini/BL_SpringAddressBookApp/target/classes started by samikshathakur in /Users/samikshathakur/Documents/Capgemini/BL_SpringAddressBookApp)
2025-03-25T12:12:53.998+05:30 DEBUG 25634 --- [Address Book] [restartedMain] c.e.addressbook.AddressBookApplication   : Running with Spring Boot v3.5.0-SNAPSHOT, Spring v6.2.5
2025-03-25T12:12:53.999+05:30  INFO 25634 --- [Address Book] [restartedMain] c.e.addressbook.AddressBookApplication   : No active profile set, falling back to 1 default profile: "default"
2025-03-25T12:12:54.042+05:30  INFO 25634 --- [Address Book] [restartedMain] .e.DevToolsPropertyDefaultsPostProcessor : Devtools property defaults active! Set 'spring.devtools.add-properties' to 'false' to disable
2025-03-25T12:12:54.042+05:30  INFO 25634 --- [Address Book] [restartedMain] .e.DevToolsPropertyDefaultsPostProcessor : For additional web related logging consider setting the 'logging.level.web' property to 'DEBUG'
2025-03-25T12:12:54.516+05:30  INFO 25634 --- [Address Book] [restartedMain] .s.d.r.c.RepositoryConfigurationDelegate : Multiple Spring Data modules found, entering strict repository configuration mode
2025-03-25T12:12:54.516+05:30  INFO 25634 --- [Address Book] [restartedMain] .s.d.r.c.RepositoryConfigurationDelegate : Bootstrapping Spring Data JPA repositories in DEFAULT mode.
2025-03-25T12:12:54.590+05:30  INFO 25634 --- [Address Book] [restartedMain] .s.d.r.c.RepositoryConfigurationDelegate : Finished Spring Data repository scanning in 68 ms. Found 2 JPA repository interfaces.
2025-03-25T12:12:54.813+05:30  INFO 25634 --- [Address Book] [restartedMain] .s.d.r.c.RepositoryConfigurationDelegate : Multiple Spring Data modules found, entering strict repository configuration mode
2025-03-25T12:12:54.814+05:30  INFO 25634 --- [Address Book] [restartedMain] .s.d.r.c.RepositoryConfigurationDelegate : Bootstrapping Spring Data Redis repositories in DEFAULT mode.
2025-03-25T12:12:54.829+05:30  INFO 25634 --- [Address Book] [restartedMain] .RepositoryConfigurationExtensionSupport : Spring Data Redis - Could not safely identify store assignment for repository candidate interface com.example.addressbook.repository.AddressBookRepository; If you want this repository to be a Redis repository, consider annotating your entities with one of these annotations: org.springframework.data.redis.core.RedisHash (preferred), or consider extending one of the following types with your repository: org.springframework.data.keyvalue.repository.KeyValueRepository
2025-03-25T12:12:54.829+05:30  INFO 25634 --- [Address Book] [restartedMain] .RepositoryConfigurationExtensionSupport : Spring Data Redis - Could not safely identify store assignment for repository candidate interface com.example.addressbook.repository.UserRepository; If you want this repository to be a Redis repository, consider annotating your entities with one of these annotations: org.springframework.data.redis.core.RedisHash (preferred), or consider extending one of the following types with your repository: org.springframework.data.keyvalue.repository.KeyValueRepository
2025-03-25T12:12:54.829+05:30  INFO 25634 --- [Address Book] [restartedMain] .s.d.r.c.RepositoryConfigurationDelegate : Finished Spring Data repository scanning in 7 ms. Found 0 Redis repository interfaces.
2025-03-25T12:12:55.291+05:30  INFO 25634 --- [Address Book] [restartedMain] o.s.b.w.embedded.tomcat.TomcatWebServer  : Tomcat initialized with port 8080 (http)
2025-03-25T12:12:55.298+05:30  INFO 25634 --- [Address Book] [restartedMain] o.apache.catalina.core.StandardService   : Starting service [Tomcat]
2025-03-25T12:12:55.299+05:30  INFO 25634 --- [Address Book] [restartedMain] o.apache.catalina.core.StandardEngine    : Starting Servlet engine: [Apache Tomcat/10.1.39]
2025-03-25T12:12:55.323+05:30  INFO 25634 --- [Address Book] [restartedMain] o.a.c.c.C.[Tomcat].[localhost].[/]       : Initializing Spring embedded WebApplicationContext
2025-03-25T12:12:55.323+05:30  INFO 25634 --- [Address Book] [restartedMain] w.s.c.ServletWebServerApplicationContext : Root WebApplicationContext: initialization completed in 1281 ms
2025-03-25T12:12:55.498+05:30  INFO 25634 --- [Address Book] [restartedMain] o.hibernate.jpa.internal.util.LogHelper  : HHH000204: Processing PersistenceUnitInfo [name: default]
2025-03-25T12:12:55.540+05:30  INFO 25634 --- [Address Book] [restartedMain] org.hibernate.Version                    : HHH000412: Hibernate ORM core version 6.6.11.Final
2025-03-25T12:12:55.561+05:30  INFO 25634 --- [Address Book] [restartedMain] o.h.c.internal.RegionFactoryInitiator    : HHH000026: Second-level cache disabled
2025-03-25T12:12:55.706+05:30  INFO 25634 --- [Address Book] [restartedMain] o.s.o.j.p.SpringPersistenceUnitInfo      : No LoadTimeWeaver setup: ignoring JPA class transformer
2025-03-25T12:12:55.727+05:30  INFO 25634 --- [Address Book] [restartedMain] com.zaxxer.hikari.HikariDataSource       : HikariPool-1 - Starting...
2025-03-25T12:12:55.971+05:30  INFO 25634 --- [Address Book] [restartedMain] com.zaxxer.hikari.pool.HikariPool        : HikariPool-1 - Added connection com.mysql.cj.jdbc.ConnectionImpl@3d6059a4
2025-03-25T12:12:55.972+05:30  INFO 25634 --- [Address Book] [restartedMain] com.zaxxer.hikari.HikariDataSource       : HikariPool-1 - Start completed.
2025-03-25T12:12:56.017+05:30  WARN 25634 --- [Address Book] [restartedMain] org.hibernate.orm.deprecation            : HHH90000025: MySQL8Dialect does not need to be specified explicitly using 'hibernate.dialect' (remove the property setting and it will be selected by default)
2025-03-25T12:12:56.017+05:30  WARN 25634 --- [Address Book] [restartedMain] org.hibernate.orm.deprecation            : HHH90000026: MySQL8Dialect has been deprecated; use org.hibernate.dialect.MySQLDialect instead
2025-03-25T12:12:56.027+05:30  INFO 25634 --- [Address Book] [restartedMain] org.hibernate.orm.connections.pooling    : HHH10001005: Database info:
	Database JDBC URL [Connecting through datasource 'HikariDataSource (HikariPool-1)']
	Database driver: undefined/unknown
	Database version: 8.0
	Autocommit mode: undefined/unknown
	Isolation level: undefined/unknown
	Minimum pool size: undefined/unknown
	Maximum pool size: undefined/unknown
2025-03-25T12:12:56.474+05:30  INFO 25634 --- [Address Book] [restartedMain] o.h.e.t.j.p.i.JtaPlatformInitiator       : HHH000489: No JTA platform available (set 'hibernate.transaction.jta.platform' to enable JTA platform integration)
2025-03-25T12:12:56.604+05:30  INFO 25634 --- [Address Book] [restartedMain] j.LocalContainerEntityManagerFactoryBean : Initialized JPA EntityManagerFactory for persistence unit 'default'
2025-03-25T12:12:56.791+05:30 DEBUG 25634 --- [Address Book] [restartedMain] c.e.a.security.JwtAuthenticationFilter   : Filter 'jwtAuthenticationFilter' configured for use
2025-03-25T12:12:56.821+05:30  WARN 25634 --- [Address Book] [restartedMain] r$InitializeUserDetailsManagerConfigurer : Found 2 UserDetailsService beans, with names [customUserDetailsService, userDetailsService]. Global Authentication Manager will not use a UserDetailsService for username/password login. Consider publishing a single UserDetailsService bean.
2025-03-25T12:12:56.822+05:30 DEBUG 25634 --- [Address Book] [restartedMain] swordEncoderAuthenticationManagerBuilder : No authenticationProviders and no parentAuthenticationManager defined. Returning null.
2025-03-25T12:12:57.143+05:30  WARN 25634 --- [Address Book] [restartedMain] JpaBaseConfiguration$JpaWebConfiguration : spring.jpa.open-in-view is enabled by default. Therefore, database queries may be performed during view rendering. Explicitly configure spring.jpa.open-in-view to disable this warning
2025-03-25T12:12:57.407+05:30  INFO 25634 --- [Address Book] [restartedMain] o.s.b.a.e.web.EndpointLinksResolver      : Exposing 1 endpoint beneath base path '/actuator'
2025-03-25T12:12:57.444+05:30 DEBUG 25634 --- [Address Book] [restartedMain] o.s.s.web.DefaultSecurityFilterChain     : Will secure any request with filters: DisableEncodeUrlFilter, WebAsyncManagerIntegrationFilter, SecurityContextHolderFilter, HeaderWriterFilter, CorsFilter, LogoutFilter, JwtAuthenticationFilter, RequestCacheAwareFilter, SecurityContextHolderAwareRequestFilter, AnonymousAuthenticationFilter, SessionManagementFilter, ExceptionTranslationFilter, AuthorizationFilter
2025-03-25T12:12:57.783+05:30  INFO 25634 --- [Address Book] [restartedMain] o.s.b.d.a.OptionalLiveReloadServer       : LiveReload server is running on port 35729
2025-03-25T12:12:57.821+05:30  INFO 25634 --- [Address Book] [restartedMain] o.s.b.w.embedded.tomcat.TomcatWebServer  : Tomcat started on port 8080 (http) with context path '/'
2025-03-25T12:12:57.833+05:30  INFO 25634 --- [Address Book] [restartedMain] c.e.addressbook.AddressBookApplication   : Started AddressBookApplication in 4.118 seconds (process running for 4.422)
2025-03-25T12:13:24.885+05:30  INFO 25634 --- [Address Book] [http-nio-8080-exec-1] o.a.c.c.C.[Tomcat].[localhost].[/]       : Initializing Spring DispatcherServlet 'dispatcherServlet'
2025-03-25T12:13:24.886+05:30  INFO 25634 --- [Address Book] [http-nio-8080-exec-1] o.s.web.servlet.DispatcherServlet        : Initializing Servlet 'dispatcherServlet'
2025-03-25T12:13:24.897+05:30  INFO 25634 --- [Address Book] [http-nio-8080-exec-1] o.s.web.servlet.DispatcherServlet        : Completed initialization in 11 ms
2025-03-25T12:13:24.919+05:30 DEBUG 25634 --- [Address Book] [http-nio-8080-exec-1] o.s.security.web.FilterChainProxy        : Securing GET /api/addressbook
2025-03-25T12:13:24.939+05:30 DEBUG 25634 --- [Address Book] [http-nio-8080-exec-1] o.s.s.w.a.AnonymousAuthenticationFilter  : Set SecurityContextHolder to anonymous SecurityContext
2025-03-25T12:13:24.943+05:30 DEBUG 25634 --- [Address Book] [http-nio-8080-exec-1] o.s.security.web.FilterChainProxy        : Secured GET /api/addressbook
2025-03-25T12:14:11.887+05:30 DEBUG 25634 --- [Address Book] [http-nio-8080-exec-3] o.s.security.web.FilterChainProxy        : Securing OPTIONS /api/addressbook
2025-03-25T12:14:11.897+05:30 DEBUG 25634 --- [Address Book] [http-nio-8080-exec-4] o.s.security.web.FilterChainProxy        : Securing POST /api/addressbook
2025-03-25T12:14:11.899+05:30 DEBUG 25634 --- [Address Book] [http-nio-8080-exec-4] o.s.s.w.a.AnonymousAuthenticationFilter  : Set SecurityContextHolder to anonymous SecurityContext
2025-03-25T12:14:11.900+05:30 DEBUG 25634 --- [Address Book] [http-nio-8080-exec-4] o.s.security.web.FilterChainProxy        : Secured POST /api/addressbook
2025-03-25T12:14:12.050+05:30 DEBUG 25634 --- [Address Book] [http-nio-8080-exec-5] o.s.security.web.FilterChainProxy        : Securing GET /api/addressbook
2025-03-25T12:14:12.052+05:30 DEBUG 25634 --- [Address Book] [http-nio-8080-exec-5] o.s.s.w.a.AnonymousAuthenticationFilter  : Set SecurityContextHolder to anonymous SecurityContext
2025-03-25T12:14:12.052+05:30 DEBUG 25634 --- [Address Book] [http-nio-8080-exec-5] o.s.security.web.FilterChainProxy        : Secured GET /api/addressbook
2025-03-25T12:14:59.406+05:30 DEBUG 25634 --- [Address Book] [http-nio-8080-exec-7] o.s.security.web.FilterChainProxy        : Securing OPTIONS /api/addressbook/1
2025-03-25T12:14:59.419+05:30 DEBUG 25634 --- [Address Book] [http-nio-8080-exec-8] o.s.security.web.FilterChainProxy        : Securing DELETE /api/addressbook/1
2025-03-25T12:14:59.421+05:30 DEBUG 25634 --- [Address Book] [http-nio-8080-exec-8] o.s.s.w.a.AnonymousAuthenticationFilter  : Set SecurityContextHolder to anonymous SecurityContext
2025-03-25T12:14:59.422+05:30 DEBUG 25634 --- [Address Book] [http-nio-8080-exec-8] o.s.security.web.FilterChainProxy        : Secured DELETE /api/addressbook/1
2025-03-25T12:15:02.810+05:30 DEBUG 25634 --- [Address Book] [http-nio-8080-exec-10] o.s.security.web.FilterChainProxy        : Securing PUT /api/addressbook/1
2025-03-25T12:15:02.812+05:30 DEBUG 25634 --- [Address Book] [http-nio-8080-exec-10] o.s.s.w.a.AnonymousAuthenticationFilter  : Set SecurityContextHolder to anonymous SecurityContext
2025-03-25T12:15:02.812+05:30 DEBUG 25634 --- [Address Book] [http-nio-8080-exec-10] o.s.security.web.FilterChainProxy        : Secured PUT /api/addressbook/1
2025-03-25T12:15:02.829+05:30 DEBUG 25634 --- [Address Book] [http-nio-8080-exec-1] o.s.security.web.FilterChainProxy        : Securing GET /api/addressbook
2025-03-25T12:15:02.831+05:30 DEBUG 25634 --- [Address Book] [http-nio-8080-exec-1] o.s.s.w.a.AnonymousAuthenticationFilter  : Set SecurityContextHolder to anonymous SecurityContext
2025-03-25T12:15:02.832+05:30 DEBUG 25634 --- [Address Book] [http-nio-8080-exec-1] o.s.security.web.FilterChainProxy        : Secured GET /api/addressbook
2025-03-25T12:20:38.307+05:30 DEBUG 25634 --- [Address Book] [http-nio-8080-exec-3] o.s.security.web.FilterChainProxy        : Securing GET /api/addressbook
2025-03-25T12:20:38.312+05:30 DEBUG 25634 --- [Address Book] [http-nio-8080-exec-3] o.s.s.w.a.AnonymousAuthenticationFilter  : Set SecurityContextHolder to anonymous SecurityContext
2025-03-25T12:20:38.314+05:30 DEBUG 25634 --- [Address Book] [http-nio-8080-exec-3] o.s.security.web.FilterChainProxy        : Secured GET /api/addressbook
2025-03-25T12:33:34.382+05:30  WARN 25634 --- [Address Book] [HikariPool-1:housekeeper] com.zaxxer.hikari.pool.HikariPool        : HikariPool-1 - Thread starvation or clock leap detected (housekeeper delta=6m8s198ms).
2025-03-25T12:40:47.886+05:30  WARN 25634 --- [Address Book] [HikariPool-1:housekeeper] com.zaxxer.hikari.pool.HikariPool        : HikariPool-1 - Thread starvation or clock leap detected (housekeeper delta=7m13s508ms).
2025-03-25T12:44:26.918+05:30  WARN 25634 --- [Address Book] [HikariPool-1:housekeeper] com.zaxxer.hikari.pool.HikariPool        : HikariPool-1 - Thread starvation or clock leap detected (housekeeper delta=3m39s33ms).
2025-03-25T12:48:08.711+05:30  WARN 25634 --- [Address Book] [HikariPool-1:housekeeper] com.zaxxer.hikari.pool.HikariPool        : HikariPool-1 - Thread starvation or clock leap detected (housekeeper delta=3m41s793ms).
2025-03-25T12:52:51.180+05:30  WARN 25634 --- [Address Book] [HikariPool-1:housekeeper] com.zaxxer.hikari.pool.HikariPool        : HikariPool-1 - Thread starvation or clock leap detected (housekeeper delta=4m42s468ms).
2025-03-25T12:56:48.934+05:30  WARN 25634 --- [Address Book] [HikariPool-1:housekeeper] com.zaxxer.hikari.pool.HikariPool        : HikariPool-1 - Thread starvation or clock leap detected (housekeeper delta=3m57s755ms).
2025-03-25T13:05:03.366+05:30  WARN 25634 --- [Address Book] [HikariPool-1:housekeeper] com.zaxxer.hikari.pool.HikariPool        : HikariPool-1 - Thread starvation or clock leap detected (housekeeper delta=8m14s432ms).
2025-03-25T13:12:18.152+05:30  WARN 25634 --- [Address Book] [HikariPool-1:housekeeper] com.zaxxer.hikari.pool.HikariPool        : HikariPool-1 - Thread starvation or clock leap detected (housekeeper delta=7m14s786ms).
2025-03-25T13:20:35.950+05:30  WARN 25634 --- [Address Book] [HikariPool-1:housekeeper] com.zaxxer.hikari.pool.HikariPool        : HikariPool-1 - Thread starvation or clock leap detected (housekeeper delta=8m17s798ms).
2025-03-25T13:24:18.262+05:30  WARN 25634 --- [Address Book] [HikariPool-1:housekeeper] com.zaxxer.hikari.pool.HikariPool        : HikariPool-1 - Thread starvation or clock leap detected (housekeeper delta=3m42s311ms).
2025-03-25T13:29:19.863+05:30  WARN 25634 --- [Address Book] [HikariPool-1:housekeeper] com.zaxxer.hikari.pool.HikariPool        : HikariPool-1 - Thread starvation or clock leap detected (housekeeper delta=5m1s602ms).
2025-03-25T13:36:54.440+05:30  WARN 25634 --- [Address Book] [HikariPool-1:housekeeper] com.zaxxer.hikari.pool.HikariPool        : HikariPool-1 - Thread starvation or clock leap detected (housekeeper delta=7m34s577ms).
2025-03-25T13:44:08.879+05:30  WARN 25634 --- [Address Book] [HikariPool-1:housekeeper] com.zaxxer.hikari.pool.HikariPool        : HikariPool-1 - Thread starvation or clock leap detected (housekeeper delta=7m14s439ms).
2025-03-25T13:51:23.119+05:30  WARN 25634 --- [Address Book] [HikariPool-1:housekeeper] com.zaxxer.hikari.pool.HikariPool        : HikariPool-1 - Thread starvation or clock leap detected (housekeeper delta=7m14s240ms).
2025-03-25T13:58:37.715+05:30  WARN 25634 --- [Address Book] [HikariPool-1:housekeeper] com.zaxxer.hikari.pool.HikariPool        : HikariPool-1 - Thread starvation or clock leap detected (housekeeper delta=7m14s596ms).
2025-03-25T14:01:42.626+05:30  WARN 25634 --- [Address Book] [HikariPool-1:housekeeper] com.zaxxer.hikari.pool.HikariPool        : HikariPool-1 - Thread starvation or clock leap detected (housekeeper delta=3m4s909ms).
2025-03-25T14:01:51.808+05:30  INFO 25634 --- [Address Book] [SpringApplicationShutdownHook] o.s.b.w.e.tomcat.GracefulShutdown        : Commencing graceful shutdown. Waiting for active requests to complete
2025-03-25T14:01:51.819+05:30  INFO 25634 --- [Address Book] [tomcat-shutdown] o.s.b.w.e.tomcat.GracefulShutdown        : Graceful shutdown complete
2025-03-25T14:01:51.961+05:30  INFO 25634 --- [Address Book] [SpringApplicationShutdownHook] j.LocalContainerEntityManagerFactoryBean : Closing JPA EntityManagerFactory for persistence unit 'default'
2025-03-25T14:01:51.967+05:30  INFO 25634 --- [Address Book] [SpringApplicationShutdownHook] com.zaxxer.hikari.HikariDataSource       : HikariPool-1 - Shutdown initiated...
2025-03-25T14:01:51.977+05:30  INFO 25634 --- [Address Book] [SpringApplicationShutdownHook] com.zaxxer.hikari.HikariDataSource       : HikariPool-1 - Shutdown completed.
2025-03-25T14:02:53.674+05:30  INFO 30020 --- [Address Book] [restartedMain] c.e.addressbook.AddressBookApplication   : Starting AddressBookApplication using Java 17.0.9 with PID 30020 (/Users/samikshathakur/Documents/Capgemini/BL_SpringAddressBookApp/target/classes started by samikshathakur in /Users/samikshathakur/Documents/Capgemini/BL_SpringAddressBookApp)
2025-03-25T14:02:53.675+05:30 DEBUG 30020 --- [Address Book] [restartedMain] c.e.addressbook.AddressBookApplication   : Running with Spring Boot v3.5.0-SNAPSHOT, Spring v6.2.5
2025-03-25T14:02:53.676+05:30  INFO 30020 --- [Address Book] [restartedMain] c.e.addressbook.AddressBookApplication   : No active profile set, falling back to 1 default profile: "default"
2025-03-25T14:02:53.716+05:30  INFO 30020 --- [Address Book] [restartedMain] .e.DevToolsPropertyDefaultsPostProcessor : Devtools property defaults active! Set 'spring.devtools.add-properties' to 'false' to disable
2025-03-25T14:02:53.716+05:30  INFO 30020 --- [Address Book] [restartedMain] .e.DevToolsPropertyDefaultsPostProcessor : For additional web related logging consider setting the 'logging.level.web' property to 'DEBUG'
2025-03-25T14:02:54.184+05:30  INFO 30020 --- [Address Book] [restartedMain] .s.d.r.c.RepositoryConfigurationDelegate : Multiple Spring Data modules found, entering strict repository configuration mode
2025-03-25T14:02:54.184+05:30  INFO 30020 --- [Address Book] [restartedMain] .s.d.r.c.RepositoryConfigurationDelegate : Bootstrapping Spring Data JPA repositories in DEFAULT mode.
2025-03-25T14:02:54.259+05:30  INFO 30020 --- [Address Book] [restartedMain] .s.d.r.c.RepositoryConfigurationDelegate : Finished Spring Data repository scanning in 67 ms. Found 2 JPA repository interfaces.
2025-03-25T14:02:54.484+05:30  INFO 30020 --- [Address Book] [restartedMain] .s.d.r.c.RepositoryConfigurationDelegate : Multiple Spring Data modules found, entering strict repository configuration mode
2025-03-25T14:02:54.485+05:30  INFO 30020 --- [Address Book] [restartedMain] .s.d.r.c.RepositoryConfigurationDelegate : Bootstrapping Spring Data Redis repositories in DEFAULT mode.
2025-03-25T14:02:54.500+05:30  INFO 30020 --- [Address Book] [restartedMain] .RepositoryConfigurationExtensionSupport : Spring Data Redis - Could not safely identify store assignment for repository candidate interface com.example.addressbook.repository.AddressBookRepository; If you want this repository to be a Redis repository, consider annotating your entities with one of these annotations: org.springframework.data.redis.core.RedisHash (preferred), or consider extending one of the following types with your repository: org.springframework.data.keyvalue.repository.KeyValueRepository
2025-03-25T14:02:54.501+05:30  INFO 30020 --- [Address Book] [restartedMain] .RepositoryConfigurationExtensionSupport : Spring Data Redis - Could not safely identify store assignment for repository candidate interface com.example.addressbook.repository.UserRepository; If you want this repository to be a Redis repository, consider annotating your entities with one of these annotations: org.springframework.data.redis.core.RedisHash (preferred), or consider extending one of the following types with your repository: org.springframework.data.keyvalue.repository.KeyValueRepository
2025-03-25T14:02:54.501+05:30  INFO 30020 --- [Address Book] [restartedMain] .s.d.r.c.RepositoryConfigurationDelegate : Finished Spring Data repository scanning in 8 ms. Found 0 Redis repository interfaces.
2025-03-25T14:02:54.983+05:30  INFO 30020 --- [Address Book] [restartedMain] o.s.b.w.embedded.tomcat.TomcatWebServer  : Tomcat initialized with port 8080 (http)
2025-03-25T14:02:54.991+05:30  INFO 30020 --- [Address Book] [restartedMain] o.apache.catalina.core.StandardService   : Starting service [Tomcat]
2025-03-25T14:02:54.992+05:30  INFO 30020 --- [Address Book] [restartedMain] o.apache.catalina.core.StandardEngine    : Starting Servlet engine: [Apache Tomcat/10.1.39]
2025-03-25T14:02:55.017+05:30  INFO 30020 --- [Address Book] [restartedMain] o.a.c.c.C.[Tomcat].[localhost].[/]       : Initializing Spring embedded WebApplicationContext
2025-03-25T14:02:55.017+05:30  INFO 30020 --- [Address Book] [restartedMain] w.s.c.ServletWebServerApplicationContext : Root WebApplicationContext: initialization completed in 1301 ms
2025-03-25T14:02:55.193+05:30  INFO 30020 --- [Address Book] [restartedMain] o.hibernate.jpa.internal.util.LogHelper  : HHH000204: Processing PersistenceUnitInfo [name: default]
2025-03-25T14:02:55.235+05:30  INFO 30020 --- [Address Book] [restartedMain] org.hibernate.Version                    : HHH000412: Hibernate ORM core version 6.6.11.Final
2025-03-25T14:02:55.255+05:30  INFO 30020 --- [Address Book] [restartedMain] o.h.c.internal.RegionFactoryInitiator    : HHH000026: Second-level cache disabled
2025-03-25T14:02:55.396+05:30  INFO 30020 --- [Address Book] [restartedMain] o.s.o.j.p.SpringPersistenceUnitInfo      : No LoadTimeWeaver setup: ignoring JPA class transformer
2025-03-25T14:02:55.413+05:30  INFO 30020 --- [Address Book] [restartedMain] com.zaxxer.hikari.HikariDataSource       : HikariPool-1 - Starting...
2025-03-25T14:02:55.662+05:30  INFO 30020 --- [Address Book] [restartedMain] com.zaxxer.hikari.pool.HikariPool        : HikariPool-1 - Added connection com.mysql.cj.jdbc.ConnectionImpl@415ccaf0
2025-03-25T14:02:55.663+05:30  INFO 30020 --- [Address Book] [restartedMain] com.zaxxer.hikari.HikariDataSource       : HikariPool-1 - Start completed.
2025-03-25T14:02:55.704+05:30  WARN 30020 --- [Address Book] [restartedMain] org.hibernate.orm.deprecation            : HHH90000025: MySQL8Dialect does not need to be specified explicitly using 'hibernate.dialect' (remove the property setting and it will be selected by default)
2025-03-25T14:02:55.705+05:30  WARN 30020 --- [Address Book] [restartedMain] org.hibernate.orm.deprecation            : HHH90000026: MySQL8Dialect has been deprecated; use org.hibernate.dialect.MySQLDialect instead
2025-03-25T14:02:55.715+05:30  INFO 30020 --- [Address Book] [restartedMain] org.hibernate.orm.connections.pooling    : HHH10001005: Database info:
	Database JDBC URL [Connecting through datasource 'HikariDataSource (HikariPool-1)']
	Database driver: undefined/unknown
	Database version: 8.0
	Autocommit mode: undefined/unknown
	Isolation level: undefined/unknown
	Minimum pool size: undefined/unknown
	Maximum pool size: undefined/unknown
2025-03-25T14:02:56.176+05:30  INFO 30020 --- [Address Book] [restartedMain] o.h.e.t.j.p.i.JtaPlatformInitiator       : HHH000489: No JTA platform available (set 'hibernate.transaction.jta.platform' to enable JTA platform integration)
2025-03-25T14:02:56.255+05:30  INFO 30020 --- [Address Book] [restartedMain] j.LocalContainerEntityManagerFactoryBean : Initialized JPA EntityManagerFactory for persistence unit 'default'
2025-03-25T14:02:56.437+05:30 DEBUG 30020 --- [Address Book] [restartedMain] c.e.a.security.JwtAuthenticationFilter   : Filter 'jwtAuthenticationFilter' configured for use
2025-03-25T14:02:56.471+05:30  WARN 30020 --- [Address Book] [restartedMain] r$InitializeUserDetailsManagerConfigurer : Found 2 UserDetailsService beans, with names [customUserDetailsService, userDetailsService]. Global Authentication Manager will not use a UserDetailsService for username/password login. Consider publishing a single UserDetailsService bean.
2025-03-25T14:02:56.472+05:30 DEBUG 30020 --- [Address Book] [restartedMain] swordEncoderAuthenticationManagerBuilder : No authenticationProviders and no parentAuthenticationManager defined. Returning null.
2025-03-25T14:02:56.796+05:30  WARN 30020 --- [Address Book] [restartedMain] JpaBaseConfiguration$JpaWebConfiguration : spring.jpa.open-in-view is enabled by default. Therefore, database queries may be performed during view rendering. Explicitly configure spring.jpa.open-in-view to disable this warning
2025-03-25T14:02:57.066+05:30  INFO 30020 --- [Address Book] [restartedMain] o.s.b.a.e.web.EndpointLinksResolver      : Exposing 1 endpoint beneath base path '/actuator'
2025-03-25T14:02:57.106+05:30 DEBUG 30020 --- [Address Book] [restartedMain] o.s.s.web.DefaultSecurityFilterChain     : Will secure any request with filters: DisableEncodeUrlFilter, WebAsyncManagerIntegrationFilter, SecurityContextHolderFilter, HeaderWriterFilter, CorsFilter, LogoutFilter, JwtAuthenticationFilter, RequestCacheAwareFilter, SecurityContextHolderAwareRequestFilter, AnonymousAuthenticationFilter, SessionManagementFilter, ExceptionTranslationFilter, AuthorizationFilter
2025-03-25T14:02:57.457+05:30  INFO 30020 --- [Address Book] [restartedMain] o.s.b.d.a.OptionalLiveReloadServer       : LiveReload server is running on port 35729
2025-03-25T14:02:57.504+05:30  INFO 30020 --- [Address Book] [restartedMain] o.s.b.w.embedded.tomcat.TomcatWebServer  : Tomcat started on port 8080 (http) with context path '/'
2025-03-25T14:02:57.516+05:30  INFO 30020 --- [Address Book] [restartedMain] c.e.addressbook.AddressBookApplication   : Started AddressBookApplication in 4.107 seconds (process running for 4.505)
2025-03-25T14:03:08.284+05:30  INFO 30020 --- [Address Book] [http-nio-8080-exec-1] o.a.c.c.C.[Tomcat].[localhost].[/]       : Initializing Spring DispatcherServlet 'dispatcherServlet'
2025-03-25T14:03:08.285+05:30  INFO 30020 --- [Address Book] [http-nio-8080-exec-1] o.s.web.servlet.DispatcherServlet        : Initializing Servlet 'dispatcherServlet'
2025-03-25T14:03:08.289+05:30  INFO 30020 --- [Address Book] [http-nio-8080-exec-1] o.s.web.servlet.DispatcherServlet        : Completed initialization in 4 ms
2025-03-25T14:03:08.307+05:30 DEBUG 30020 --- [Address Book] [http-nio-8080-exec-1] o.s.security.web.FilterChainProxy        : Securing GET /api/addressbook
2025-03-25T14:03:08.326+05:30 DEBUG 30020 --- [Address Book] [http-nio-8080-exec-1] o.s.s.w.a.AnonymousAuthenticationFilter  : Set SecurityContextHolder to anonymous SecurityContext
2025-03-25T14:03:08.329+05:30 DEBUG 30020 --- [Address Book] [http-nio-8080-exec-1] o.s.security.web.FilterChainProxy        : Secured GET /api/addressbook
2025-03-25T14:03:53.168+05:30 DEBUG 30020 --- [Address Book] [http-nio-8080-exec-3] o.s.security.web.FilterChainProxy        : Securing OPTIONS /api/addressbook
2025-03-25T14:03:53.178+05:30 DEBUG 30020 --- [Address Book] [http-nio-8080-exec-4] o.s.security.web.FilterChainProxy        : Securing POST /api/addressbook
2025-03-25T14:03:53.180+05:30 DEBUG 30020 --- [Address Book] [http-nio-8080-exec-4] o.s.s.w.a.AnonymousAuthenticationFilter  : Set SecurityContextHolder to anonymous SecurityContext
2025-03-25T14:03:53.181+05:30 DEBUG 30020 --- [Address Book] [http-nio-8080-exec-4] o.s.security.web.FilterChainProxy        : Secured POST /api/addressbook
2025-03-25T14:03:53.322+05:30 DEBUG 30020 --- [Address Book] [http-nio-8080-exec-5] o.s.security.web.FilterChainProxy        : Securing GET /api/addressbook
2025-03-25T14:03:53.323+05:30 DEBUG 30020 --- [Address Book] [http-nio-8080-exec-5] o.s.s.w.a.AnonymousAuthenticationFilter  : Set SecurityContextHolder to anonymous SecurityContext
2025-03-25T14:03:53.323+05:30 DEBUG 30020 --- [Address Book] [http-nio-8080-exec-5] o.s.security.web.FilterChainProxy        : Secured GET /api/addressbook
2025-03-25T14:06:30.370+05:30 DEBUG 30020 --- [Address Book] [http-nio-8080-exec-7] o.s.security.web.FilterChainProxy        : Securing OPTIONS /api/addressbook/1
2025-03-25T14:06:30.381+05:30 DEBUG 30020 --- [Address Book] [http-nio-8080-exec-8] o.s.security.web.FilterChainProxy        : Securing PUT /api/addressbook/1
2025-03-25T14:06:30.384+05:30 DEBUG 30020 --- [Address Book] [http-nio-8080-exec-8] o.s.s.w.a.AnonymousAuthenticationFilter  : Set SecurityContextHolder to anonymous SecurityContext
2025-03-25T14:06:30.386+05:30 DEBUG 30020 --- [Address Book] [http-nio-8080-exec-8] o.s.security.web.FilterChainProxy        : Secured PUT /api/addressbook/1
2025-03-25T14:06:30.405+05:30 DEBUG 30020 --- [Address Book] [http-nio-8080-exec-9] o.s.security.web.FilterChainProxy        : Securing GET /api/addressbook
2025-03-25T14:06:30.406+05:30 DEBUG 30020 --- [Address Book] [http-nio-8080-exec-9] o.s.s.w.a.AnonymousAuthenticationFilter  : Set SecurityContextHolder to anonymous SecurityContext
2025-03-25T14:06:30.407+05:30 DEBUG 30020 --- [Address Book] [http-nio-8080-exec-9] o.s.security.web.FilterChainProxy        : Secured GET /api/addressbook
2025-03-25T14:06:31.505+05:30 DEBUG 30020 --- [Address Book] [http-nio-8080-exec-1] o.s.security.web.FilterChainProxy        : Securing PUT /api/addressbook/1
2025-03-25T14:06:31.508+05:30 DEBUG 30020 --- [Address Book] [http-nio-8080-exec-1] o.s.s.w.a.AnonymousAuthenticationFilter  : Set SecurityContextHolder to anonymous SecurityContext
2025-03-25T14:06:31.510+05:30 DEBUG 30020 --- [Address Book] [http-nio-8080-exec-1] o.s.security.web.FilterChainProxy        : Secured PUT /api/addressbook/1
2025-03-25T14:06:31.521+05:30 DEBUG 30020 --- [Address Book] [http-nio-8080-exec-2] o.s.security.web.FilterChainProxy        : Securing GET /api/addressbook
2025-03-25T14:06:31.524+05:30 DEBUG 30020 --- [Address Book] [http-nio-8080-exec-2] o.s.s.w.a.AnonymousAuthenticationFilter  : Set SecurityContextHolder to anonymous SecurityContext
2025-03-25T14:06:31.525+05:30 DEBUG 30020 --- [Address Book] [http-nio-8080-exec-2] o.s.security.web.FilterChainProxy        : Secured GET /api/addressbook
2025-03-25T14:06:31.956+05:30 DEBUG 30020 --- [Address Book] [http-nio-8080-exec-3] o.s.security.web.FilterChainProxy        : Securing PUT /api/addressbook/1
2025-03-25T14:06:31.958+05:30 DEBUG 30020 --- [Address Book] [http-nio-8080-exec-3] o.s.s.w.a.AnonymousAuthenticationFilter  : Set SecurityContextHolder to anonymous SecurityContext
2025-03-25T14:06:31.959+05:30 DEBUG 30020 --- [Address Book] [http-nio-8080-exec-3] o.s.security.web.FilterChainProxy        : Secured PUT /api/addressbook/1
2025-03-25T14:06:31.972+05:30 DEBUG 30020 --- [Address Book] [http-nio-8080-exec-4] o.s.security.web.FilterChainProxy        : Securing GET /api/addressbook
2025-03-25T14:06:31.974+05:30 DEBUG 30020 --- [Address Book] [http-nio-8080-exec-4] o.s.s.w.a.AnonymousAuthenticationFilter  : Set SecurityContextHolder to anonymous SecurityContext
2025-03-25T14:06:31.975+05:30 DEBUG 30020 --- [Address Book] [http-nio-8080-exec-4] o.s.security.web.FilterChainProxy        : Secured GET /api/addressbook
2025-03-25T14:06:34.421+05:30 DEBUG 30020 --- [Address Book] [http-nio-8080-exec-5] o.s.security.web.FilterChainProxy        : Securing DELETE /api/addressbook/1
2025-03-25T14:06:34.423+05:30 DEBUG 30020 --- [Address Book] [http-nio-8080-exec-5] o.s.s.w.a.AnonymousAuthenticationFilter  : Set SecurityContextHolder to anonymous SecurityContext
2025-03-25T14:06:34.424+05:30 DEBUG 30020 --- [Address Book] [http-nio-8080-exec-5] o.s.security.web.FilterChainProxy        : Secured DELETE /api/addressbook/1
2025-03-25T14:06:37.420+05:30 DEBUG 30020 --- [Address Book] [http-nio-8080-exec-7] o.s.security.web.FilterChainProxy        : Securing OPTIONS /api/addressbook/1
2025-03-25T14:06:37.428+05:30 DEBUG 30020 --- [Address Book] [http-nio-8080-exec-8] o.s.security.web.FilterChainProxy        : Securing PUT /api/addressbook/1
2025-03-25T14:06:37.431+05:30 DEBUG 30020 --- [Address Book] [http-nio-8080-exec-8] o.s.s.w.a.AnonymousAuthenticationFilter  : Set SecurityContextHolder to anonymous SecurityContext
2025-03-25T14:06:37.432+05:30 DEBUG 30020 --- [Address Book] [http-nio-8080-exec-8] o.s.security.web.FilterChainProxy        : Secured PUT /api/addressbook/1
2025-03-25T14:06:37.442+05:30 DEBUG 30020 --- [Address Book] [http-nio-8080-exec-9] o.s.security.web.FilterChainProxy        : Securing GET /api/addressbook
2025-03-25T14:06:37.443+05:30 DEBUG 30020 --- [Address Book] [http-nio-8080-exec-9] o.s.s.w.a.AnonymousAuthenticationFilter  : Set SecurityContextHolder to anonymous SecurityContext
2025-03-25T14:06:37.444+05:30 DEBUG 30020 --- [Address Book] [http-nio-8080-exec-9] o.s.security.web.FilterChainProxy        : Secured GET /api/addressbook
2025-03-25T14:06:53.320+05:30 DEBUG 30020 --- [Address Book] [http-nio-8080-exec-1] o.s.security.web.FilterChainProxy        : Securing OPTIONS /api/addressbook
2025-03-25T14:06:53.336+05:30 DEBUG 30020 --- [Address Book] [http-nio-8080-exec-2] o.s.security.web.FilterChainProxy        : Securing POST /api/addressbook
2025-03-25T14:06:53.343+05:30 DEBUG 30020 --- [Address Book] [http-nio-8080-exec-2] o.s.s.w.a.AnonymousAuthenticationFilter  : Set SecurityContextHolder to anonymous SecurityContext
2025-03-25T14:06:53.345+05:30 DEBUG 30020 --- [Address Book] [http-nio-8080-exec-2] o.s.security.web.FilterChainProxy        : Secured POST /api/addressbook
2025-03-25T14:06:53.428+05:30 DEBUG 30020 --- [Address Book] [http-nio-8080-exec-3] o.s.security.web.FilterChainProxy        : Securing GET /api/addressbook
2025-03-25T14:06:53.430+05:30 DEBUG 30020 --- [Address Book] [http-nio-8080-exec-3] o.s.s.w.a.AnonymousAuthenticationFilter  : Set SecurityContextHolder to anonymous SecurityContext
2025-03-25T14:06:53.432+05:30 DEBUG 30020 --- [Address Book] [http-nio-8080-exec-3] o.s.security.web.FilterChainProxy        : Secured GET /api/addressbook
2025-03-25T14:07:38.507+05:30 DEBUG 30020 --- [Address Book] [http-nio-8080-exec-5] o.s.security.web.FilterChainProxy        : Securing OPTIONS /api/addressbook/2
2025-03-25T14:07:38.518+05:30 DEBUG 30020 --- [Address Book] [http-nio-8080-exec-6] o.s.security.web.FilterChainProxy        : Securing DELETE /api/addressbook/2
2025-03-25T14:07:38.520+05:30 DEBUG 30020 --- [Address Book] [http-nio-8080-exec-6] o.s.s.w.a.AnonymousAuthenticationFilter  : Set SecurityContextHolder to anonymous SecurityContext
2025-03-25T14:07:38.521+05:30 DEBUG 30020 --- [Address Book] [http-nio-8080-exec-6] o.s.security.web.FilterChainProxy        : Secured DELETE /api/addressbook/2
2025-03-25T14:10:15.549+05:30 DEBUG 30020 --- [Address Book] [http-nio-8080-exec-8] o.s.security.web.FilterChainProxy        : Securing GET /api/addressbook
2025-03-25T14:10:15.555+05:30 DEBUG 30020 --- [Address Book] [http-nio-8080-exec-8] o.s.s.w.a.AnonymousAuthenticationFilter  : Set SecurityContextHolder to anonymous SecurityContext
2025-03-25T14:10:15.558+05:30 DEBUG 30020 --- [Address Book] [http-nio-8080-exec-8] o.s.security.web.FilterChainProxy        : Secured GET /api/addressbook
2025-03-25T14:10:15.659+05:30 DEBUG 30020 --- [Address Book] [http-nio-8080-exec-9] o.s.security.web.FilterChainProxy        : Securing GET /api/addressbook
2025-03-25T14:10:15.660+05:30 DEBUG 30020 --- [Address Book] [http-nio-8080-exec-9] o.s.s.w.a.AnonymousAuthenticationFilter  : Set SecurityContextHolder to anonymous SecurityContext
2025-03-25T14:10:15.661+05:30 DEBUG 30020 --- [Address Book] [http-nio-8080-exec-9] o.s.security.web.FilterChainProxy        : Secured GET /api/addressbook
2025-03-25T14:10:15.736+05:30 DEBUG 30020 --- [Address Book] [http-nio-8080-exec-10] o.s.security.web.FilterChainProxy        : Securing GET /api/addressbook
2025-03-25T14:10:15.737+05:30 DEBUG 30020 --- [Address Book] [http-nio-8080-exec-10] o.s.s.w.a.AnonymousAuthenticationFilter  : Set SecurityContextHolder to anonymous SecurityContext
2025-03-25T14:10:15.738+05:30 DEBUG 30020 --- [Address Book] [http-nio-8080-exec-10] o.s.security.web.FilterChainProxy        : Secured GET /api/addressbook
2025-03-25T14:10:21.087+05:30 DEBUG 30020 --- [Address Book] [http-nio-8080-exec-2] o.s.security.web.FilterChainProxy        : Securing GET /api/addressbook
2025-03-25T14:10:21.096+05:30 DEBUG 30020 --- [Address Book] [http-nio-8080-exec-2] o.s.s.w.a.AnonymousAuthenticationFilter  : Set SecurityContextHolder to anonymous SecurityContext
2025-03-25T14:10:21.098+05:30 DEBUG 30020 --- [Address Book] [http-nio-8080-exec-2] o.s.security.web.FilterChainProxy        : Secured GET /api/addressbook
2025-03-25T14:10:21.176+05:30 DEBUG 30020 --- [Address Book] [http-nio-8080-exec-3] o.s.security.web.FilterChainProxy        : Securing GET /api/addressbook
2025-03-25T14:10:21.179+05:30 DEBUG 30020 --- [Address Book] [http-nio-8080-exec-3] o.s.s.w.a.AnonymousAuthenticationFilter  : Set SecurityContextHolder to anonymous SecurityContext
2025-03-25T14:10:21.181+05:30 DEBUG 30020 --- [Address Book] [http-nio-8080-exec-3] o.s.security.web.FilterChainProxy        : Secured GET /api/addressbook
2025-03-25T14:10:21.228+05:30 DEBUG 30020 --- [Address Book] [http-nio-8080-exec-4] o.s.security.web.FilterChainProxy        : Securing GET /api/addressbook
2025-03-25T14:10:21.230+05:30 DEBUG 30020 --- [Address Book] [http-nio-8080-exec-4] o.s.s.w.a.AnonymousAuthenticationFilter  : Set SecurityContextHolder to anonymous SecurityContext
2025-03-25T14:10:21.230+05:30 DEBUG 30020 --- [Address Book] [http-nio-8080-exec-4] o.s.security.web.FilterChainProxy        : Secured GET /api/addressbook
2025-03-25T14:12:49.485+05:30  INFO 30020 --- [Address Book] [SpringApplicationShutdownHook] o.s.b.w.e.tomcat.GracefulShutdown        : Commencing graceful shutdown. Waiting for active requests to complete
2025-03-25T14:12:49.498+05:30  INFO 30020 --- [Address Book] [tomcat-shutdown] o.s.b.w.e.tomcat.GracefulShutdown        : Graceful shutdown complete
2025-03-25T14:12:49.632+05:30  INFO 30020 --- [Address Book] [SpringApplicationShutdownHook] j.LocalContainerEntityManagerFactoryBean : Closing JPA EntityManagerFactory for persistence unit 'default'
2025-03-25T14:12:49.639+05:30  INFO 30020 --- [Address Book] [SpringApplicationShutdownHook] com.zaxxer.hikari.HikariDataSource       : HikariPool-1 - Shutdown initiated...
2025-03-25T14:12:49.650+05:30  INFO 30020 --- [Address Book] [SpringApplicationShutdownHook] com.zaxxer.hikari.HikariDataSource       : HikariPool-1 - Shutdown completed.
2025-03-25T14:12:53.973+05:30  INFO 31953 --- [Address Book] [restartedMain] c.e.addressbook.AddressBookApplication   : Starting AddressBookApplication using Java 17.0.9 with PID 31953 (/Users/samikshathakur/Documents/Capgemini/BL_SpringAddressBookApp/target/classes started by samikshathakur in /Users/samikshathakur/Documents/Capgemini/BL_SpringAddressBookApp)
2025-03-25T14:12:53.974+05:30 DEBUG 31953 --- [Address Book] [restartedMain] c.e.addressbook.AddressBookApplication   : Running with Spring Boot v3.5.0-SNAPSHOT, Spring v6.2.5
2025-03-25T14:12:53.975+05:30  INFO 31953 --- [Address Book] [restartedMain] c.e.addressbook.AddressBookApplication   : No active profile set, falling back to 1 default profile: "default"
2025-03-25T14:12:54.022+05:30  INFO 31953 --- [Address Book] [restartedMain] .e.DevToolsPropertyDefaultsPostProcessor : Devtools property defaults active! Set 'spring.devtools.add-properties' to 'false' to disable
2025-03-25T14:12:54.023+05:30  INFO 31953 --- [Address Book] [restartedMain] .e.DevToolsPropertyDefaultsPostProcessor : For additional web related logging consider setting the 'logging.level.web' property to 'DEBUG'
2025-03-25T14:12:54.496+05:30  INFO 31953 --- [Address Book] [restartedMain] .s.d.r.c.RepositoryConfigurationDelegate : Multiple Spring Data modules found, entering strict repository configuration mode
2025-03-25T14:12:54.496+05:30  INFO 31953 --- [Address Book] [restartedMain] .s.d.r.c.RepositoryConfigurationDelegate : Bootstrapping Spring Data JPA repositories in DEFAULT mode.
2025-03-25T14:12:54.576+05:30  INFO 31953 --- [Address Book] [restartedMain] .s.d.r.c.RepositoryConfigurationDelegate : Finished Spring Data repository scanning in 71 ms. Found 2 JPA repository interfaces.
2025-03-25T14:12:54.804+05:30  INFO 31953 --- [Address Book] [restartedMain] .s.d.r.c.RepositoryConfigurationDelegate : Multiple Spring Data modules found, entering strict repository configuration mode
2025-03-25T14:12:54.805+05:30  INFO 31953 --- [Address Book] [restartedMain] .s.d.r.c.RepositoryConfigurationDelegate : Bootstrapping Spring Data Redis repositories in DEFAULT mode.
2025-03-25T14:12:54.819+05:30  INFO 31953 --- [Address Book] [restartedMain] .RepositoryConfigurationExtensionSupport : Spring Data Redis - Could not safely identify store assignment for repository candidate interface com.example.addressbook.repository.AddressBookRepository; If you want this repository to be a Redis repository, consider annotating your entities with one of these annotations: org.springframework.data.redis.core.RedisHash (preferred), or consider extending one of the following types with your repository: org.springframework.data.keyvalue.repository.KeyValueRepository
2025-03-25T14:12:54.820+05:30  INFO 31953 --- [Address Book] [restartedMain] .RepositoryConfigurationExtensionSupport : Spring Data Redis - Could not safely identify store assignment for repository candidate interface com.example.addressbook.repository.UserRepository; If you want this repository to be a Redis repository, consider annotating your entities with one of these annotations: org.springframework.data.redis.core.RedisHash (preferred), or consider extending one of the following types with your repository: org.springframework.data.keyvalue.repository.KeyValueRepository
2025-03-25T14:12:54.820+05:30  INFO 31953 --- [Address Book] [restartedMain] .s.d.r.c.RepositoryConfigurationDelegate : Finished Spring Data repository scanning in 7 ms. Found 0 Redis repository interfaces.
2025-03-25T14:12:55.331+05:30  INFO 31953 --- [Address Book] [restartedMain] o.s.b.w.embedded.tomcat.TomcatWebServer  : Tomcat initialized with port 8080 (http)
2025-03-25T14:12:55.340+05:30  INFO 31953 --- [Address Book] [restartedMain] o.apache.catalina.core.StandardService   : Starting service [Tomcat]
2025-03-25T14:12:55.340+05:30  INFO 31953 --- [Address Book] [restartedMain] o.apache.catalina.core.StandardEngine    : Starting Servlet engine: [Apache Tomcat/10.1.39]
2025-03-25T14:12:55.366+05:30  INFO 31953 --- [Address Book] [restartedMain] o.a.c.c.C.[Tomcat].[localhost].[/]       : Initializing Spring embedded WebApplicationContext
2025-03-25T14:12:55.366+05:30  INFO 31953 --- [Address Book] [restartedMain] w.s.c.ServletWebServerApplicationContext : Root WebApplicationContext: initialization completed in 1343 ms
2025-03-25T14:12:55.546+05:30  INFO 31953 --- [Address Book] [restartedMain] o.hibernate.jpa.internal.util.LogHelper  : HHH000204: Processing PersistenceUnitInfo [name: default]
2025-03-25T14:12:55.589+05:30  INFO 31953 --- [Address Book] [restartedMain] org.hibernate.Version                    : HHH000412: Hibernate ORM core version 6.6.11.Final
2025-03-25T14:12:55.608+05:30  INFO 31953 --- [Address Book] [restartedMain] o.h.c.internal.RegionFactoryInitiator    : HHH000026: Second-level cache disabled
2025-03-25T14:12:55.775+05:30  INFO 31953 --- [Address Book] [restartedMain] o.s.o.j.p.SpringPersistenceUnitInfo      : No LoadTimeWeaver setup: ignoring JPA class transformer
2025-03-25T14:12:55.790+05:30  INFO 31953 --- [Address Book] [restartedMain] com.zaxxer.hikari.HikariDataSource       : HikariPool-1 - Starting...
2025-03-25T14:12:56.011+05:30  INFO 31953 --- [Address Book] [restartedMain] com.zaxxer.hikari.pool.HikariPool        : HikariPool-1 - Added connection com.mysql.cj.jdbc.ConnectionImpl@6466961d
2025-03-25T14:12:56.012+05:30  INFO 31953 --- [Address Book] [restartedMain] com.zaxxer.hikari.HikariDataSource       : HikariPool-1 - Start completed.
2025-03-25T14:12:56.052+05:30  WARN 31953 --- [Address Book] [restartedMain] org.hibernate.orm.deprecation            : HHH90000025: MySQL8Dialect does not need to be specified explicitly using 'hibernate.dialect' (remove the property setting and it will be selected by default)
2025-03-25T14:12:56.052+05:30  WARN 31953 --- [Address Book] [restartedMain] org.hibernate.orm.deprecation            : HHH90000026: MySQL8Dialect has been deprecated; use org.hibernate.dialect.MySQLDialect instead
2025-03-25T14:12:56.062+05:30  INFO 31953 --- [Address Book] [restartedMain] org.hibernate.orm.connections.pooling    : HHH10001005: Database info:
	Database JDBC URL [Connecting through datasource 'HikariDataSource (HikariPool-1)']
	Database driver: undefined/unknown
	Database version: 8.0
	Autocommit mode: undefined/unknown
	Isolation level: undefined/unknown
	Minimum pool size: undefined/unknown
	Maximum pool size: undefined/unknown
2025-03-25T14:12:56.600+05:30  INFO 31953 --- [Address Book] [restartedMain] o.h.e.t.j.p.i.JtaPlatformInitiator       : HHH000489: No JTA platform available (set 'hibernate.transaction.jta.platform' to enable JTA platform integration)
2025-03-25T14:12:56.657+05:30  INFO 31953 --- [Address Book] [restartedMain] j.LocalContainerEntityManagerFactoryBean : Initialized JPA EntityManagerFactory for persistence unit 'default'
2025-03-25T14:12:56.840+05:30 DEBUG 31953 --- [Address Book] [restartedMain] c.e.a.security.JwtAuthenticationFilter   : Filter 'jwtAuthenticationFilter' configured for use
2025-03-25T14:12:56.873+05:30  WARN 31953 --- [Address Book] [restartedMain] r$InitializeUserDetailsManagerConfigurer : Found 2 UserDetailsService beans, with names [customUserDetailsService, userDetailsService]. Global Authentication Manager will not use a UserDetailsService for username/password login. Consider publishing a single UserDetailsService bean.
2025-03-25T14:12:56.874+05:30 DEBUG 31953 --- [Address Book] [restartedMain] swordEncoderAuthenticationManagerBuilder : No authenticationProviders and no parentAuthenticationManager defined. Returning null.
2025-03-25T14:12:57.190+05:30  WARN 31953 --- [Address Book] [restartedMain] JpaBaseConfiguration$JpaWebConfiguration : spring.jpa.open-in-view is enabled by default. Therefore, database queries may be performed during view rendering. Explicitly configure spring.jpa.open-in-view to disable this warning
2025-03-25T14:12:57.463+05:30  INFO 31953 --- [Address Book] [restartedMain] o.s.b.a.e.web.EndpointLinksResolver      : Exposing 1 endpoint beneath base path '/actuator'
2025-03-25T14:12:57.503+05:30 DEBUG 31953 --- [Address Book] [restartedMain] o.s.s.web.DefaultSecurityFilterChain     : Will secure any request with filters: DisableEncodeUrlFilter, WebAsyncManagerIntegrationFilter, SecurityContextHolderFilter, HeaderWriterFilter, CorsFilter, LogoutFilter, JwtAuthenticationFilter, RequestCacheAwareFilter, SecurityContextHolderAwareRequestFilter, AnonymousAuthenticationFilter, SessionManagementFilter, ExceptionTranslationFilter, AuthorizationFilter
2025-03-25T14:12:57.848+05:30  INFO 31953 --- [Address Book] [restartedMain] o.s.b.d.a.OptionalLiveReloadServer       : LiveReload server is running on port 35729
2025-03-25T14:12:57.891+05:30  INFO 31953 --- [Address Book] [restartedMain] o.s.b.w.embedded.tomcat.TomcatWebServer  : Tomcat started on port 8080 (http) with context path '/'
2025-03-25T14:12:57.903+05:30  INFO 31953 --- [Address Book] [restartedMain] c.e.addressbook.AddressBookApplication   : Started AddressBookApplication in 4.207 seconds (process running for 4.498)
2025-03-25T14:13:14.774+05:30  INFO 31953 --- [Address Book] [http-nio-8080-exec-1] o.a.c.c.C.[Tomcat].[localhost].[/]       : Initializing Spring DispatcherServlet 'dispatcherServlet'
2025-03-25T14:13:14.774+05:30  INFO 31953 --- [Address Book] [http-nio-8080-exec-1] o.s.web.servlet.DispatcherServlet        : Initializing Servlet 'dispatcherServlet'
2025-03-25T14:13:14.776+05:30  INFO 31953 --- [Address Book] [http-nio-8080-exec-1] o.s.web.servlet.DispatcherServlet        : Completed initialization in 1 ms
2025-03-25T14:13:14.790+05:30 DEBUG 31953 --- [Address Book] [http-nio-8080-exec-1] o.s.security.web.FilterChainProxy        : Securing OPTIONS /api/addressbook
2025-03-25T14:13:14.807+05:30 DEBUG 31953 --- [Address Book] [http-nio-8080-exec-2] o.s.security.web.FilterChainProxy        : Securing POST /api/addressbook
2025-03-25T14:13:14.810+05:30 DEBUG 31953 --- [Address Book] [http-nio-8080-exec-2] o.s.s.w.a.AnonymousAuthenticationFilter  : Set SecurityContextHolder to anonymous SecurityContext
2025-03-25T14:13:14.814+05:30 DEBUG 31953 --- [Address Book] [http-nio-8080-exec-2] o.s.security.web.FilterChainProxy        : Secured POST /api/addressbook
2025-03-25T14:13:14.973+05:30 DEBUG 31953 --- [Address Book] [http-nio-8080-exec-3] o.s.security.web.FilterChainProxy        : Securing GET /api/addressbook
2025-03-25T14:13:14.974+05:30 DEBUG 31953 --- [Address Book] [http-nio-8080-exec-3] o.s.s.w.a.AnonymousAuthenticationFilter  : Set SecurityContextHolder to anonymous SecurityContext
2025-03-25T14:13:14.976+05:30 DEBUG 31953 --- [Address Book] [http-nio-8080-exec-3] o.s.security.web.FilterChainProxy        : Secured GET /api/addressbook
2025-03-25T14:13:19.066+05:30 DEBUG 31953 --- [Address Book] [http-nio-8080-exec-5] o.s.security.web.FilterChainProxy        : Securing OPTIONS /api/addressbook/1
2025-03-25T14:13:19.072+05:30 DEBUG 31953 --- [Address Book] [http-nio-8080-exec-6] o.s.security.web.FilterChainProxy        : Securing DELETE /api/addressbook/1
2025-03-25T14:13:19.074+05:30 DEBUG 31953 --- [Address Book] [http-nio-8080-exec-6] o.s.s.w.a.AnonymousAuthenticationFilter  : Set SecurityContextHolder to anonymous SecurityContext
2025-03-25T14:13:19.074+05:30 DEBUG 31953 --- [Address Book] [http-nio-8080-exec-6] o.s.security.web.FilterChainProxy        : Secured DELETE /api/addressbook/1
2025-03-25T14:15:17.102+05:30 DEBUG 31953 --- [Address Book] [http-nio-8080-exec-8] o.s.security.web.FilterChainProxy        : Securing GET /api/addressbook
2025-03-25T14:15:17.130+05:30 DEBUG 31953 --- [Address Book] [http-nio-8080-exec-8] o.s.s.w.a.AnonymousAuthenticationFilter  : Set SecurityContextHolder to anonymous SecurityContext
2025-03-25T14:15:17.131+05:30 DEBUG 31953 --- [Address Book] [http-nio-8080-exec-8] o.s.security.web.FilterChainProxy        : Secured GET /api/addressbook
2025-03-25T14:15:17.154+05:30 DEBUG 31953 --- [Address Book] [http-nio-8080-exec-9] o.s.security.web.FilterChainProxy        : Securing GET /api/addressbook
2025-03-25T14:15:17.156+05:30 DEBUG 31953 --- [Address Book] [http-nio-8080-exec-9] o.s.s.w.a.AnonymousAuthenticationFilter  : Set SecurityContextHolder to anonymous SecurityContext
2025-03-25T14:15:17.156+05:30 DEBUG 31953 --- [Address Book] [http-nio-8080-exec-9] o.s.security.web.FilterChainProxy        : Secured GET /api/addressbook
2025-03-25T14:15:17.226+05:30 DEBUG 31953 --- [Address Book] [http-nio-8080-exec-10] o.s.security.web.FilterChainProxy        : Securing GET /api/addressbook
2025-03-25T14:15:17.230+05:30 DEBUG 31953 --- [Address Book] [http-nio-8080-exec-10] o.s.s.w.a.AnonymousAuthenticationFilter  : Set SecurityContextHolder to anonymous SecurityContext
2025-03-25T14:15:17.232+05:30 DEBUG 31953 --- [Address Book] [http-nio-8080-exec-10] o.s.security.web.FilterChainProxy        : Secured GET /api/addressbook
2025-03-25T14:15:18.587+05:30 DEBUG 31953 --- [Address Book] [http-nio-8080-exec-1] o.s.security.web.FilterChainProxy        : Securing GET /api/addressbook
2025-03-25T14:15:18.594+05:30 DEBUG 31953 --- [Address Book] [http-nio-8080-exec-1] o.s.s.w.a.AnonymousAuthenticationFilter  : Set SecurityContextHolder to anonymous SecurityContext
2025-03-25T14:15:18.596+05:30 DEBUG 31953 --- [Address Book] [http-nio-8080-exec-1] o.s.security.web.FilterChainProxy        : Secured GET /api/addressbook
2025-03-25T14:15:18.623+05:30 DEBUG 31953 --- [Address Book] [http-nio-8080-exec-2] o.s.security.web.FilterChainProxy        : Securing GET /api/addressbook
2025-03-25T14:15:18.630+05:30 DEBUG 31953 --- [Address Book] [http-nio-8080-exec-2] o.s.s.w.a.AnonymousAuthenticationFilter  : Set SecurityContextHolder to anonymous SecurityContext
2025-03-25T14:15:18.631+05:30 DEBUG 31953 --- [Address Book] [http-nio-8080-exec-2] o.s.security.web.FilterChainProxy        : Secured GET /api/addressbook
2025-03-25T14:15:18.714+05:30 DEBUG 31953 --- [Address Book] [http-nio-8080-exec-3] o.s.security.web.FilterChainProxy        : Securing GET /api/addressbook
2025-03-25T14:15:18.718+05:30 DEBUG 31953 --- [Address Book] [http-nio-8080-exec-3] o.s.s.w.a.AnonymousAuthenticationFilter  : Set SecurityContextHolder to anonymous SecurityContext
2025-03-25T14:15:18.719+05:30 DEBUG 31953 --- [Address Book] [http-nio-8080-exec-3] o.s.security.web.FilterChainProxy        : Secured GET /api/addressbook
2025-03-25T14:16:14.401+05:30 DEBUG 31953 --- [Address Book] [http-nio-8080-exec-7] o.s.security.web.FilterChainProxy        : Securing DELETE /api/addressbook/1
2025-03-25T14:16:14.405+05:30 DEBUG 31953 --- [Address Book] [http-nio-8080-exec-7] o.s.s.w.a.AnonymousAuthenticationFilter  : Set SecurityContextHolder to anonymous SecurityContext
2025-03-25T14:16:14.407+05:30 DEBUG 31953 --- [Address Book] [http-nio-8080-exec-7] o.s.security.web.FilterChainProxy        : Secured DELETE /api/addressbook/1
2025-03-25T14:16:57.327+05:30 DEBUG 31953 --- [Address Book] [http-nio-8080-exec-8] o.s.security.web.FilterChainProxy        : Securing OPTIONS /api/addressbook
2025-03-25T14:16:57.346+05:30 DEBUG 31953 --- [Address Book] [http-nio-8080-exec-9] o.s.security.web.FilterChainProxy        : Securing POST /api/addressbook
2025-03-25T14:16:57.348+05:30 DEBUG 31953 --- [Address Book] [http-nio-8080-exec-9] o.s.s.w.a.AnonymousAuthenticationFilter  : Set SecurityContextHolder to anonymous SecurityContext
2025-03-25T14:16:57.349+05:30 DEBUG 31953 --- [Address Book] [http-nio-8080-exec-9] o.s.security.web.FilterChainProxy        : Secured POST /api/addressbook
2025-03-25T14:16:57.440+05:30 DEBUG 31953 --- [Address Book] [http-nio-8080-exec-10] o.s.security.web.FilterChainProxy        : Securing GET /api/addressbook
2025-03-25T14:16:57.442+05:30 DEBUG 31953 --- [Address Book] [http-nio-8080-exec-10] o.s.s.w.a.AnonymousAuthenticationFilter  : Set SecurityContextHolder to anonymous SecurityContext
2025-03-25T14:16:57.443+05:30 DEBUG 31953 --- [Address Book] [http-nio-8080-exec-10] o.s.security.web.FilterChainProxy        : Secured GET /api/addressbook
2025-03-25T14:17:01.601+05:30 DEBUG 31953 --- [Address Book] [http-nio-8080-exec-2] o.s.security.web.FilterChainProxy        : Securing OPTIONS /api/addressbook/2
2025-03-25T14:17:01.609+05:30 DEBUG 31953 --- [Address Book] [http-nio-8080-exec-3] o.s.security.web.FilterChainProxy        : Securing DELETE /api/addressbook/2
2025-03-25T14:17:01.610+05:30 DEBUG 31953 --- [Address Book] [http-nio-8080-exec-3] o.s.s.w.a.AnonymousAuthenticationFilter  : Set SecurityContextHolder to anonymous SecurityContext
2025-03-25T14:17:01.612+05:30 DEBUG 31953 --- [Address Book] [http-nio-8080-exec-3] o.s.security.web.FilterChainProxy        : Secured DELETE /api/addressbook/2
2025-03-25T14:19:01.792+05:30  INFO 31953 --- [Address Book] [SpringApplicationShutdownHook] o.s.b.w.e.tomcat.GracefulShutdown        : Commencing graceful shutdown. Waiting for active requests to complete
2025-03-25T14:19:01.801+05:30  INFO 31953 --- [Address Book] [tomcat-shutdown] o.s.b.w.e.tomcat.GracefulShutdown        : Graceful shutdown complete
2025-03-25T14:19:01.942+05:30  INFO 31953 --- [Address Book] [SpringApplicationShutdownHook] j.LocalContainerEntityManagerFactoryBean : Closing JPA EntityManagerFactory for persistence unit 'default'
2025-03-25T14:19:01.948+05:30  INFO 31953 --- [Address Book] [SpringApplicationShutdownHook] com.zaxxer.hikari.HikariDataSource       : HikariPool-1 - Shutdown initiated...
2025-03-25T14:19:01.958+05:30  INFO 31953 --- [Address Book] [SpringApplicationShutdownHook] com.zaxxer.hikari.HikariDataSource       : HikariPool-1 - Shutdown completed.
2025-03-25T14:24:50.280+05:30  INFO 34156 --- [Address Book] [restartedMain] c.e.addressbook.AddressBookApplication   : Starting AddressBookApplication using Java 17.0.9 with PID 34156 (/Users/samikshathakur/Documents/Capgemini/BL_SpringAddressBookApp/target/classes started by samikshathakur in /Users/samikshathakur/Documents/Capgemini/BL_SpringAddressBookApp)
2025-03-25T14:24:50.282+05:30 DEBUG 34156 --- [Address Book] [restartedMain] c.e.addressbook.AddressBookApplication   : Running with Spring Boot v3.5.0-SNAPSHOT, Spring v6.2.5
2025-03-25T14:24:50.283+05:30  INFO 34156 --- [Address Book] [restartedMain] c.e.addressbook.AddressBookApplication   : No active profile set, falling back to 1 default profile: "default"
2025-03-25T14:24:50.325+05:30  INFO 34156 --- [Address Book] [restartedMain] .e.DevToolsPropertyDefaultsPostProcessor : Devtools property defaults active! Set 'spring.devtools.add-properties' to 'false' to disable
2025-03-25T14:24:50.326+05:30  INFO 34156 --- [Address Book] [restartedMain] .e.DevToolsPropertyDefaultsPostProcessor : For additional web related logging consider setting the 'logging.level.web' property to 'DEBUG'
2025-03-25T14:24:50.831+05:30  INFO 34156 --- [Address Book] [restartedMain] .s.d.r.c.RepositoryConfigurationDelegate : Multiple Spring Data modules found, entering strict repository configuration mode
2025-03-25T14:24:50.832+05:30  INFO 34156 --- [Address Book] [restartedMain] .s.d.r.c.RepositoryConfigurationDelegate : Bootstrapping Spring Data JPA repositories in DEFAULT mode.
2025-03-25T14:24:50.905+05:30  INFO 34156 --- [Address Book] [restartedMain] .s.d.r.c.RepositoryConfigurationDelegate : Finished Spring Data repository scanning in 67 ms. Found 2 JPA repository interfaces.
2025-03-25T14:24:51.132+05:30  INFO 34156 --- [Address Book] [restartedMain] .s.d.r.c.RepositoryConfigurationDelegate : Multiple Spring Data modules found, entering strict repository configuration mode
2025-03-25T14:24:51.133+05:30  INFO 34156 --- [Address Book] [restartedMain] .s.d.r.c.RepositoryConfigurationDelegate : Bootstrapping Spring Data Redis repositories in DEFAULT mode.
2025-03-25T14:24:51.148+05:30  INFO 34156 --- [Address Book] [restartedMain] .RepositoryConfigurationExtensionSupport : Spring Data Redis - Could not safely identify store assignment for repository candidate interface com.example.addressbook.repository.AddressBookRepository; If you want this repository to be a Redis repository, consider annotating your entities with one of these annotations: org.springframework.data.redis.core.RedisHash (preferred), or consider extending one of the following types with your repository: org.springframework.data.keyvalue.repository.KeyValueRepository
2025-03-25T14:24:51.148+05:30  INFO 34156 --- [Address Book] [restartedMain] .RepositoryConfigurationExtensionSupport : Spring Data Redis - Could not safely identify store assignment for repository candidate interface com.example.addressbook.repository.UserRepository; If you want this repository to be a Redis repository, consider annotating your entities with one of these annotations: org.springframework.data.redis.core.RedisHash (preferred), or consider extending one of the following types with your repository: org.springframework.data.keyvalue.repository.KeyValueRepository
2025-03-25T14:24:51.148+05:30  INFO 34156 --- [Address Book] [restartedMain] .s.d.r.c.RepositoryConfigurationDelegate : Finished Spring Data repository scanning in 7 ms. Found 0 Redis repository interfaces.
2025-03-25T14:24:51.636+05:30  INFO 34156 --- [Address Book] [restartedMain] o.s.b.w.embedded.tomcat.TomcatWebServer  : Tomcat initialized with port 8080 (http)
2025-03-25T14:24:51.643+05:30  INFO 34156 --- [Address Book] [restartedMain] o.apache.catalina.core.StandardService   : Starting service [Tomcat]
2025-03-25T14:24:51.643+05:30  INFO 34156 --- [Address Book] [restartedMain] o.apache.catalina.core.StandardEngine    : Starting Servlet engine: [Apache Tomcat/10.1.39]
2025-03-25T14:24:51.668+05:30  INFO 34156 --- [Address Book] [restartedMain] o.a.c.c.C.[Tomcat].[localhost].[/]       : Initializing Spring embedded WebApplicationContext
2025-03-25T14:24:51.668+05:30  INFO 34156 --- [Address Book] [restartedMain] w.s.c.ServletWebServerApplicationContext : Root WebApplicationContext: initialization completed in 1341 ms
2025-03-25T14:24:51.848+05:30  INFO 34156 --- [Address Book] [restartedMain] o.hibernate.jpa.internal.util.LogHelper  : HHH000204: Processing PersistenceUnitInfo [name: default]
2025-03-25T14:24:51.892+05:30  INFO 34156 --- [Address Book] [restartedMain] org.hibernate.Version                    : HHH000412: Hibernate ORM core version 6.6.11.Final
2025-03-25T14:24:51.918+05:30  INFO 34156 --- [Address Book] [restartedMain] o.h.c.internal.RegionFactoryInitiator    : HHH000026: Second-level cache disabled
2025-03-25T14:24:52.063+05:30  INFO 34156 --- [Address Book] [restartedMain] o.s.o.j.p.SpringPersistenceUnitInfo      : No LoadTimeWeaver setup: ignoring JPA class transformer
2025-03-25T14:24:52.081+05:30  INFO 34156 --- [Address Book] [restartedMain] com.zaxxer.hikari.HikariDataSource       : HikariPool-1 - Starting...
2025-03-25T14:24:52.360+05:30  INFO 34156 --- [Address Book] [restartedMain] com.zaxxer.hikari.pool.HikariPool        : HikariPool-1 - Added connection com.mysql.cj.jdbc.ConnectionImpl@21963480
2025-03-25T14:24:52.361+05:30  INFO 34156 --- [Address Book] [restartedMain] com.zaxxer.hikari.HikariDataSource       : HikariPool-1 - Start completed.
2025-03-25T14:24:52.412+05:30  WARN 34156 --- [Address Book] [restartedMain] org.hibernate.orm.deprecation            : HHH90000025: MySQL8Dialect does not need to be specified explicitly using 'hibernate.dialect' (remove the property setting and it will be selected by default)
2025-03-25T14:24:52.412+05:30  WARN 34156 --- [Address Book] [restartedMain] org.hibernate.orm.deprecation            : HHH90000026: MySQL8Dialect has been deprecated; use org.hibernate.dialect.MySQLDialect instead
2025-03-25T14:24:52.423+05:30  INFO 34156 --- [Address Book] [restartedMain] org.hibernate.orm.connections.pooling    : HHH10001005: Database info:
	Database JDBC URL [Connecting through datasource 'HikariDataSource (HikariPool-1)']
	Database driver: undefined/unknown
	Database version: 8.0
	Autocommit mode: undefined/unknown
	Isolation level: undefined/unknown
	Minimum pool size: undefined/unknown
	Maximum pool size: undefined/unknown
2025-03-25T14:24:52.873+05:30  INFO 34156 --- [Address Book] [restartedMain] o.h.e.t.j.p.i.JtaPlatformInitiator       : HHH000489: No JTA platform available (set 'hibernate.transaction.jta.platform' to enable JTA platform integration)
2025-03-25T14:24:52.948+05:30  INFO 34156 --- [Address Book] [restartedMain] j.LocalContainerEntityManagerFactoryBean : Initialized JPA EntityManagerFactory for persistence unit 'default'
2025-03-25T14:24:53.130+05:30 DEBUG 34156 --- [Address Book] [restartedMain] c.e.a.security.JwtAuthenticationFilter   : Filter 'jwtAuthenticationFilter' configured for use
2025-03-25T14:24:53.170+05:30  WARN 34156 --- [Address Book] [restartedMain] r$InitializeUserDetailsManagerConfigurer : Found 2 UserDetailsService beans, with names [customUserDetailsService, userDetailsService]. Global Authentication Manager will not use a UserDetailsService for username/password login. Consider publishing a single UserDetailsService bean.
2025-03-25T14:24:53.170+05:30 DEBUG 34156 --- [Address Book] [restartedMain] swordEncoderAuthenticationManagerBuilder : No authenticationProviders and no parentAuthenticationManager defined. Returning null.
2025-03-25T14:24:53.493+05:30  WARN 34156 --- [Address Book] [restartedMain] JpaBaseConfiguration$JpaWebConfiguration : spring.jpa.open-in-view is enabled by default. Therefore, database queries may be performed during view rendering. Explicitly configure spring.jpa.open-in-view to disable this warning
2025-03-25T14:24:53.759+05:30  INFO 34156 --- [Address Book] [restartedMain] o.s.b.a.e.web.EndpointLinksResolver      : Exposing 1 endpoint beneath base path '/actuator'
2025-03-25T14:24:53.795+05:30 DEBUG 34156 --- [Address Book] [restartedMain] o.s.s.web.DefaultSecurityFilterChain     : Will secure any request with filters: DisableEncodeUrlFilter, WebAsyncManagerIntegrationFilter, SecurityContextHolderFilter, HeaderWriterFilter, CorsFilter, LogoutFilter, JwtAuthenticationFilter, RequestCacheAwareFilter, SecurityContextHolderAwareRequestFilter, AnonymousAuthenticationFilter, SessionManagementFilter, ExceptionTranslationFilter, AuthorizationFilter
2025-03-25T14:24:54.134+05:30  INFO 34156 --- [Address Book] [restartedMain] o.s.b.d.a.OptionalLiveReloadServer       : LiveReload server is running on port 35729
2025-03-25T14:24:54.173+05:30  INFO 34156 --- [Address Book] [restartedMain] o.s.b.w.embedded.tomcat.TomcatWebServer  : Tomcat started on port 8080 (http) with context path '/'
2025-03-25T14:24:54.185+05:30  INFO 34156 --- [Address Book] [restartedMain] c.e.addressbook.AddressBookApplication   : Started AddressBookApplication in 4.19 seconds (process running for 4.479)
2025-03-25T14:24:59.930+05:30  INFO 34156 --- [Address Book] [http-nio-8080-exec-1] o.a.c.c.C.[Tomcat].[localhost].[/]       : Initializing Spring DispatcherServlet 'dispatcherServlet'
2025-03-25T14:24:59.931+05:30  INFO 34156 --- [Address Book] [http-nio-8080-exec-1] o.s.web.servlet.DispatcherServlet        : Initializing Servlet 'dispatcherServlet'
2025-03-25T14:24:59.935+05:30  INFO 34156 --- [Address Book] [http-nio-8080-exec-1] o.s.web.servlet.DispatcherServlet        : Completed initialization in 4 ms
2025-03-25T14:24:59.953+05:30 DEBUG 34156 --- [Address Book] [http-nio-8080-exec-1] o.s.security.web.FilterChainProxy        : Securing OPTIONS /api/addressbook
2025-03-25T14:24:59.972+05:30 DEBUG 34156 --- [Address Book] [http-nio-8080-exec-2] o.s.security.web.FilterChainProxy        : Securing POST /api/addressbook
2025-03-25T14:24:59.975+05:30 DEBUG 34156 --- [Address Book] [http-nio-8080-exec-2] o.s.s.w.a.AnonymousAuthenticationFilter  : Set SecurityContextHolder to anonymous SecurityContext
2025-03-25T14:24:59.979+05:30 DEBUG 34156 --- [Address Book] [http-nio-8080-exec-2] o.s.security.web.FilterChainProxy        : Secured POST /api/addressbook
2025-03-25T14:25:00.162+05:30 DEBUG 34156 --- [Address Book] [http-nio-8080-exec-3] o.s.security.web.FilterChainProxy        : Securing GET /api/addressbook
2025-03-25T14:25:00.163+05:30 DEBUG 34156 --- [Address Book] [http-nio-8080-exec-3] o.s.s.w.a.AnonymousAuthenticationFilter  : Set SecurityContextHolder to anonymous SecurityContext
2025-03-25T14:25:00.163+05:30 DEBUG 34156 --- [Address Book] [http-nio-8080-exec-3] o.s.security.web.FilterChainProxy        : Secured GET /api/addressbook
2025-03-25T14:25:17.236+05:30 DEBUG 34156 --- [Address Book] [http-nio-8080-exec-5] o.s.security.web.FilterChainProxy        : Securing OPTIONS /api/addressbook/1
2025-03-25T14:25:17.244+05:30 DEBUG 34156 --- [Address Book] [http-nio-8080-exec-6] o.s.security.web.FilterChainProxy        : Securing DELETE /api/addressbook/1
2025-03-25T14:25:17.247+05:30 DEBUG 34156 --- [Address Book] [http-nio-8080-exec-6] o.s.s.w.a.AnonymousAuthenticationFilter  : Set SecurityContextHolder to anonymous SecurityContext
2025-03-25T14:25:17.249+05:30 DEBUG 34156 --- [Address Book] [http-nio-8080-exec-6] o.s.security.web.FilterChainProxy        : Secured DELETE /api/addressbook/1
2025-03-25T14:25:17.263+05:30 DEBUG 34156 --- [Address Book] [http-nio-8080-exec-7] o.s.security.web.FilterChainProxy        : Securing GET /api/addressbook
2025-03-25T14:25:17.265+05:30 DEBUG 34156 --- [Address Book] [http-nio-8080-exec-7] o.s.s.w.a.AnonymousAuthenticationFilter  : Set SecurityContextHolder to anonymous SecurityContext
2025-03-25T14:25:17.266+05:30 DEBUG 34156 --- [Address Book] [http-nio-8080-exec-7] o.s.security.web.FilterChainProxy        : Secured GET /api/addressbook
2025-03-25T14:25:36.166+05:30 DEBUG 34156 --- [Address Book] [http-nio-8080-exec-9] o.s.security.web.FilterChainProxy        : Securing OPTIONS /api/addressbook
2025-03-25T14:25:36.173+05:30 DEBUG 34156 --- [Address Book] [http-nio-8080-exec-10] o.s.security.web.FilterChainProxy        : Securing POST /api/addressbook
2025-03-25T14:25:36.176+05:30 DEBUG 34156 --- [Address Book] [http-nio-8080-exec-10] o.s.s.w.a.AnonymousAuthenticationFilter  : Set SecurityContextHolder to anonymous SecurityContext
2025-03-25T14:25:36.177+05:30 DEBUG 34156 --- [Address Book] [http-nio-8080-exec-10] o.s.security.web.FilterChainProxy        : Secured POST /api/addressbook
2025-03-25T14:25:36.266+05:30 DEBUG 34156 --- [Address Book] [http-nio-8080-exec-1] o.s.security.web.FilterChainProxy        : Securing GET /api/addressbook
2025-03-25T14:25:36.268+05:30 DEBUG 34156 --- [Address Book] [http-nio-8080-exec-1] o.s.s.w.a.AnonymousAuthenticationFilter  : Set SecurityContextHolder to anonymous SecurityContext
2025-03-25T14:25:36.269+05:30 DEBUG 34156 --- [Address Book] [http-nio-8080-exec-1] o.s.security.web.FilterChainProxy        : Secured GET /api/addressbook
2025-03-25T14:27:20.177+05:30 DEBUG 34156 --- [Address Book] [http-nio-8080-exec-3] o.s.security.web.FilterChainProxy        : Securing OPTIONS /api/addressbook
2025-03-25T14:27:20.185+05:30 DEBUG 34156 --- [Address Book] [http-nio-8080-exec-4] o.s.security.web.FilterChainProxy        : Securing POST /api/addressbook
2025-03-25T14:27:20.189+05:30 DEBUG 34156 --- [Address Book] [http-nio-8080-exec-4] o.s.s.w.a.AnonymousAuthenticationFilter  : Set SecurityContextHolder to anonymous SecurityContext
2025-03-25T14:27:20.191+05:30 DEBUG 34156 --- [Address Book] [http-nio-8080-exec-4] o.s.security.web.FilterChainProxy        : Secured POST /api/addressbook
2025-03-25T14:27:20.279+05:30 DEBUG 34156 --- [Address Book] [http-nio-8080-exec-5] o.s.security.web.FilterChainProxy        : Securing GET /api/addressbook
2025-03-25T14:27:20.281+05:30 DEBUG 34156 --- [Address Book] [http-nio-8080-exec-5] o.s.s.w.a.AnonymousAuthenticationFilter  : Set SecurityContextHolder to anonymous SecurityContext
2025-03-25T14:27:20.281+05:30 DEBUG 34156 --- [Address Book] [http-nio-8080-exec-5] o.s.security.web.FilterChainProxy        : Secured GET /api/addressbook
2025-03-25T14:27:34.252+05:30 DEBUG 34156 --- [Address Book] [http-nio-8080-exec-7] o.s.security.web.FilterChainProxy        : Securing OPTIONS /api/addressbook/2
2025-03-25T14:27:34.259+05:30 DEBUG 34156 --- [Address Book] [http-nio-8080-exec-8] o.s.security.web.FilterChainProxy        : Securing PUT /api/addressbook/2
2025-03-25T14:27:34.261+05:30 DEBUG 34156 --- [Address Book] [http-nio-8080-exec-8] o.s.s.w.a.AnonymousAuthenticationFilter  : Set SecurityContextHolder to anonymous SecurityContext
2025-03-25T14:27:34.262+05:30 DEBUG 34156 --- [Address Book] [http-nio-8080-exec-8] o.s.security.web.FilterChainProxy        : Secured PUT /api/addressbook/2
2025-03-25T14:27:34.275+05:30 DEBUG 34156 --- [Address Book] [http-nio-8080-exec-9] o.s.security.web.FilterChainProxy        : Securing GET /api/addressbook
2025-03-25T14:27:34.277+05:30 DEBUG 34156 --- [Address Book] [http-nio-8080-exec-9] o.s.s.w.a.AnonymousAuthenticationFilter  : Set SecurityContextHolder to anonymous SecurityContext
2025-03-25T14:27:34.278+05:30 DEBUG 34156 --- [Address Book] [http-nio-8080-exec-9] o.s.security.web.FilterChainProxy        : Secured GET /api/addressbook
2025-03-25T14:27:35.983+05:30 DEBUG 34156 --- [Address Book] [http-nio-8080-exec-10] o.s.security.web.FilterChainProxy        : Securing PUT /api/addressbook/2
2025-03-25T14:27:35.985+05:30 DEBUG 34156 --- [Address Book] [http-nio-8080-exec-10] o.s.s.w.a.AnonymousAuthenticationFilter  : Set SecurityContextHolder to anonymous SecurityContext
2025-03-25T14:27:35.986+05:30 DEBUG 34156 --- [Address Book] [http-nio-8080-exec-10] o.s.security.web.FilterChainProxy        : Secured PUT /api/addressbook/2
2025-03-25T14:27:35.996+05:30 DEBUG 34156 --- [Address Book] [http-nio-8080-exec-1] o.s.security.web.FilterChainProxy        : Securing GET /api/addressbook
2025-03-25T14:27:35.997+05:30 DEBUG 34156 --- [Address Book] [http-nio-8080-exec-1] o.s.s.w.a.AnonymousAuthenticationFilter  : Set SecurityContextHolder to anonymous SecurityContext
2025-03-25T14:27:35.998+05:30 DEBUG 34156 --- [Address Book] [http-nio-8080-exec-1] o.s.security.web.FilterChainProxy        : Secured GET /api/addressbook
2025-03-25T14:27:37.231+05:30 DEBUG 34156 --- [Address Book] [http-nio-8080-exec-3] o.s.security.web.FilterChainProxy        : Securing PUT /api/addressbook/2
2025-03-25T14:27:37.232+05:30 DEBUG 34156 --- [Address Book] [http-nio-8080-exec-3] o.s.s.w.a.AnonymousAuthenticationFilter  : Set SecurityContextHolder to anonymous SecurityContext
2025-03-25T14:27:37.233+05:30 DEBUG 34156 --- [Address Book] [http-nio-8080-exec-3] o.s.security.web.FilterChainProxy        : Secured PUT /api/addressbook/2
2025-03-25T14:27:37.243+05:30 DEBUG 34156 --- [Address Book] [http-nio-8080-exec-4] o.s.security.web.FilterChainProxy        : Securing GET /api/addressbook
2025-03-25T14:27:37.245+05:30 DEBUG 34156 --- [Address Book] [http-nio-8080-exec-4] o.s.s.w.a.AnonymousAuthenticationFilter  : Set SecurityContextHolder to anonymous SecurityContext
2025-03-25T14:27:37.246+05:30 DEBUG 34156 --- [Address Book] [http-nio-8080-exec-4] o.s.security.web.FilterChainProxy        : Secured GET /api/addressbook
2025-03-25T14:27:37.666+05:30 DEBUG 34156 --- [Address Book] [http-nio-8080-exec-5] o.s.security.web.FilterChainProxy        : Securing PUT /api/addressbook/2
2025-03-25T14:27:37.668+05:30 DEBUG 34156 --- [Address Book] [http-nio-8080-exec-5] o.s.s.w.a.AnonymousAuthenticationFilter  : Set SecurityContextHolder to anonymous SecurityContext
2025-03-25T14:27:37.668+05:30 DEBUG 34156 --- [Address Book] [http-nio-8080-exec-5] o.s.security.web.FilterChainProxy        : Secured PUT /api/addressbook/2
2025-03-25T14:27:37.675+05:30 DEBUG 34156 --- [Address Book] [http-nio-8080-exec-6] o.s.security.web.FilterChainProxy        : Securing GET /api/addressbook
2025-03-25T14:27:37.676+05:30 DEBUG 34156 --- [Address Book] [http-nio-8080-exec-6] o.s.s.w.a.AnonymousAuthenticationFilter  : Set SecurityContextHolder to anonymous SecurityContext
2025-03-25T14:27:37.677+05:30 DEBUG 34156 --- [Address Book] [http-nio-8080-exec-6] o.s.security.web.FilterChainProxy        : Secured GET /api/addressbook
2025-03-25T14:27:37.896+05:30 DEBUG 34156 --- [Address Book] [http-nio-8080-exec-7] o.s.security.web.FilterChainProxy        : Securing PUT /api/addressbook/2
2025-03-25T14:27:37.897+05:30 DEBUG 34156 --- [Address Book] [http-nio-8080-exec-7] o.s.s.w.a.AnonymousAuthenticationFilter  : Set SecurityContextHolder to anonymous SecurityContext
2025-03-25T14:27:37.898+05:30 DEBUG 34156 --- [Address Book] [http-nio-8080-exec-7] o.s.security.web.FilterChainProxy        : Secured PUT /api/addressbook/2
2025-03-25T14:27:37.907+05:30 DEBUG 34156 --- [Address Book] [http-nio-8080-exec-8] o.s.security.web.FilterChainProxy        : Securing GET /api/addressbook
2025-03-25T14:27:37.909+05:30 DEBUG 34156 --- [Address Book] [http-nio-8080-exec-8] o.s.s.w.a.AnonymousAuthenticationFilter  : Set SecurityContextHolder to anonymous SecurityContext
2025-03-25T14:27:37.909+05:30 DEBUG 34156 --- [Address Book] [http-nio-8080-exec-8] o.s.security.web.FilterChainProxy        : Secured GET /api/addressbook
2025-03-25T14:27:38.116+05:30 DEBUG 34156 --- [Address Book] [http-nio-8080-exec-9] o.s.security.web.FilterChainProxy        : Securing PUT /api/addressbook/2
2025-03-25T14:27:38.118+05:30 DEBUG 34156 --- [Address Book] [http-nio-8080-exec-9] o.s.s.w.a.AnonymousAuthenticationFilter  : Set SecurityContextHolder to anonymous SecurityContext
2025-03-25T14:27:38.119+05:30 DEBUG 34156 --- [Address Book] [http-nio-8080-exec-9] o.s.security.web.FilterChainProxy        : Secured PUT /api/addressbook/2
2025-03-25T14:27:38.129+05:30 DEBUG 34156 --- [Address Book] [http-nio-8080-exec-10] o.s.security.web.FilterChainProxy        : Securing GET /api/addressbook
2025-03-25T14:27:38.131+05:30 DEBUG 34156 --- [Address Book] [http-nio-8080-exec-10] o.s.s.w.a.AnonymousAuthenticationFilter  : Set SecurityContextHolder to anonymous SecurityContext
2025-03-25T14:27:38.132+05:30 DEBUG 34156 --- [Address Book] [http-nio-8080-exec-10] o.s.security.web.FilterChainProxy        : Secured GET /api/addressbook
2025-03-25T14:27:47.512+05:30 DEBUG 34156 --- [Address Book] [http-nio-8080-exec-2] o.s.security.web.FilterChainProxy        : Securing OPTIONS /api/addressbook/2
2025-03-25T14:27:47.517+05:30 DEBUG 34156 --- [Address Book] [http-nio-8080-exec-3] o.s.security.web.FilterChainProxy        : Securing PUT /api/addressbook/2
2025-03-25T14:27:47.519+05:30 DEBUG 34156 --- [Address Book] [http-nio-8080-exec-3] o.s.s.w.a.AnonymousAuthenticationFilter  : Set SecurityContextHolder to anonymous SecurityContext
2025-03-25T14:27:47.521+05:30 DEBUG 34156 --- [Address Book] [http-nio-8080-exec-3] o.s.security.web.FilterChainProxy        : Secured PUT /api/addressbook/2
2025-03-25T14:27:47.536+05:30 DEBUG 34156 --- [Address Book] [http-nio-8080-exec-4] o.s.security.web.FilterChainProxy        : Securing GET /api/addressbook
2025-03-25T14:27:47.537+05:30 DEBUG 34156 --- [Address Book] [http-nio-8080-exec-4] o.s.s.w.a.AnonymousAuthenticationFilter  : Set SecurityContextHolder to anonymous SecurityContext
2025-03-25T14:27:47.539+05:30 DEBUG 34156 --- [Address Book] [http-nio-8080-exec-4] o.s.security.web.FilterChainProxy        : Secured GET /api/addressbook
2025-03-25T14:27:48.098+05:30 DEBUG 34156 --- [Address Book] [http-nio-8080-exec-5] o.s.security.web.FilterChainProxy        : Securing PUT /api/addressbook/2
2025-03-25T14:27:48.099+05:30 DEBUG 34156 --- [Address Book] [http-nio-8080-exec-5] o.s.s.w.a.AnonymousAuthenticationFilter  : Set SecurityContextHolder to anonymous SecurityContext
2025-03-25T14:27:48.100+05:30 DEBUG 34156 --- [Address Book] [http-nio-8080-exec-5] o.s.security.web.FilterChainProxy        : Secured PUT /api/addressbook/2
2025-03-25T14:27:48.109+05:30 DEBUG 34156 --- [Address Book] [http-nio-8080-exec-6] o.s.security.web.FilterChainProxy        : Securing GET /api/addressbook
2025-03-25T14:27:48.110+05:30 DEBUG 34156 --- [Address Book] [http-nio-8080-exec-6] o.s.s.w.a.AnonymousAuthenticationFilter  : Set SecurityContextHolder to anonymous SecurityContext
2025-03-25T14:27:48.111+05:30 DEBUG 34156 --- [Address Book] [http-nio-8080-exec-6] o.s.security.web.FilterChainProxy        : Secured GET /api/addressbook
2025-03-25T14:27:48.294+05:30 DEBUG 34156 --- [Address Book] [http-nio-8080-exec-7] o.s.security.web.FilterChainProxy        : Securing PUT /api/addressbook/2
2025-03-25T14:27:48.296+05:30 DEBUG 34156 --- [Address Book] [http-nio-8080-exec-7] o.s.s.w.a.AnonymousAuthenticationFilter  : Set SecurityContextHolder to anonymous SecurityContext
2025-03-25T14:27:48.296+05:30 DEBUG 34156 --- [Address Book] [http-nio-8080-exec-7] o.s.security.web.FilterChainProxy        : Secured PUT /api/addressbook/2
2025-03-25T14:27:48.303+05:30 DEBUG 34156 --- [Address Book] [http-nio-8080-exec-8] o.s.security.web.FilterChainProxy        : Securing GET /api/addressbook
2025-03-25T14:27:48.305+05:30 DEBUG 34156 --- [Address Book] [http-nio-8080-exec-8] o.s.s.w.a.AnonymousAuthenticationFilter  : Set SecurityContextHolder to anonymous SecurityContext
2025-03-25T14:27:48.306+05:30 DEBUG 34156 --- [Address Book] [http-nio-8080-exec-8] o.s.security.web.FilterChainProxy        : Secured GET /api/addressbook
2025-03-25T14:27:48.494+05:30 DEBUG 34156 --- [Address Book] [http-nio-8080-exec-9] o.s.security.web.FilterChainProxy        : Securing PUT /api/addressbook/2
2025-03-25T14:27:48.496+05:30 DEBUG 34156 --- [Address Book] [http-nio-8080-exec-9] o.s.s.w.a.AnonymousAuthenticationFilter  : Set SecurityContextHolder to anonymous SecurityContext
2025-03-25T14:27:48.497+05:30 DEBUG 34156 --- [Address Book] [http-nio-8080-exec-9] o.s.security.web.FilterChainProxy        : Secured PUT /api/addressbook/2
2025-03-25T14:27:48.503+05:30 DEBUG 34156 --- [Address Book] [http-nio-8080-exec-10] o.s.security.web.FilterChainProxy        : Securing GET /api/addressbook
2025-03-25T14:27:48.505+05:30 DEBUG 34156 --- [Address Book] [http-nio-8080-exec-10] o.s.s.w.a.AnonymousAuthenticationFilter  : Set SecurityContextHolder to anonymous SecurityContext
2025-03-25T14:27:48.507+05:30 DEBUG 34156 --- [Address Book] [http-nio-8080-exec-10] o.s.security.web.FilterChainProxy        : Secured GET /api/addressbook
2025-03-25T14:27:49.282+05:30 DEBUG 34156 --- [Address Book] [http-nio-8080-exec-1] o.s.security.web.FilterChainProxy        : Securing OPTIONS /api/addressbook/3
2025-03-25T14:27:49.290+05:30 DEBUG 34156 --- [Address Book] [http-nio-8080-exec-2] o.s.security.web.FilterChainProxy        : Securing PUT /api/addressbook/3
2025-03-25T14:27:49.291+05:30 DEBUG 34156 --- [Address Book] [http-nio-8080-exec-2] o.s.s.w.a.AnonymousAuthenticationFilter  : Set SecurityContextHolder to anonymous SecurityContext
2025-03-25T14:27:49.292+05:30 DEBUG 34156 --- [Address Book] [http-nio-8080-exec-2] o.s.security.web.FilterChainProxy        : Secured PUT /api/addressbook/3
2025-03-25T14:27:49.300+05:30 DEBUG 34156 --- [Address Book] [http-nio-8080-exec-3] o.s.security.web.FilterChainProxy        : Securing GET /api/addressbook
2025-03-25T14:27:49.302+05:30 DEBUG 34156 --- [Address Book] [http-nio-8080-exec-3] o.s.s.w.a.AnonymousAuthenticationFilter  : Set SecurityContextHolder to anonymous SecurityContext
2025-03-25T14:27:49.303+05:30 DEBUG 34156 --- [Address Book] [http-nio-8080-exec-3] o.s.security.web.FilterChainProxy        : Secured GET /api/addressbook
2025-03-25T14:27:49.533+05:30 DEBUG 34156 --- [Address Book] [http-nio-8080-exec-4] o.s.security.web.FilterChainProxy        : Securing PUT /api/addressbook/3
2025-03-25T14:27:49.534+05:30 DEBUG 34156 --- [Address Book] [http-nio-8080-exec-4] o.s.s.w.a.AnonymousAuthenticationFilter  : Set SecurityContextHolder to anonymous SecurityContext
2025-03-25T14:27:49.535+05:30 DEBUG 34156 --- [Address Book] [http-nio-8080-exec-4] o.s.security.web.FilterChainProxy        : Secured PUT /api/addressbook/3
2025-03-25T14:27:49.546+05:30 DEBUG 34156 --- [Address Book] [http-nio-8080-exec-5] o.s.security.web.FilterChainProxy        : Securing GET /api/addressbook
2025-03-25T14:27:49.548+05:30 DEBUG 34156 --- [Address Book] [http-nio-8080-exec-5] o.s.s.w.a.AnonymousAuthenticationFilter  : Set SecurityContextHolder to anonymous SecurityContext
2025-03-25T14:27:49.548+05:30 DEBUG 34156 --- [Address Book] [http-nio-8080-exec-5] o.s.security.web.FilterChainProxy        : Secured GET /api/addressbook
2025-03-25T14:27:50.213+05:30 DEBUG 34156 --- [Address Book] [http-nio-8080-exec-6] o.s.security.web.FilterChainProxy        : Securing PUT /api/addressbook/3
2025-03-25T14:27:50.215+05:30 DEBUG 34156 --- [Address Book] [http-nio-8080-exec-6] o.s.s.w.a.AnonymousAuthenticationFilter  : Set SecurityContextHolder to anonymous SecurityContext
2025-03-25T14:27:50.215+05:30 DEBUG 34156 --- [Address Book] [http-nio-8080-exec-6] o.s.security.web.FilterChainProxy        : Secured PUT /api/addressbook/3
2025-03-25T14:27:50.223+05:30 DEBUG 34156 --- [Address Book] [http-nio-8080-exec-7] o.s.security.web.FilterChainProxy        : Securing GET /api/addressbook
2025-03-25T14:27:50.224+05:30 DEBUG 34156 --- [Address Book] [http-nio-8080-exec-7] o.s.s.w.a.AnonymousAuthenticationFilter  : Set SecurityContextHolder to anonymous SecurityContext
2025-03-25T14:27:50.225+05:30 DEBUG 34156 --- [Address Book] [http-nio-8080-exec-7] o.s.security.web.FilterChainProxy        : Secured GET /api/addressbook
2025-03-25T14:27:50.428+05:30 DEBUG 34156 --- [Address Book] [http-nio-8080-exec-8] o.s.security.web.FilterChainProxy        : Securing PUT /api/addressbook/3
2025-03-25T14:27:50.430+05:30 DEBUG 34156 --- [Address Book] [http-nio-8080-exec-8] o.s.s.w.a.AnonymousAuthenticationFilter  : Set SecurityContextHolder to anonymous SecurityContext
2025-03-25T14:27:50.431+05:30 DEBUG 34156 --- [Address Book] [http-nio-8080-exec-8] o.s.security.web.FilterChainProxy        : Secured PUT /api/addressbook/3
2025-03-25T14:27:50.440+05:30 DEBUG 34156 --- [Address Book] [http-nio-8080-exec-9] o.s.security.web.FilterChainProxy        : Securing GET /api/addressbook
2025-03-25T14:27:50.441+05:30 DEBUG 34156 --- [Address Book] [http-nio-8080-exec-9] o.s.s.w.a.AnonymousAuthenticationFilter  : Set SecurityContextHolder to anonymous SecurityContext
2025-03-25T14:27:50.442+05:30 DEBUG 34156 --- [Address Book] [http-nio-8080-exec-9] o.s.security.web.FilterChainProxy        : Secured GET /api/addressbook
2025-03-25T14:27:50.627+05:30 DEBUG 34156 --- [Address Book] [http-nio-8080-exec-10] o.s.security.web.FilterChainProxy        : Securing PUT /api/addressbook/3
2025-03-25T14:27:50.629+05:30 DEBUG 34156 --- [Address Book] [http-nio-8080-exec-10] o.s.s.w.a.AnonymousAuthenticationFilter  : Set SecurityContextHolder to anonymous SecurityContext
2025-03-25T14:27:50.630+05:30 DEBUG 34156 --- [Address Book] [http-nio-8080-exec-10] o.s.security.web.FilterChainProxy        : Secured PUT /api/addressbook/3
2025-03-25T14:27:50.644+05:30 DEBUG 34156 --- [Address Book] [http-nio-8080-exec-1] o.s.security.web.FilterChainProxy        : Securing GET /api/addressbook
2025-03-25T14:27:50.645+05:30 DEBUG 34156 --- [Address Book] [http-nio-8080-exec-1] o.s.s.w.a.AnonymousAuthenticationFilter  : Set SecurityContextHolder to anonymous SecurityContext
2025-03-25T14:27:50.646+05:30 DEBUG 34156 --- [Address Book] [http-nio-8080-exec-1] o.s.security.web.FilterChainProxy        : Secured GET /api/addressbook
2025-03-25T14:27:51.413+05:30 DEBUG 34156 --- [Address Book] [http-nio-8080-exec-2] o.s.security.web.FilterChainProxy        : Securing PUT /api/addressbook/2
2025-03-25T14:27:51.414+05:30 DEBUG 34156 --- [Address Book] [http-nio-8080-exec-2] o.s.s.w.a.AnonymousAuthenticationFilter  : Set SecurityContextHolder to anonymous SecurityContext
2025-03-25T14:27:51.415+05:30 DEBUG 34156 --- [Address Book] [http-nio-8080-exec-2] o.s.security.web.FilterChainProxy        : Secured PUT /api/addressbook/2
2025-03-25T14:27:51.424+05:30 DEBUG 34156 --- [Address Book] [http-nio-8080-exec-3] o.s.security.web.FilterChainProxy        : Securing GET /api/addressbook
2025-03-25T14:27:51.425+05:30 DEBUG 34156 --- [Address Book] [http-nio-8080-exec-3] o.s.s.w.a.AnonymousAuthenticationFilter  : Set SecurityContextHolder to anonymous SecurityContext
2025-03-25T14:27:51.426+05:30 DEBUG 34156 --- [Address Book] [http-nio-8080-exec-3] o.s.security.web.FilterChainProxy        : Secured GET /api/addressbook
2025-03-25T14:27:52.579+05:30 DEBUG 34156 --- [Address Book] [http-nio-8080-exec-5] o.s.security.web.FilterChainProxy        : Securing PUT /api/addressbook/3
2025-03-25T14:27:52.580+05:30 DEBUG 34156 --- [Address Book] [http-nio-8080-exec-5] o.s.s.w.a.AnonymousAuthenticationFilter  : Set SecurityContextHolder to anonymous SecurityContext
2025-03-25T14:27:52.581+05:30 DEBUG 34156 --- [Address Book] [http-nio-8080-exec-5] o.s.security.web.FilterChainProxy        : Secured PUT /api/addressbook/3
2025-03-25T14:27:52.589+05:30 DEBUG 34156 --- [Address Book] [http-nio-8080-exec-6] o.s.security.web.FilterChainProxy        : Securing GET /api/addressbook
2025-03-25T14:27:52.591+05:30 DEBUG 34156 --- [Address Book] [http-nio-8080-exec-6] o.s.s.w.a.AnonymousAuthenticationFilter  : Set SecurityContextHolder to anonymous SecurityContext
2025-03-25T14:27:52.592+05:30 DEBUG 34156 --- [Address Book] [http-nio-8080-exec-6] o.s.security.web.FilterChainProxy        : Secured GET /api/addressbook
2025-03-25T14:27:55.327+05:30 DEBUG 34156 --- [Address Book] [http-nio-8080-exec-7] o.s.security.web.FilterChainProxy        : Securing OPTIONS /api/addressbook/3
2025-03-25T14:27:55.332+05:30 DEBUG 34156 --- [Address Book] [http-nio-8080-exec-8] o.s.security.web.FilterChainProxy        : Securing DELETE /api/addressbook/3
2025-03-25T14:27:55.333+05:30 DEBUG 34156 --- [Address Book] [http-nio-8080-exec-8] o.s.s.w.a.AnonymousAuthenticationFilter  : Set SecurityContextHolder to anonymous SecurityContext
2025-03-25T14:27:55.334+05:30 DEBUG 34156 --- [Address Book] [http-nio-8080-exec-8] o.s.security.web.FilterChainProxy        : Secured DELETE /api/addressbook/3
2025-03-25T14:27:55.342+05:30 DEBUG 34156 --- [Address Book] [http-nio-8080-exec-9] o.s.security.web.FilterChainProxy        : Securing GET /api/addressbook
2025-03-25T14:27:55.343+05:30 DEBUG 34156 --- [Address Book] [http-nio-8080-exec-9] o.s.s.w.a.AnonymousAuthenticationFilter  : Set SecurityContextHolder to anonymous SecurityContext
2025-03-25T14:27:55.344+05:30 DEBUG 34156 --- [Address Book] [http-nio-8080-exec-9] o.s.security.web.FilterChainProxy        : Secured GET /api/addressbook
2025-03-25T14:29:00.393+05:30 DEBUG 34156 --- [Address Book] [http-nio-8080-exec-1] o.s.security.web.FilterChainProxy        : Securing OPTIONS /api/addressbook/2
2025-03-25T14:29:00.404+05:30 DEBUG 34156 --- [Address Book] [http-nio-8080-exec-2] o.s.security.web.FilterChainProxy        : Securing PUT /api/addressbook/2
2025-03-25T14:29:00.406+05:30 DEBUG 34156 --- [Address Book] [http-nio-8080-exec-2] o.s.s.w.a.AnonymousAuthenticationFilter  : Set SecurityContextHolder to anonymous SecurityContext
2025-03-25T14:29:00.407+05:30 DEBUG 34156 --- [Address Book] [http-nio-8080-exec-2] o.s.security.web.FilterChainProxy        : Secured PUT /api/addressbook/2
2025-03-25T14:29:00.423+05:30 DEBUG 34156 --- [Address Book] [http-nio-8080-exec-3] o.s.security.web.FilterChainProxy        : Securing GET /api/addressbook
2025-03-25T14:29:00.424+05:30 DEBUG 34156 --- [Address Book] [http-nio-8080-exec-3] o.s.s.w.a.AnonymousAuthenticationFilter  : Set SecurityContextHolder to anonymous SecurityContext
2025-03-25T14:29:00.425+05:30 DEBUG 34156 --- [Address Book] [http-nio-8080-exec-3] o.s.security.web.FilterChainProxy        : Secured GET /api/addressbook
2025-03-25T14:29:04.350+05:30 DEBUG 34156 --- [Address Book] [http-nio-8080-exec-5] o.s.security.web.FilterChainProxy        : Securing PUT /api/addressbook/2
2025-03-25T14:29:04.351+05:30 DEBUG 34156 --- [Address Book] [http-nio-8080-exec-5] o.s.s.w.a.AnonymousAuthenticationFilter  : Set SecurityContextHolder to anonymous SecurityContext
2025-03-25T14:29:04.352+05:30 DEBUG 34156 --- [Address Book] [http-nio-8080-exec-5] o.s.security.web.FilterChainProxy        : Secured PUT /api/addressbook/2
2025-03-25T14:29:04.361+05:30 DEBUG 34156 --- [Address Book] [http-nio-8080-exec-6] o.s.security.web.FilterChainProxy        : Securing GET /api/addressbook
2025-03-25T14:29:04.362+05:30 DEBUG 34156 --- [Address Book] [http-nio-8080-exec-6] o.s.s.w.a.AnonymousAuthenticationFilter  : Set SecurityContextHolder to anonymous SecurityContext
2025-03-25T14:29:04.363+05:30 DEBUG 34156 --- [Address Book] [http-nio-8080-exec-6] o.s.security.web.FilterChainProxy        : Secured GET /api/addressbook
2025-03-25T14:31:03.433+05:30 DEBUG 34156 --- [Address Book] [http-nio-8080-exec-8] o.s.security.web.FilterChainProxy        : Securing GET /api/addressbook
2025-03-25T14:31:03.438+05:30 DEBUG 34156 --- [Address Book] [http-nio-8080-exec-8] o.s.s.w.a.AnonymousAuthenticationFilter  : Set SecurityContextHolder to anonymous SecurityContext
2025-03-25T14:31:03.440+05:30 DEBUG 34156 --- [Address Book] [http-nio-8080-exec-8] o.s.security.web.FilterChainProxy        : Secured GET /api/addressbook
2025-03-25T14:31:03.453+05:30 DEBUG 34156 --- [Address Book] [http-nio-8080-exec-9] o.s.security.web.FilterChainProxy        : Securing GET /api/addressbook
2025-03-25T14:31:03.455+05:30 DEBUG 34156 --- [Address Book] [http-nio-8080-exec-9] o.s.s.w.a.AnonymousAuthenticationFilter  : Set SecurityContextHolder to anonymous SecurityContext
2025-03-25T14:31:03.456+05:30 DEBUG 34156 --- [Address Book] [http-nio-8080-exec-9] o.s.security.web.FilterChainProxy        : Secured GET /api/addressbook
2025-03-25T14:31:03.533+05:30 DEBUG 34156 --- [Address Book] [http-nio-8080-exec-10] o.s.security.web.FilterChainProxy        : Securing GET /api/addressbook
2025-03-25T14:31:03.535+05:30 DEBUG 34156 --- [Address Book] [http-nio-8080-exec-10] o.s.s.w.a.AnonymousAuthenticationFilter  : Set SecurityContextHolder to anonymous SecurityContext
2025-03-25T14:31:03.535+05:30 DEBUG 34156 --- [Address Book] [http-nio-8080-exec-10] o.s.security.web.FilterChainProxy        : Secured GET /api/addressbook
2025-03-25T14:33:57.117+05:30 DEBUG 34156 --- [Address Book] [http-nio-8080-exec-3] o.s.security.web.FilterChainProxy        : Securing GET /api/addressbook
2025-03-25T14:33:57.122+05:30 DEBUG 34156 --- [Address Book] [http-nio-8080-exec-3] o.s.s.w.a.AnonymousAuthenticationFilter  : Set SecurityContextHolder to anonymous SecurityContext
2025-03-25T14:33:57.124+05:30 DEBUG 34156 --- [Address Book] [http-nio-8080-exec-3] o.s.security.web.FilterChainProxy        : Secured GET /api/addressbook
2025-03-25T14:33:57.134+05:30 DEBUG 34156 --- [Address Book] [http-nio-8080-exec-4] o.s.security.web.FilterChainProxy        : Securing GET /api/addressbook
2025-03-25T14:33:57.136+05:30 DEBUG 34156 --- [Address Book] [http-nio-8080-exec-4] o.s.s.w.a.AnonymousAuthenticationFilter  : Set SecurityContextHolder to anonymous SecurityContext
2025-03-25T14:33:57.137+05:30 DEBUG 34156 --- [Address Book] [http-nio-8080-exec-4] o.s.security.web.FilterChainProxy        : Secured GET /api/addressbook
2025-03-25T14:33:57.228+05:30 DEBUG 34156 --- [Address Book] [http-nio-8080-exec-5] o.s.security.web.FilterChainProxy        : Securing GET /api/addressbook
2025-03-25T14:33:57.231+05:30 DEBUG 34156 --- [Address Book] [http-nio-8080-exec-5] o.s.s.w.a.AnonymousAuthenticationFilter  : Set SecurityContextHolder to anonymous SecurityContext
2025-03-25T14:33:57.232+05:30 DEBUG 34156 --- [Address Book] [http-nio-8080-exec-5] o.s.security.web.FilterChainProxy        : Secured GET /api/addressbook
2025-03-25T14:37:39.046+05:30 DEBUG 34156 --- [Address Book] [http-nio-8080-exec-8] o.s.security.web.FilterChainProxy        : Securing GET /api/addressbook
2025-03-25T14:37:39.050+05:30 DEBUG 34156 --- [Address Book] [http-nio-8080-exec-8] o.s.s.w.a.AnonymousAuthenticationFilter  : Set SecurityContextHolder to anonymous SecurityContext
2025-03-25T14:37:39.051+05:30 DEBUG 34156 --- [Address Book] [http-nio-8080-exec-8] o.s.security.web.FilterChainProxy        : Secured GET /api/addressbook
2025-03-25T14:37:39.087+05:30 DEBUG 34156 --- [Address Book] [http-nio-8080-exec-9] o.s.security.web.FilterChainProxy        : Securing GET /api/addressbook
2025-03-25T14:37:39.089+05:30 DEBUG 34156 --- [Address Book] [http-nio-8080-exec-9] o.s.s.w.a.AnonymousAuthenticationFilter  : Set SecurityContextHolder to anonymous SecurityContext
2025-03-25T14:37:39.090+05:30 DEBUG 34156 --- [Address Book] [http-nio-8080-exec-9] o.s.security.web.FilterChainProxy        : Secured GET /api/addressbook
2025-03-25T14:37:39.179+05:30 DEBUG 34156 --- [Address Book] [http-nio-8080-exec-10] o.s.security.web.FilterChainProxy        : Securing GET /api/addressbook
2025-03-25T14:37:39.179+05:30 DEBUG 34156 --- [Address Book] [http-nio-8080-exec-10] o.s.s.w.a.AnonymousAuthenticationFilter  : Set SecurityContextHolder to anonymous SecurityContext
2025-03-25T14:37:39.179+05:30 DEBUG 34156 --- [Address Book] [http-nio-8080-exec-10] o.s.security.web.FilterChainProxy        : Secured GET /api/addressbook
2025-03-25T14:37:47.479+05:30 DEBUG 34156 --- [Address Book] [http-nio-8080-exec-3] o.s.security.web.FilterChainProxy        : Securing GET /api/addressbook
2025-03-25T14:37:47.488+05:30 DEBUG 34156 --- [Address Book] [http-nio-8080-exec-3] o.s.s.w.a.AnonymousAuthenticationFilter  : Set SecurityContextHolder to anonymous SecurityContext
2025-03-25T14:37:47.490+05:30 DEBUG 34156 --- [Address Book] [http-nio-8080-exec-3] o.s.security.web.FilterChainProxy        : Secured GET /api/addressbook
2025-03-25T14:37:47.523+05:30 DEBUG 34156 --- [Address Book] [http-nio-8080-exec-4] o.s.security.web.FilterChainProxy        : Securing GET /api/addressbook
2025-03-25T14:37:47.524+05:30 DEBUG 34156 --- [Address Book] [http-nio-8080-exec-4] o.s.s.w.a.AnonymousAuthenticationFilter  : Set SecurityContextHolder to anonymous SecurityContext
2025-03-25T14:37:47.526+05:30 DEBUG 34156 --- [Address Book] [http-nio-8080-exec-4] o.s.security.web.FilterChainProxy        : Secured GET /api/addressbook
2025-03-25T14:37:47.607+05:30 DEBUG 34156 --- [Address Book] [http-nio-8080-exec-5] o.s.security.web.FilterChainProxy        : Securing GET /api/addressbook
2025-03-25T14:37:47.610+05:30 DEBUG 34156 --- [Address Book] [http-nio-8080-exec-5] o.s.s.w.a.AnonymousAuthenticationFilter  : Set SecurityContextHolder to anonymous SecurityContext
2025-03-25T14:37:47.612+05:30 DEBUG 34156 --- [Address Book] [http-nio-8080-exec-5] o.s.security.web.FilterChainProxy        : Secured GET /api/addressbook
2025-03-25T14:37:55.526+05:30  INFO 34156 --- [Address Book] [SpringApplicationShutdownHook] o.s.b.w.e.tomcat.GracefulShutdown        : Commencing graceful shutdown. Waiting for active requests to complete
2025-03-25T14:37:55.544+05:30  INFO 34156 --- [Address Book] [tomcat-shutdown] o.s.b.w.e.tomcat.GracefulShutdown        : Graceful shutdown complete
2025-03-25T14:37:55.680+05:30  INFO 34156 --- [Address Book] [SpringApplicationShutdownHook] j.LocalContainerEntityManagerFactoryBean : Closing JPA EntityManagerFactory for persistence unit 'default'
2025-03-25T14:37:55.687+05:30  INFO 34156 --- [Address Book] [SpringApplicationShutdownHook] com.zaxxer.hikari.HikariDataSource       : HikariPool-1 - Shutdown initiated...
2025-03-25T14:37:55.696+05:30  INFO 34156 --- [Address Book] [SpringApplicationShutdownHook] com.zaxxer.hikari.HikariDataSource       : HikariPool-1 - Shutdown completed.
2025-03-25T14:37:58.040+05:30  INFO 36515 --- [Address Book] [restartedMain] c.e.addressbook.AddressBookApplication   : Starting AddressBookApplication using Java 17.0.9 with PID 36515 (/Users/samikshathakur/Documents/Capgemini/BL_SpringAddressBookApp/target/classes started by samikshathakur in /Users/samikshathakur/Documents/Capgemini/BL_SpringAddressBookApp)
2025-03-25T14:37:58.043+05:30 DEBUG 36515 --- [Address Book] [restartedMain] c.e.addressbook.AddressBookApplication   : Running with Spring Boot v3.5.0-SNAPSHOT, Spring v6.2.5
2025-03-25T14:37:58.044+05:30  INFO 36515 --- [Address Book] [restartedMain] c.e.addressbook.AddressBookApplication   : No active profile set, falling back to 1 default profile: "default"
2025-03-25T14:37:58.103+05:30  INFO 36515 --- [Address Book] [restartedMain] .e.DevToolsPropertyDefaultsPostProcessor : Devtools property defaults active! Set 'spring.devtools.add-properties' to 'false' to disable
2025-03-25T14:37:58.103+05:30  INFO 36515 --- [Address Book] [restartedMain] .e.DevToolsPropertyDefaultsPostProcessor : For additional web related logging consider setting the 'logging.level.web' property to 'DEBUG'
2025-03-25T14:37:58.586+05:30  INFO 36515 --- [Address Book] [restartedMain] .s.d.r.c.RepositoryConfigurationDelegate : Multiple Spring Data modules found, entering strict repository configuration mode
2025-03-25T14:37:58.586+05:30  INFO 36515 --- [Address Book] [restartedMain] .s.d.r.c.RepositoryConfigurationDelegate : Bootstrapping Spring Data JPA repositories in DEFAULT mode.
2025-03-25T14:37:58.658+05:30  INFO 36515 --- [Address Book] [restartedMain] .s.d.r.c.RepositoryConfigurationDelegate : Finished Spring Data repository scanning in 66 ms. Found 2 JPA repository interfaces.
2025-03-25T14:37:58.891+05:30  INFO 36515 --- [Address Book] [restartedMain] .s.d.r.c.RepositoryConfigurationDelegate : Multiple Spring Data modules found, entering strict repository configuration mode
2025-03-25T14:37:58.892+05:30  INFO 36515 --- [Address Book] [restartedMain] .s.d.r.c.RepositoryConfigurationDelegate : Bootstrapping Spring Data Redis repositories in DEFAULT mode.
2025-03-25T14:37:58.907+05:30  INFO 36515 --- [Address Book] [restartedMain] .RepositoryConfigurationExtensionSupport : Spring Data Redis - Could not safely identify store assignment for repository candidate interface com.example.addressbook.repository.AddressBookRepository; If you want this repository to be a Redis repository, consider annotating your entities with one of these annotations: org.springframework.data.redis.core.RedisHash (preferred), or consider extending one of the following types with your repository: org.springframework.data.keyvalue.repository.KeyValueRepository
2025-03-25T14:37:58.907+05:30  INFO 36515 --- [Address Book] [restartedMain] .RepositoryConfigurationExtensionSupport : Spring Data Redis - Could not safely identify store assignment for repository candidate interface com.example.addressbook.repository.UserRepository; If you want this repository to be a Redis repository, consider annotating your entities with one of these annotations: org.springframework.data.redis.core.RedisHash (preferred), or consider extending one of the following types with your repository: org.springframework.data.keyvalue.repository.KeyValueRepository
2025-03-25T14:37:58.907+05:30  INFO 36515 --- [Address Book] [restartedMain] .s.d.r.c.RepositoryConfigurationDelegate : Finished Spring Data repository scanning in 7 ms. Found 0 Redis repository interfaces.
2025-03-25T14:37:59.395+05:30  INFO 36515 --- [Address Book] [restartedMain] o.s.b.w.embedded.tomcat.TomcatWebServer  : Tomcat initialized with port 8080 (http)
2025-03-25T14:37:59.403+05:30  INFO 36515 --- [Address Book] [restartedMain] o.apache.catalina.core.StandardService   : Starting service [Tomcat]
2025-03-25T14:37:59.403+05:30  INFO 36515 --- [Address Book] [restartedMain] o.apache.catalina.core.StandardEngine    : Starting Servlet engine: [Apache Tomcat/10.1.39]
2025-03-25T14:37:59.427+05:30  INFO 36515 --- [Address Book] [restartedMain] o.a.c.c.C.[Tomcat].[localhost].[/]       : Initializing Spring embedded WebApplicationContext
2025-03-25T14:37:59.427+05:30  INFO 36515 --- [Address Book] [restartedMain] w.s.c.ServletWebServerApplicationContext : Root WebApplicationContext: initialization completed in 1323 ms
2025-03-25T14:37:59.602+05:30  INFO 36515 --- [Address Book] [restartedMain] o.hibernate.jpa.internal.util.LogHelper  : HHH000204: Processing PersistenceUnitInfo [name: default]
2025-03-25T14:37:59.644+05:30  INFO 36515 --- [Address Book] [restartedMain] org.hibernate.Version                    : HHH000412: Hibernate ORM core version 6.6.11.Final
2025-03-25T14:37:59.665+05:30  INFO 36515 --- [Address Book] [restartedMain] o.h.c.internal.RegionFactoryInitiator    : HHH000026: Second-level cache disabled
2025-03-25T14:37:59.813+05:30  INFO 36515 --- [Address Book] [restartedMain] o.s.o.j.p.SpringPersistenceUnitInfo      : No LoadTimeWeaver setup: ignoring JPA class transformer
2025-03-25T14:37:59.830+05:30  INFO 36515 --- [Address Book] [restartedMain] com.zaxxer.hikari.HikariDataSource       : HikariPool-1 - Starting...
2025-03-25T14:38:00.064+05:30  INFO 36515 --- [Address Book] [restartedMain] com.zaxxer.hikari.pool.HikariPool        : HikariPool-1 - Added connection com.mysql.cj.jdbc.ConnectionImpl@178c9f7c
2025-03-25T14:38:00.065+05:30  INFO 36515 --- [Address Book] [restartedMain] com.zaxxer.hikari.HikariDataSource       : HikariPool-1 - Start completed.
2025-03-25T14:38:00.111+05:30  WARN 36515 --- [Address Book] [restartedMain] org.hibernate.orm.deprecation            : HHH90000025: MySQL8Dialect does not need to be specified explicitly using 'hibernate.dialect' (remove the property setting and it will be selected by default)
2025-03-25T14:38:00.111+05:30  WARN 36515 --- [Address Book] [restartedMain] org.hibernate.orm.deprecation            : HHH90000026: MySQL8Dialect has been deprecated; use org.hibernate.dialect.MySQLDialect instead
2025-03-25T14:38:00.121+05:30  INFO 36515 --- [Address Book] [restartedMain] org.hibernate.orm.connections.pooling    : HHH10001005: Database info:
	Database JDBC URL [Connecting through datasource 'HikariDataSource (HikariPool-1)']
	Database driver: undefined/unknown
	Database version: 8.0
	Autocommit mode: undefined/unknown
	Isolation level: undefined/unknown
	Minimum pool size: undefined/unknown
	Maximum pool size: undefined/unknown
2025-03-25T14:38:00.598+05:30  INFO 36515 --- [Address Book] [restartedMain] o.h.e.t.j.p.i.JtaPlatformInitiator       : HHH000489: No JTA platform available (set 'hibernate.transaction.jta.platform' to enable JTA platform integration)
2025-03-25T14:38:00.680+05:30  INFO 36515 --- [Address Book] [restartedMain] j.LocalContainerEntityManagerFactoryBean : Initialized JPA EntityManagerFactory for persistence unit 'default'
2025-03-25T14:38:00.862+05:30 DEBUG 36515 --- [Address Book] [restartedMain] c.e.a.security.JwtAuthenticationFilter   : Filter 'jwtAuthenticationFilter' configured for use
2025-03-25T14:38:00.902+05:30  WARN 36515 --- [Address Book] [restartedMain] r$InitializeUserDetailsManagerConfigurer : Found 2 UserDetailsService beans, with names [customUserDetailsService, userDetailsService]. Global Authentication Manager will not use a UserDetailsService for username/password login. Consider publishing a single UserDetailsService bean.
2025-03-25T14:38:00.902+05:30 DEBUG 36515 --- [Address Book] [restartedMain] swordEncoderAuthenticationManagerBuilder : No authenticationProviders and no parentAuthenticationManager defined. Returning null.
2025-03-25T14:38:01.232+05:30  WARN 36515 --- [Address Book] [restartedMain] JpaBaseConfiguration$JpaWebConfiguration : spring.jpa.open-in-view is enabled by default. Therefore, database queries may be performed during view rendering. Explicitly configure spring.jpa.open-in-view to disable this warning
2025-03-25T14:38:01.500+05:30  INFO 36515 --- [Address Book] [restartedMain] o.s.b.a.e.web.EndpointLinksResolver      : Exposing 1 endpoint beneath base path '/actuator'
2025-03-25T14:38:01.534+05:30 DEBUG 36515 --- [Address Book] [restartedMain] o.s.s.web.DefaultSecurityFilterChain     : Will secure any request with filters: DisableEncodeUrlFilter, WebAsyncManagerIntegrationFilter, SecurityContextHolderFilter, HeaderWriterFilter, CorsFilter, LogoutFilter, JwtAuthenticationFilter, RequestCacheAwareFilter, SecurityContextHolderAwareRequestFilter, AnonymousAuthenticationFilter, SessionManagementFilter, ExceptionTranslationFilter, AuthorizationFilter
2025-03-25T14:38:01.878+05:30  INFO 36515 --- [Address Book] [restartedMain] o.s.b.d.a.OptionalLiveReloadServer       : LiveReload server is running on port 35729
2025-03-25T14:38:01.927+05:30  INFO 36515 --- [Address Book] [restartedMain] o.s.b.w.embedded.tomcat.TomcatWebServer  : Tomcat started on port 8080 (http) with context path '/'
2025-03-25T14:38:01.945+05:30  INFO 36515 --- [Address Book] [restartedMain] c.e.addressbook.AddressBookApplication   : Started AddressBookApplication in 4.183 seconds (process running for 4.591)
2025-03-25T14:38:27.000+05:30  INFO 36515 --- [Address Book] [http-nio-8080-exec-1] o.a.c.c.C.[Tomcat].[localhost].[/]       : Initializing Spring DispatcherServlet 'dispatcherServlet'
2025-03-25T14:38:27.002+05:30  INFO 36515 --- [Address Book] [http-nio-8080-exec-1] o.s.web.servlet.DispatcherServlet        : Initializing Servlet 'dispatcherServlet'
2025-03-25T14:38:27.006+05:30  INFO 36515 --- [Address Book] [http-nio-8080-exec-1] o.s.web.servlet.DispatcherServlet        : Completed initialization in 4 ms
2025-03-25T14:38:27.024+05:30 DEBUG 36515 --- [Address Book] [http-nio-8080-exec-1] o.s.security.web.FilterChainProxy        : Securing OPTIONS /api/addressbook
2025-03-25T14:38:27.042+05:30 DEBUG 36515 --- [Address Book] [http-nio-8080-exec-2] o.s.security.web.FilterChainProxy        : Securing POST /api/addressbook
2025-03-25T14:38:27.045+05:30 DEBUG 36515 --- [Address Book] [http-nio-8080-exec-2] o.s.s.w.a.AnonymousAuthenticationFilter  : Set SecurityContextHolder to anonymous SecurityContext
2025-03-25T14:38:27.048+05:30 DEBUG 36515 --- [Address Book] [http-nio-8080-exec-2] o.s.security.web.FilterChainProxy        : Secured POST /api/addressbook
2025-03-25T14:38:27.203+05:30 DEBUG 36515 --- [Address Book] [http-nio-8080-exec-3] o.s.security.web.FilterChainProxy        : Securing GET /api/addressbook
2025-03-25T14:38:27.204+05:30 DEBUG 36515 --- [Address Book] [http-nio-8080-exec-3] o.s.s.w.a.AnonymousAuthenticationFilter  : Set SecurityContextHolder to anonymous SecurityContext
2025-03-25T14:38:27.205+05:30 DEBUG 36515 --- [Address Book] [http-nio-8080-exec-3] o.s.security.web.FilterChainProxy        : Secured GET /api/addressbook
2025-03-25T14:38:42.583+05:30 DEBUG 36515 --- [Address Book] [http-nio-8080-exec-5] o.s.security.web.FilterChainProxy        : Securing OPTIONS /api/addressbook
2025-03-25T14:38:42.589+05:30 DEBUG 36515 --- [Address Book] [http-nio-8080-exec-6] o.s.security.web.FilterChainProxy        : Securing POST /api/addressbook
2025-03-25T14:38:42.590+05:30 DEBUG 36515 --- [Address Book] [http-nio-8080-exec-6] o.s.s.w.a.AnonymousAuthenticationFilter  : Set SecurityContextHolder to anonymous SecurityContext
2025-03-25T14:38:42.591+05:30 DEBUG 36515 --- [Address Book] [http-nio-8080-exec-6] o.s.security.web.FilterChainProxy        : Secured POST /api/addressbook
2025-03-25T14:38:42.679+05:30 DEBUG 36515 --- [Address Book] [http-nio-8080-exec-7] o.s.security.web.FilterChainProxy        : Securing GET /api/addressbook
2025-03-25T14:38:42.681+05:30 DEBUG 36515 --- [Address Book] [http-nio-8080-exec-7] o.s.s.w.a.AnonymousAuthenticationFilter  : Set SecurityContextHolder to anonymous SecurityContext
2025-03-25T14:38:42.681+05:30 DEBUG 36515 --- [Address Book] [http-nio-8080-exec-7] o.s.security.web.FilterChainProxy        : Secured GET /api/addressbook
2025-03-25T14:38:45.553+05:30 DEBUG 36515 --- [Address Book] [http-nio-8080-exec-9] o.s.security.web.FilterChainProxy        : Securing OPTIONS /api/addressbook/1
2025-03-25T14:38:45.559+05:30 DEBUG 36515 --- [Address Book] [http-nio-8080-exec-10] o.s.security.web.FilterChainProxy        : Securing DELETE /api/addressbook/1
2025-03-25T14:38:45.562+05:30 DEBUG 36515 --- [Address Book] [http-nio-8080-exec-10] o.s.s.w.a.AnonymousAuthenticationFilter  : Set SecurityContextHolder to anonymous SecurityContext
2025-03-25T14:38:45.563+05:30 DEBUG 36515 --- [Address Book] [http-nio-8080-exec-10] o.s.security.web.FilterChainProxy        : Secured DELETE /api/addressbook/1
2025-03-25T14:38:45.579+05:30 DEBUG 36515 --- [Address Book] [http-nio-8080-exec-1] o.s.security.web.FilterChainProxy        : Securing GET /api/addressbook
2025-03-25T14:38:45.580+05:30 DEBUG 36515 --- [Address Book] [http-nio-8080-exec-1] o.s.s.w.a.AnonymousAuthenticationFilter  : Set SecurityContextHolder to anonymous SecurityContext
2025-03-25T14:38:45.581+05:30 DEBUG 36515 --- [Address Book] [http-nio-8080-exec-1] o.s.security.web.FilterChainProxy        : Secured GET /api/addressbook
2025-03-25T14:40:32.639+05:30 DEBUG 36515 --- [Address Book] [http-nio-8080-exec-3] o.s.security.web.FilterChainProxy        : Securing OPTIONS /api/addressbook/2
2025-03-25T14:40:32.648+05:30 DEBUG 36515 --- [Address Book] [http-nio-8080-exec-4] o.s.security.web.FilterChainProxy        : Securing PUT /api/addressbook/2
2025-03-25T14:40:32.651+05:30 DEBUG 36515 --- [Address Book] [http-nio-8080-exec-4] o.s.s.w.a.AnonymousAuthenticationFilter  : Set SecurityContextHolder to anonymous SecurityContext
2025-03-25T14:40:32.652+05:30 DEBUG 36515 --- [Address Book] [http-nio-8080-exec-4] o.s.security.web.FilterChainProxy        : Secured PUT /api/addressbook/2
2025-03-25T14:40:32.745+05:30 DEBUG 36515 --- [Address Book] [http-nio-8080-exec-5] o.s.security.web.FilterChainProxy        : Securing GET /api/addressbook
2025-03-25T14:40:32.746+05:30 DEBUG 36515 --- [Address Book] [http-nio-8080-exec-5] o.s.s.w.a.AnonymousAuthenticationFilter  : Set SecurityContextHolder to anonymous SecurityContext
2025-03-25T14:40:32.747+05:30 DEBUG 36515 --- [Address Book] [http-nio-8080-exec-5] o.s.security.web.FilterChainProxy        : Secured GET /api/addressbook
